"study_name","sample_id","subject_id","target_condition","target_condition_ontology_term_id","body_site","body_site_ontology_term_id","host_species","host_species_ontology_term_id","control","control_ontology_term_id","age","age_group","age_group_ontology_term_id","age_unit","age_unit_ontology_term_id","sex","sex_ontology_term_id","disease","disease_ontology_term_id","curator","uncurated_sample_name","uncurated_library_ID","uncurated_title","uncurated_DNA_extraction_kit","uncurated_library_strategy","uncurated_library_source","uncurated_library_selection","uncurated_library_layout","uncurated_platform","uncurated_instrument_model","uncurated_run_id","uncurated_run_date","uncurated_design_description","uncurated_filetype","uncurated_filename","uncurated_filename2","uncurated_filename3","uncurated_filename4","uncurated_assembly","uncurated_fasta_file","uncurated_geo_loc_name_country","uncurated_lat_lon","uncurated_collection_date","uncurated_cage","uncurated_mouse_id","uncurated_genotype","uncurated_age..months.","uncurated_Time.to.cross.challenge.beam..s.","uncurated_Adhesive.removal..s.","uncurated_Time.to.descend.Pole..s.","uncurated_Errors.on.beam.crossing..n.","uncurated_unitn_file_paths","uncurated_uuid","uncurated_HOST","uncurated_mouseID","uncurated_age..days.","uncurated_Cage","uncurated_Breeder","uncurated_event_description","uncurated_FMT.donor","uncurated_Weight..g.","uncurated_Gastric.Emptying.time..s.","uncurated_Bead.Expulsion.time..s.","uncurated_Fecal.Output..n.","uncurated_donor_abx_treatment","uncurated_donor_genotype","uncurated_donor_age..months.","uncurated_library.name","uncurated_concentration.ng.ul.","uncurated_volume.ul.","uncurated_library.size.bp.","uncurated_X..of.Reads..M.","uncurated_index.name.i7.i5.","uncurated_i7.Barcode.Sequence","uncurated_i5.Barcode.Sequence","uncurated_LibraryID","uncurated_library.type","uncurated_library.prep.kit","uncurated_Organism","uncurated_comments","uncurated_file_paths","uncurated_TGen_Subject_Name","uncurated_TGen_Sample_ID","uncurated_Subject_ID","uncurated_Sample_ID","uncurated_Index1","uncurated_Index2","uncurated_Flow_Cell_ID"
"MazmanianS_DeCastroFonsecaM_1","CALTEC-001-WT1_2mo","CALTEC-001-WT1_2mo","Parkinson Disease","NCIT:C26845","feces","UBERON:0001988","Mus musculus","NCBITaxon:10090","Study Control","NCIT:C142703","2",NA,NA,"Month","NCIT:C29846",NA,NA,NA,NA,"Kaelyn Long","CALTEC-001-WT1_2mo","CALTEC-001-WT1_2mo","Fecal metagenome of a 2-month-old wild-type mouse","QIAamp Fast DNA Stool Mini Kit","WGS","METAGENOMIC","RANDOM","paired","ILLUMINA","Illumina NovaSeq X Plus","435","3/7/25","DNA was isolated from one mouse stool sample pellet using the Qiagen FAST DNA stool mini kit following the manufacturers protocol. Libraries were prepared using the Illumina DNA Prep, (M) Tagmentation (96 Samples, IPB) kit (Illumina, #20060059). Sequencing was performed using Illumina NovaSeq X Plus aiming for 70 million reads per sample, with mean read length of 150 base pairs. Library preparation and Sequencing was performed by Prebiomics. Fastq files were uniformly processed using the curatedMetagenomicsNextflow pipeline (https://github.com/seandavi/curatedMetagenomicsNextflow) specifying the mouse reference genome in Trimmomatic.","fastq",NA,NA,NA,NA,NA,NA,"USA","34.1374596;-118.1268371","2024","1","WT_1","WT","2","4.81","7.45","11.34","0","/shares/CIBIO-Storage/CM/scratch/data/meta/CM_caltec_001_1024/CALTEC-001-WT1_2mo/CALTEC-001-WT1_2mo_R1.fastq.gz;/shares/CIBIO-Storage/CM/scratch/data/meta/CM_caltec_001_1024/CALTEC-001-WT1_2mo/CALTEC-001-WT1_2mo_R2.fastq.gz;","33e1965a-100e-45f1-a29e-3f480c5af8e1",NA,NA,NA,NA,NA,NA,NA,NA,NA,NA,NA,NA,NA,NA,NA,NA,NA,NA,NA,NA,NA,NA,NA,NA,NA,NA,NA,NA,NA,NA,NA,NA,NA,NA,NA
"MazmanianS_DeCastroFonsecaM_1","CALTEC-001-WT2_2mo","CALTEC-001-WT2_2mo","Parkinson Disease","NCIT:C26845","feces","UBERON:0001988","Mus musculus","NCBITaxon:10090","Study Control","NCIT:C142703","2",NA,NA,"Month","NCIT:C29846",NA,NA,NA,NA,"Kaelyn Long","CALTEC-001-WT2_2mo","CALTEC-001-WT2_2mo","Fecal metagenome of a 2-month-old wild-type mouse","QIAamp Fast DNA Stool Mini Kit","WGS","METAGENOMIC","RANDOM","paired","ILLUMINA","Illumina NovaSeq X Plus","435","3/7/25","DNA was isolated from one mouse stool sample pellet using the Qiagen FAST DNA stool mini kit following the manufacturers protocol. Libraries were prepared using the Illumina DNA Prep, (M) Tagmentation (96 Samples, IPB) kit (Illumina, #20060059). Sequencing was performed using Illumina NovaSeq X Plus aiming for 70 million reads per sample, with mean read length of 150 base pairs. Library preparation and Sequencing was performed by Prebiomics. Fastq files were uniformly processed using the curatedMetagenomicsNextflow pipeline (https://github.com/seandavi/curatedMetagenomicsNextflow) specifying the mouse reference genome in Trimmomatic.","fastq",NA,NA,NA,NA,NA,NA,"USA","34.1374596;-118.1268372","2024","1","WT_2","WT","2","8.11","5.19","6.7","3","/shares/CIBIO-Storage/CM/scratch/data/meta/CM_caltec_001_1024/CALTEC-001-WT2_2mo/CALTEC-001-WT2_2mo_R1.fastq.gz;/shares/CIBIO-Storage/CM/scratch/data/meta/CM_caltec_001_1024/CALTEC-001-WT2_2mo/CALTEC-001-WT2_2mo_R2.fastq.gz;","769f6548-3e2e-4cd6-9445-0fca5ee50479",NA,NA,NA,NA,NA,NA,NA,NA,NA,NA,NA,NA,NA,NA,NA,NA,NA,NA,NA,NA,NA,NA,NA,NA,NA,NA,NA,NA,NA,NA,NA,NA,NA,NA,NA
"MazmanianS_DeCastroFonsecaM_1","CALTEC-001-WT3_2mo","CALTEC-001-WT3_2mo","Parkinson Disease","NCIT:C26845","feces","UBERON:0001988","Mus musculus","NCBITaxon:10090","Study Control","NCIT:C142703","2",NA,NA,"Month","NCIT:C29846",NA,NA,NA,NA,"Kaelyn Long","CALTEC-001-WT3_2mo","CALTEC-001-WT3_2mo","Fecal metagenome of a 2-month-old wild-type mouse","QIAamp Fast DNA Stool Mini Kit","WGS","METAGENOMIC","RANDOM","paired","ILLUMINA","Illumina NovaSeq X Plus","435","3/7/25","DNA was isolated from one mouse stool sample pellet using the Qiagen FAST DNA stool mini kit following the manufacturers protocol. Libraries were prepared using the Illumina DNA Prep, (M) Tagmentation (96 Samples, IPB) kit (Illumina, #20060059). Sequencing was performed using Illumina NovaSeq X Plus aiming for 70 million reads per sample, with mean read length of 150 base pairs. Library preparation and Sequencing was performed by Prebiomics. Fastq files were uniformly processed using the curatedMetagenomicsNextflow pipeline (https://github.com/seandavi/curatedMetagenomicsNextflow) specifying the mouse reference genome in Trimmomatic.","fastq",NA,NA,NA,NA,NA,NA,"USA","34.1374596;-118.1268373","2024","1","WT_3","WT","2","23.74","1.54","10.46","1","/shares/CIBIO-Storage/CM/scratch/data/meta/CM_caltec_001_1024/CALTEC-001-WT3_2mo/CALTEC-001-WT3_2mo_R1.fastq.gz;/shares/CIBIO-Storage/CM/scratch/data/meta/CM_caltec_001_1024/CALTEC-001-WT3_2mo/CALTEC-001-WT3_2mo_R2.fastq.gz;","e54f24cc-249a-4882-9202-f640af2c1e8e",NA,NA,NA,NA,NA,NA,NA,NA,NA,NA,NA,NA,NA,NA,NA,NA,NA,NA,NA,NA,NA,NA,NA,NA,NA,NA,NA,NA,NA,NA,NA,NA,NA,NA,NA
"MazmanianS_DeCastroFonsecaM_1","CALTEC-001-WT4_2mo","CALTEC-001-WT4_2mo","Parkinson Disease","NCIT:C26845","feces","UBERON:0001988","Mus musculus","NCBITaxon:10090","Study Control","NCIT:C142703","2",NA,NA,"Month","NCIT:C29846",NA,NA,NA,NA,"Kaelyn Long","CALTEC-001-WT4_2mo","CALTEC-001-WT4_2mo","Fecal metagenome of a 2-month-old wild-type mouse","QIAamp Fast DNA Stool Mini Kit","WGS","METAGENOMIC","RANDOM","paired","ILLUMINA","Illumina NovaSeq X Plus","435","3/7/25","DNA was isolated from one mouse stool sample pellet using the Qiagen FAST DNA stool mini kit following the manufacturers protocol. Libraries were prepared using the Illumina DNA Prep, (M) Tagmentation (96 Samples, IPB) kit (Illumina, #20060059). Sequencing was performed using Illumina NovaSeq X Plus aiming for 70 million reads per sample, with mean read length of 150 base pairs. Library preparation and Sequencing was performed by Prebiomics. Fastq files were uniformly processed using the curatedMetagenomicsNextflow pipeline (https://github.com/seandavi/curatedMetagenomicsNextflow) specifying the mouse reference genome in Trimmomatic.","fastq",NA,NA,NA,NA,NA,NA,"USA","34.1374596;-118.1268374","2024","1","WT_4","WT","2","7.04","3.12","10.46","1","/shares/CIBIO-Storage/CM/scratch/data/meta/CM_caltec_001_1024/CALTEC-001-WT4_2mo/CALTEC-001-WT4_2mo_R1.fastq.gz;/shares/CIBIO-Storage/CM/scratch/data/meta/CM_caltec_001_1024/CALTEC-001-WT4_2mo/CALTEC-001-WT4_2mo_R2.fastq.gz;","c152dda1-5d4b-4a66-af63-43d0ad04f8d8",NA,NA,NA,NA,NA,NA,NA,NA,NA,NA,NA,NA,NA,NA,NA,NA,NA,NA,NA,NA,NA,NA,NA,NA,NA,NA,NA,NA,NA,NA,NA,NA,NA,NA,NA
"MazmanianS_DeCastroFonsecaM_1","CALTEC-001-WT5_2mo","CALTEC-001-WT5_2mo","Parkinson Disease","NCIT:C26845","feces","UBERON:0001988","Mus musculus","NCBITaxon:10090","Study Control","NCIT:C142703","2",NA,NA,"Month","NCIT:C29846",NA,NA,NA,NA,"Kaelyn Long","CALTEC-001-WT5_2mo","CALTEC-001-WT5_2mo","Fecal metagenome of a 2-month-old wild-type mouse","QIAamp Fast DNA Stool Mini Kit","WGS","METAGENOMIC","RANDOM","paired","ILLUMINA","Illumina NovaSeq X Plus","435","3/7/25","DNA was isolated from one mouse stool sample pellet using the Qiagen FAST DNA stool mini kit following the manufacturers protocol. Libraries were prepared using the Illumina DNA Prep, (M) Tagmentation (96 Samples, IPB) kit (Illumina, #20060059). Sequencing was performed using Illumina NovaSeq X Plus aiming for 70 million reads per sample, with mean read length of 150 base pairs. Library preparation and Sequencing was performed by Prebiomics. Fastq files were uniformly processed using the curatedMetagenomicsNextflow pipeline (https://github.com/seandavi/curatedMetagenomicsNextflow) specifying the mouse reference genome in Trimmomatic.","fastq",NA,NA,NA,NA,NA,NA,"USA","34.1374596;-118.1268375","2024","1","WT_5","WT","2","8.97","3.46","11.42","0","/shares/CIBIO-Storage/CM/scratch/data/meta/CM_caltec_001_1024/CALTEC-001-WT5_2mo/CALTEC-001-WT5_2mo_R1.fastq.gz;/shares/CIBIO-Storage/CM/scratch/data/meta/CM_caltec_001_1024/CALTEC-001-WT5_2mo/CALTEC-001-WT5_2mo_R2.fastq.gz;","713b64b4-e75c-4c67-87df-56b8785f5db2",NA,NA,NA,NA,NA,NA,NA,NA,NA,NA,NA,NA,NA,NA,NA,NA,NA,NA,NA,NA,NA,NA,NA,NA,NA,NA,NA,NA,NA,NA,NA,NA,NA,NA,NA
"MazmanianS_DeCastroFonsecaM_1","CALTEC-001-WT6_2mo","CALTEC-001-WT6_2mo","Parkinson Disease","NCIT:C26845","feces","UBERON:0001988","Mus musculus","NCBITaxon:10090","Study Control","NCIT:C142703","2",NA,NA,"Month","NCIT:C29846",NA,NA,NA,NA,"Kaelyn Long","CALTEC-001-WT6_2mo","CALTEC-001-WT6_2mo","Fecal metagenome of a 2-month-old wild-type mouse","QIAamp Fast DNA Stool Mini Kit","WGS","METAGENOMIC","RANDOM","paired","ILLUMINA","Illumina NovaSeq X Plus","435","3/7/25","DNA was isolated from one mouse stool sample pellet using the Qiagen FAST DNA stool mini kit following the manufacturers protocol. Libraries were prepared using the Illumina DNA Prep, (M) Tagmentation (96 Samples, IPB) kit (Illumina, #20060059). Sequencing was performed using Illumina NovaSeq X Plus aiming for 70 million reads per sample, with mean read length of 150 base pairs. Library preparation and Sequencing was performed by Prebiomics. Fastq files were uniformly processed using the curatedMetagenomicsNextflow pipeline (https://github.com/seandavi/curatedMetagenomicsNextflow) specifying the mouse reference genome in Trimmomatic.","fastq",NA,NA,NA,NA,NA,NA,"USA","34.1374596;-118.1268376","2024","2","WT_6","WT","2","11.84","7.96","5.37","0","/shares/CIBIO-Storage/CM/scratch/data/meta/CM_caltec_001_1024/CALTEC-001-WT6_2mo/CALTEC-001-WT6_2mo_R1.fastq.gz;/shares/CIBIO-Storage/CM/scratch/data/meta/CM_caltec_001_1024/CALTEC-001-WT6_2mo/CALTEC-001-WT6_2mo_R2.fastq.gz;","ab04a4ee-8165-49fa-bd07-9e1fff4241c6",NA,NA,NA,NA,NA,NA,NA,NA,NA,NA,NA,NA,NA,NA,NA,NA,NA,NA,NA,NA,NA,NA,NA,NA,NA,NA,NA,NA,NA,NA,NA,NA,NA,NA,NA
"MazmanianS_DeCastroFonsecaM_1","CALTEC-001-WT7_2mo","CALTEC-001-WT7_2mo","Parkinson Disease","NCIT:C26845","feces","UBERON:0001988","Mus musculus","NCBITaxon:10090","Study Control","NCIT:C142703","2",NA,NA,"Month","NCIT:C29846",NA,NA,NA,NA,"Kaelyn Long","CALTEC-001-WT7_2mo","CALTEC-001-WT7_2mo","Fecal metagenome of a 2-month-old wild-type mouse","QIAamp Fast DNA Stool Mini Kit","WGS","METAGENOMIC","RANDOM","paired","ILLUMINA","Illumina NovaSeq X Plus","435","3/7/25","DNA was isolated from one mouse stool sample pellet using the Qiagen FAST DNA stool mini kit following the manufacturers protocol. Libraries were prepared using the Illumina DNA Prep, (M) Tagmentation (96 Samples, IPB) kit (Illumina, #20060059). Sequencing was performed using Illumina NovaSeq X Plus aiming for 70 million reads per sample, with mean read length of 150 base pairs. Library preparation and Sequencing was performed by Prebiomics. Fastq files were uniformly processed using the curatedMetagenomicsNextflow pipeline (https://github.com/seandavi/curatedMetagenomicsNextflow) specifying the mouse reference genome in Trimmomatic.","fastq",NA,NA,NA,NA,NA,NA,"USA","34.1374596;-118.1268377","2024","2","WT_7","WT","2","5.6","4.5","6.3","0","/shares/CIBIO-Storage/CM/scratch/data/meta/CM_caltec_001_1024/CALTEC-001-WT7_2mo/CALTEC-001-WT7_2mo_R1.fastq.gz;/shares/CIBIO-Storage/CM/scratch/data/meta/CM_caltec_001_1024/CALTEC-001-WT7_2mo/CALTEC-001-WT7_2mo_R2.fastq.gz;","2a6d1bae-3329-4c0f-852e-5d0fa232989c",NA,NA,NA,NA,NA,NA,NA,NA,NA,NA,NA,NA,NA,NA,NA,NA,NA,NA,NA,NA,NA,NA,NA,NA,NA,NA,NA,NA,NA,NA,NA,NA,NA,NA,NA
"MazmanianS_DeCastroFonsecaM_1","CALTEC-001-WT8_2mo","CALTEC-001-WT8_2mo","Parkinson Disease","NCIT:C26845","feces","UBERON:0001988","Mus musculus","NCBITaxon:10090","Study Control","NCIT:C142703","2",NA,NA,"Month","NCIT:C29846",NA,NA,NA,NA,"Kaelyn Long","CALTEC-001-WT8_2mo","CALTEC-001-WT8_2mo","Fecal metagenome of a 2-month-old wild-type mouse","QIAamp Fast DNA Stool Mini Kit","WGS","METAGENOMIC","RANDOM","paired","ILLUMINA","Illumina NovaSeq X Plus","435","3/7/25","DNA was isolated from one mouse stool sample pellet using the Qiagen FAST DNA stool mini kit following the manufacturers protocol. Libraries were prepared using the Illumina DNA Prep, (M) Tagmentation (96 Samples, IPB) kit (Illumina, #20060059). Sequencing was performed using Illumina NovaSeq X Plus aiming for 70 million reads per sample, with mean read length of 150 base pairs. Library preparation and Sequencing was performed by Prebiomics. Fastq files were uniformly processed using the curatedMetagenomicsNextflow pipeline (https://github.com/seandavi/curatedMetagenomicsNextflow) specifying the mouse reference genome in Trimmomatic.","fastq",NA,NA,NA,NA,NA,NA,"USA","34.1374596;-118.1268378","2024","2","WT_8","WT","2","4.5","3.5","5.6","1","/shares/CIBIO-Storage/CM/scratch/data/meta/CM_caltec_001_1024/CALTEC-001-WT8_2mo/CALTEC-001-WT8_2mo_R1.fastq.gz;/shares/CIBIO-Storage/CM/scratch/data/meta/CM_caltec_001_1024/CALTEC-001-WT8_2mo/CALTEC-001-WT8_2mo_R2.fastq.gz;","23f1dd24-2bfa-449a-a624-ac6dedd9edca",NA,NA,NA,NA,NA,NA,NA,NA,NA,NA,NA,NA,NA,NA,NA,NA,NA,NA,NA,NA,NA,NA,NA,NA,NA,NA,NA,NA,NA,NA,NA,NA,NA,NA,NA
"MazmanianS_DeCastroFonsecaM_1","CALTEC-001-WT9_2mo","CALTEC-001-WT9_2mo","Parkinson Disease","NCIT:C26845","feces","UBERON:0001988","Mus musculus","NCBITaxon:10090","Study Control","NCIT:C142703","2",NA,NA,"Month","NCIT:C29846",NA,NA,NA,NA,"Kaelyn Long","CALTEC-001-WT9_2mo","CALTEC-001-WT9_2mo","Fecal metagenome of a 2-month-old wild-type mouse","QIAamp Fast DNA Stool Mini Kit","WGS","METAGENOMIC","RANDOM","paired","ILLUMINA","Illumina NovaSeq X Plus","435","3/7/25","DNA was isolated from one mouse stool sample pellet using the Qiagen FAST DNA stool mini kit following the manufacturers protocol. Libraries were prepared using the Illumina DNA Prep, (M) Tagmentation (96 Samples, IPB) kit (Illumina, #20060059). Sequencing was performed using Illumina NovaSeq X Plus aiming for 70 million reads per sample, with mean read length of 150 base pairs. Library preparation and Sequencing was performed by Prebiomics. Fastq files were uniformly processed using the curatedMetagenomicsNextflow pipeline (https://github.com/seandavi/curatedMetagenomicsNextflow) specifying the mouse reference genome in Trimmomatic.","fastq",NA,NA,NA,NA,NA,NA,"USA","34.1374596;-118.1268379","2024","2","WT_9","WT","2","5.6","3.54","3.45","2","/shares/CIBIO-Storage/CM/scratch/data/meta/CM_caltec_001_1024/CALTEC-001-WT9_2mo/CALTEC-001-WT9_2mo_R1.fastq.gz;/shares/CIBIO-Storage/CM/scratch/data/meta/CM_caltec_001_1024/CALTEC-001-WT9_2mo/CALTEC-001-WT9_2mo_R2.fastq.gz;","42567d6b-981d-41c5-b82d-8e8dcc44baba",NA,NA,NA,NA,NA,NA,NA,NA,NA,NA,NA,NA,NA,NA,NA,NA,NA,NA,NA,NA,NA,NA,NA,NA,NA,NA,NA,NA,NA,NA,NA,NA,NA,NA,NA
"MazmanianS_DeCastroFonsecaM_1","CALTEC-001-WT10_2mo","CALTEC-001-WT10_2mo","Parkinson Disease","NCIT:C26845","feces","UBERON:0001988","Mus musculus","NCBITaxon:10090","Study Control","NCIT:C142703","2",NA,NA,"Month","NCIT:C29846",NA,NA,NA,NA,"Kaelyn Long","CALTEC-001-WT10_2mo","CALTEC-001-WT10_2mo","Fecal metagenome of a 2-month-old wild-type mouse","QIAamp Fast DNA Stool Mini Kit","WGS","METAGENOMIC","RANDOM","paired","ILLUMINA","Illumina NovaSeq X Plus","435","3/7/25","DNA was isolated from one mouse stool sample pellet using the Qiagen FAST DNA stool mini kit following the manufacturers protocol. Libraries were prepared using the Illumina DNA Prep, (M) Tagmentation (96 Samples, IPB) kit (Illumina, #20060059). Sequencing was performed using Illumina NovaSeq X Plus aiming for 70 million reads per sample, with mean read length of 150 base pairs. Library preparation and Sequencing was performed by Prebiomics. Fastq files were uniformly processed using the curatedMetagenomicsNextflow pipeline (https://github.com/seandavi/curatedMetagenomicsNextflow) specifying the mouse reference genome in Trimmomatic.","fastq",NA,NA,NA,NA,NA,NA,"USA","34.1374596;-118.1268380","2024","2","WT_10","WT","2","4.6","4.6","4.78","1","/shares/CIBIO-Storage/CM/scratch/data/meta/CM_caltec_001_1024/CALTEC-001-WT10_2mo/CALTEC-001-WT10_2mo_R1.fastq.gz;/shares/CIBIO-Storage/CM/scratch/data/meta/CM_caltec_001_1024/CALTEC-001-WT10_2mo/CALTEC-001-WT10_2mo_R2.fastq.gz;","bc22379e-4c05-4700-9a40-fa6fed718ea6",NA,NA,NA,NA,NA,NA,NA,NA,NA,NA,NA,NA,NA,NA,NA,NA,NA,NA,NA,NA,NA,NA,NA,NA,NA,NA,NA,NA,NA,NA,NA,NA,NA,NA,NA
"MazmanianS_DeCastroFonsecaM_1","CALTEC-001-WT1_5mo","CALTEC-001-WT1_5mo","Parkinson Disease","NCIT:C26845","feces","UBERON:0001988","Mus musculus","NCBITaxon:10090","Study Control","NCIT:C142703","5",NA,NA,"Month","NCIT:C29846",NA,NA,NA,NA,"Kaelyn Long","CALTEC-001-WT1_5mo","CALTEC-001-WT1_5mo","Fecal metagenome of a 5-month-old wild-type mouse","QIAamp Fast DNA Stool Mini Kit","WGS","METAGENOMIC","RANDOM","paired","ILLUMINA","Illumina NovaSeq X Plus","435","3/7/25","DNA was isolated from one mouse stool sample pellet using the Qiagen FAST DNA stool mini kit following the manufacturers protocol. Libraries were prepared using the Illumina DNA Prep, (M) Tagmentation (96 Samples, IPB) kit (Illumina, #20060059). Sequencing was performed using Illumina NovaSeq X Plus aiming for 70 million reads per sample, with mean read length of 150 base pairs. Library preparation and Sequencing was performed by Prebiomics. Fastq files were uniformly processed using the curatedMetagenomicsNextflow pipeline (https://github.com/seandavi/curatedMetagenomicsNextflow) specifying the mouse reference genome in Trimmomatic.","fastq",NA,NA,NA,NA,NA,NA,"USA","34.1374596;-118.1268381","2024","3","WT_1","WT","5","24.69","3.91","8.02","3","/shares/CIBIO-Storage/CM/scratch/data/meta/CM_caltec_001_1024/CALTEC-001-WT1_5mo/CALTEC-001-WT1_5mo_R1.fastq.gz;/shares/CIBIO-Storage/CM/scratch/data/meta/CM_caltec_001_1024/CALTEC-001-WT1_5mo/CALTEC-001-WT1_5mo_R2.fastq.gz;","57a869a9-bb46-4eb3-94bb-1072f929ed25",NA,NA,NA,NA,NA,NA,NA,NA,NA,NA,NA,NA,NA,NA,NA,NA,NA,NA,NA,NA,NA,NA,NA,NA,NA,NA,NA,NA,NA,NA,NA,NA,NA,NA,NA
"MazmanianS_DeCastroFonsecaM_1","CALTEC-001-WT2_5mo","CALTEC-001-WT2_5mo","Parkinson Disease","NCIT:C26845","feces","UBERON:0001988","Mus musculus","NCBITaxon:10090","Study Control","NCIT:C142703","5",NA,NA,"Month","NCIT:C29846",NA,NA,NA,NA,"Kaelyn Long","CALTEC-001-WT2_5mo","CALTEC-001-WT2_5mo","Fecal metagenome of a 5-month-old wild-type mouse","QIAamp Fast DNA Stool Mini Kit","WGS","METAGENOMIC","RANDOM","paired","ILLUMINA","Illumina NovaSeq X Plus","435","3/7/25","DNA was isolated from one mouse stool sample pellet using the Qiagen FAST DNA stool mini kit following the manufacturers protocol. Libraries were prepared using the Illumina DNA Prep, (M) Tagmentation (96 Samples, IPB) kit (Illumina, #20060059). Sequencing was performed using Illumina NovaSeq X Plus aiming for 70 million reads per sample, with mean read length of 150 base pairs. Library preparation and Sequencing was performed by Prebiomics. Fastq files were uniformly processed using the curatedMetagenomicsNextflow pipeline (https://github.com/seandavi/curatedMetagenomicsNextflow) specifying the mouse reference genome in Trimmomatic.","fastq",NA,NA,NA,NA,NA,NA,"USA","34.1374596;-118.1268382","2024","3","WT_2","WT","5","12.22","1.78","3.27","0","/shares/CIBIO-Storage/CM/scratch/data/meta/CM_caltec_001_1024/CALTEC-001-WT2_5mo/CALTEC-001-WT2_5mo_R1.fastq.gz;/shares/CIBIO-Storage/CM/scratch/data/meta/CM_caltec_001_1024/CALTEC-001-WT2_5mo/CALTEC-001-WT2_5mo_R2.fastq.gz;","382a8fcb-ece9-4e23-9a20-9bd70a86d039",NA,NA,NA,NA,NA,NA,NA,NA,NA,NA,NA,NA,NA,NA,NA,NA,NA,NA,NA,NA,NA,NA,NA,NA,NA,NA,NA,NA,NA,NA,NA,NA,NA,NA,NA
"MazmanianS_DeCastroFonsecaM_1","CALTEC-001-WT3_5mo","CALTEC-001-WT3_5mo","Parkinson Disease","NCIT:C26845","feces","UBERON:0001988","Mus musculus","NCBITaxon:10090","Study Control","NCIT:C142703","5",NA,NA,"Month","NCIT:C29846",NA,NA,NA,NA,"Kaelyn Long","CALTEC-001-WT3_5mo","CALTEC-001-WT3_5mo","Fecal metagenome of a 5-month-old wild-type mouse","QIAamp Fast DNA Stool Mini Kit","WGS","METAGENOMIC","RANDOM","paired","ILLUMINA","Illumina NovaSeq X Plus","435","3/7/25","DNA was isolated from one mouse stool sample pellet using the Qiagen FAST DNA stool mini kit following the manufacturers protocol. Libraries were prepared using the Illumina DNA Prep, (M) Tagmentation (96 Samples, IPB) kit (Illumina, #20060059). Sequencing was performed using Illumina NovaSeq X Plus aiming for 70 million reads per sample, with mean read length of 150 base pairs. Library preparation and Sequencing was performed by Prebiomics. Fastq files were uniformly processed using the curatedMetagenomicsNextflow pipeline (https://github.com/seandavi/curatedMetagenomicsNextflow) specifying the mouse reference genome in Trimmomatic.","fastq",NA,NA,NA,NA,NA,NA,"USA","34.1374596;-118.1268383","2024","3","WT_3","WT","5","10.23","3.92","7.21","1","/shares/CIBIO-Storage/CM/scratch/data/meta/CM_caltec_001_1024/CALTEC-001-WT3_5mo/CALTEC-001-WT3_5mo_R1.fastq.gz;/shares/CIBIO-Storage/CM/scratch/data/meta/CM_caltec_001_1024/CALTEC-001-WT3_5mo/CALTEC-001-WT3_5mo_R2.fastq.gz;","6e7ed18a-bb8d-494d-849d-fcf7a44328d9",NA,NA,NA,NA,NA,NA,NA,NA,NA,NA,NA,NA,NA,NA,NA,NA,NA,NA,NA,NA,NA,NA,NA,NA,NA,NA,NA,NA,NA,NA,NA,NA,NA,NA,NA
"MazmanianS_DeCastroFonsecaM_1","CALTEC-001-WT4_5mo","CALTEC-001-WT4_5mo","Parkinson Disease","NCIT:C26845","feces","UBERON:0001988","Mus musculus","NCBITaxon:10090","Study Control","NCIT:C142703","5",NA,NA,"Month","NCIT:C29846",NA,NA,NA,NA,"Kaelyn Long","CALTEC-001-WT4_5mo","CALTEC-001-WT4_5mo","Fecal metagenome of a 5-month-old wild-type mouse","QIAamp Fast DNA Stool Mini Kit","WGS","METAGENOMIC","RANDOM","paired","ILLUMINA","Illumina NovaSeq X Plus","435","3/7/25","DNA was isolated from one mouse stool sample pellet using the Qiagen FAST DNA stool mini kit following the manufacturers protocol. Libraries were prepared using the Illumina DNA Prep, (M) Tagmentation (96 Samples, IPB) kit (Illumina, #20060059). Sequencing was performed using Illumina NovaSeq X Plus aiming for 70 million reads per sample, with mean read length of 150 base pairs. Library preparation and Sequencing was performed by Prebiomics. Fastq files were uniformly processed using the curatedMetagenomicsNextflow pipeline (https://github.com/seandavi/curatedMetagenomicsNextflow) specifying the mouse reference genome in Trimmomatic.","fastq",NA,NA,NA,NA,NA,NA,"USA","34.1374596;-118.1268384","2024","3","WT_4","WT","5","9","1.38","8.63","1","/shares/CIBIO-Storage/CM/scratch/data/meta/CM_caltec_001_1024/CALTEC-001-WT4_5mo/CALTEC-001-WT4_5mo_R1.fastq.gz;/shares/CIBIO-Storage/CM/scratch/data/meta/CM_caltec_001_1024/CALTEC-001-WT4_5mo/CALTEC-001-WT4_5mo_R2.fastq.gz;","ea477b50-27bd-4422-805c-10ad734486b5",NA,NA,NA,NA,NA,NA,NA,NA,NA,NA,NA,NA,NA,NA,NA,NA,NA,NA,NA,NA,NA,NA,NA,NA,NA,NA,NA,NA,NA,NA,NA,NA,NA,NA,NA
"MazmanianS_DeCastroFonsecaM_1","CALTEC-001-WT5_5mo","CALTEC-001-WT5_5mo","Parkinson Disease","NCIT:C26845","feces","UBERON:0001988","Mus musculus","NCBITaxon:10090","Study Control","NCIT:C142703","5",NA,NA,"Month","NCIT:C29846",NA,NA,NA,NA,"Kaelyn Long","CALTEC-001-WT5_5mo","CALTEC-001-WT5_5mo","Fecal metagenome of a 5-month-old wild-type mouse","QIAamp Fast DNA Stool Mini Kit","WGS","METAGENOMIC","RANDOM","paired","ILLUMINA","Illumina NovaSeq X Plus","435","3/7/25","DNA was isolated from one mouse stool sample pellet using the Qiagen FAST DNA stool mini kit following the manufacturers protocol. Libraries were prepared using the Illumina DNA Prep, (M) Tagmentation (96 Samples, IPB) kit (Illumina, #20060059). Sequencing was performed using Illumina NovaSeq X Plus aiming for 70 million reads per sample, with mean read length of 150 base pairs. Library preparation and Sequencing was performed by Prebiomics. Fastq files were uniformly processed using the curatedMetagenomicsNextflow pipeline (https://github.com/seandavi/curatedMetagenomicsNextflow) specifying the mouse reference genome in Trimmomatic.","fastq",NA,NA,NA,NA,NA,NA,"USA","34.1374596;-118.1268385","2024","3","WT_5","WT","5","10.67","6","11.19","1","/shares/CIBIO-Storage/CM/scratch/data/meta/CM_caltec_001_1024/CALTEC-001-WT5_5mo/CALTEC-001-WT5_5mo_R1.fastq.gz;/shares/CIBIO-Storage/CM/scratch/data/meta/CM_caltec_001_1024/CALTEC-001-WT5_5mo/CALTEC-001-WT5_5mo_R2.fastq.gz;","f3c0edf9-19ba-4133-ac16-c236271b925e",NA,NA,NA,NA,NA,NA,NA,NA,NA,NA,NA,NA,NA,NA,NA,NA,NA,NA,NA,NA,NA,NA,NA,NA,NA,NA,NA,NA,NA,NA,NA,NA,NA,NA,NA
"MazmanianS_DeCastroFonsecaM_1","CALTEC-001-WT6_5mo","CALTEC-001-WT6_5mo","Parkinson Disease","NCIT:C26845","feces","UBERON:0001988","Mus musculus","NCBITaxon:10090","Study Control","NCIT:C142703","5",NA,NA,"Month","NCIT:C29846",NA,NA,NA,NA,"Kaelyn Long","CALTEC-001-WT6_5mo","CALTEC-001-WT6_5mo","Fecal metagenome of a 5-month-old wild-type mouse","QIAamp Fast DNA Stool Mini Kit","WGS","METAGENOMIC","RANDOM","paired","ILLUMINA","Illumina NovaSeq X Plus","435","3/7/25","DNA was isolated from one mouse stool sample pellet using the Qiagen FAST DNA stool mini kit following the manufacturers protocol. Libraries were prepared using the Illumina DNA Prep, (M) Tagmentation (96 Samples, IPB) kit (Illumina, #20060059). Sequencing was performed using Illumina NovaSeq X Plus aiming for 70 million reads per sample, with mean read length of 150 base pairs. Library preparation and Sequencing was performed by Prebiomics. Fastq files were uniformly processed using the curatedMetagenomicsNextflow pipeline (https://github.com/seandavi/curatedMetagenomicsNextflow) specifying the mouse reference genome in Trimmomatic.","fastq",NA,NA,NA,NA,NA,NA,"USA","34.1374596;-118.1268386","2024","4","WT_6","WT","5","17.92","8.91","10.2","2","/shares/CIBIO-Storage/CM/scratch/data/meta/CM_caltec_001_1024/CALTEC-001-WT6_5mo/CALTEC-001-WT6_5mo_R1.fastq.gz;/shares/CIBIO-Storage/CM/scratch/data/meta/CM_caltec_001_1024/CALTEC-001-WT6_5mo/CALTEC-001-WT6_5mo_R2.fastq.gz;","0d168a1f-5792-4053-8c64-afd3367ff5b9",NA,NA,NA,NA,NA,NA,NA,NA,NA,NA,NA,NA,NA,NA,NA,NA,NA,NA,NA,NA,NA,NA,NA,NA,NA,NA,NA,NA,NA,NA,NA,NA,NA,NA,NA
"MazmanianS_DeCastroFonsecaM_1","CALTEC-001-WT7_5mo","CALTEC-001-WT7_5mo","Parkinson Disease","NCIT:C26845","feces","UBERON:0001988","Mus musculus","NCBITaxon:10090","Study Control","NCIT:C142703","5",NA,NA,"Month","NCIT:C29846",NA,NA,NA,NA,"Kaelyn Long","CALTEC-001-WT7_5mo","CALTEC-001-WT7_5mo","Fecal metagenome of a 5-month-old wild-type mouse","QIAamp Fast DNA Stool Mini Kit","WGS","METAGENOMIC","RANDOM","paired","ILLUMINA","Illumina NovaSeq X Plus","435","3/7/25","DNA was isolated from one mouse stool sample pellet using the Qiagen FAST DNA stool mini kit following the manufacturers protocol. Libraries were prepared using the Illumina DNA Prep, (M) Tagmentation (96 Samples, IPB) kit (Illumina, #20060059). Sequencing was performed using Illumina NovaSeq X Plus aiming for 70 million reads per sample, with mean read length of 150 base pairs. Library preparation and Sequencing was performed by Prebiomics. Fastq files were uniformly processed using the curatedMetagenomicsNextflow pipeline (https://github.com/seandavi/curatedMetagenomicsNextflow) specifying the mouse reference genome in Trimmomatic.","fastq",NA,NA,NA,NA,NA,NA,"USA","34.1374596;-118.1268387","2024","4","WT_7","WT","5","10.82","5.2","5.61","0","/shares/CIBIO-Storage/CM/scratch/data/meta/CM_caltec_001_1024/CALTEC-001-WT7_5mo/CALTEC-001-WT7_5mo_R1.fastq.gz;/shares/CIBIO-Storage/CM/scratch/data/meta/CM_caltec_001_1024/CALTEC-001-WT7_5mo/CALTEC-001-WT7_5mo_R2.fastq.gz;","7a9cfbf4-b223-46b7-bd21-738cf97cc347",NA,NA,NA,NA,NA,NA,NA,NA,NA,NA,NA,NA,NA,NA,NA,NA,NA,NA,NA,NA,NA,NA,NA,NA,NA,NA,NA,NA,NA,NA,NA,NA,NA,NA,NA
"MazmanianS_DeCastroFonsecaM_1","CALTEC-001-WT8_5mo","CALTEC-001-WT8_5mo","Parkinson Disease","NCIT:C26845","feces","UBERON:0001988","Mus musculus","NCBITaxon:10090","Study Control","NCIT:C142703","5",NA,NA,"Month","NCIT:C29846",NA,NA,NA,NA,"Kaelyn Long","CALTEC-001-WT8_5mo","CALTEC-001-WT8_5mo","Fecal metagenome of a 5-month-old wild-type mouse","QIAamp Fast DNA Stool Mini Kit","WGS","METAGENOMIC","RANDOM","paired","ILLUMINA","Illumina NovaSeq X Plus","435","3/7/25","DNA was isolated from one mouse stool sample pellet using the Qiagen FAST DNA stool mini kit following the manufacturers protocol. Libraries were prepared using the Illumina DNA Prep, (M) Tagmentation (96 Samples, IPB) kit (Illumina, #20060059). Sequencing was performed using Illumina NovaSeq X Plus aiming for 70 million reads per sample, with mean read length of 150 base pairs. Library preparation and Sequencing was performed by Prebiomics. Fastq files were uniformly processed using the curatedMetagenomicsNextflow pipeline (https://github.com/seandavi/curatedMetagenomicsNextflow) specifying the mouse reference genome in Trimmomatic.","fastq",NA,NA,NA,NA,NA,NA,"USA","34.1374596;-118.1268388","2024","4","WT_8","WT","5","8.01","10.63","17.01","1","/shares/CIBIO-Storage/CM/scratch/data/meta/CM_caltec_001_1024/CALTEC-001-WT8_5mo/CALTEC-001-WT8_5mo_R1.fastq.gz;/shares/CIBIO-Storage/CM/scratch/data/meta/CM_caltec_001_1024/CALTEC-001-WT8_5mo/CALTEC-001-WT8_5mo_R2.fastq.gz;","ffe30850-6b0d-4ffb-bc3c-9174d2333b7b",NA,NA,NA,NA,NA,NA,NA,NA,NA,NA,NA,NA,NA,NA,NA,NA,NA,NA,NA,NA,NA,NA,NA,NA,NA,NA,NA,NA,NA,NA,NA,NA,NA,NA,NA
"MazmanianS_DeCastroFonsecaM_1","CALTEC-001-WT9_5mo","CALTEC-001-WT9_5mo","Parkinson Disease","NCIT:C26845","feces","UBERON:0001988","Mus musculus","NCBITaxon:10090","Study Control","NCIT:C142703","5",NA,NA,"Month","NCIT:C29846",NA,NA,NA,NA,"Kaelyn Long","CALTEC-001-WT9_5mo","CALTEC-001-WT9_5mo","Fecal metagenome of a 5-month-old wild-type mouse","QIAamp Fast DNA Stool Mini Kit","WGS","METAGENOMIC","RANDOM","paired","ILLUMINA","Illumina NovaSeq X Plus","435","3/7/25","DNA was isolated from one mouse stool sample pellet using the Qiagen FAST DNA stool mini kit following the manufacturers protocol. Libraries were prepared using the Illumina DNA Prep, (M) Tagmentation (96 Samples, IPB) kit (Illumina, #20060059). Sequencing was performed using Illumina NovaSeq X Plus aiming for 70 million reads per sample, with mean read length of 150 base pairs. Library preparation and Sequencing was performed by Prebiomics. Fastq files were uniformly processed using the curatedMetagenomicsNextflow pipeline (https://github.com/seandavi/curatedMetagenomicsNextflow) specifying the mouse reference genome in Trimmomatic.","fastq",NA,NA,NA,NA,NA,NA,"USA","34.1374596;-118.1268389","2024","4","WT_9","WT","5","7.69","1.52","2.68","1","/shares/CIBIO-Storage/CM/scratch/data/meta/CM_caltec_001_1024/CALTEC-001-WT9_5mo/CALTEC-001-WT9_5mo_R1.fastq.gz;/shares/CIBIO-Storage/CM/scratch/data/meta/CM_caltec_001_1024/CALTEC-001-WT9_5mo/CALTEC-001-WT9_5mo_R2.fastq.gz;","cfc11d93-6cfb-4296-93c7-335f7d39c8e4",NA,NA,NA,NA,NA,NA,NA,NA,NA,NA,NA,NA,NA,NA,NA,NA,NA,NA,NA,NA,NA,NA,NA,NA,NA,NA,NA,NA,NA,NA,NA,NA,NA,NA,NA
"MazmanianS_DeCastroFonsecaM_1","CALTEC-001-WT10_5mo","CALTEC-001-WT10_5mo","Parkinson Disease","NCIT:C26845","feces","UBERON:0001988","Mus musculus","NCBITaxon:10090","Study Control","NCIT:C142703","5",NA,NA,"Month","NCIT:C29846",NA,NA,NA,NA,"Kaelyn Long","CALTEC-001-WT10_5mo","CALTEC-001-WT10_5mo","Fecal metagenome of a 5-month-old wild-type mouse","QIAamp Fast DNA Stool Mini Kit","WGS","METAGENOMIC","RANDOM","paired","ILLUMINA","Illumina NovaSeq X Plus","435","3/7/25","DNA was isolated from one mouse stool sample pellet using the Qiagen FAST DNA stool mini kit following the manufacturers protocol. Libraries were prepared using the Illumina DNA Prep, (M) Tagmentation (96 Samples, IPB) kit (Illumina, #20060059). Sequencing was performed using Illumina NovaSeq X Plus aiming for 70 million reads per sample, with mean read length of 150 base pairs. Library preparation and Sequencing was performed by Prebiomics. Fastq files were uniformly processed using the curatedMetagenomicsNextflow pipeline (https://github.com/seandavi/curatedMetagenomicsNextflow) specifying the mouse reference genome in Trimmomatic.","fastq",NA,NA,NA,NA,NA,NA,"USA","34.1374596;-118.1268390","2024","4","WT_10","WT","5","5.67","2.34","5.67","2","/shares/CIBIO-Storage/CM/scratch/data/meta/CM_caltec_001_1024/CALTEC-001-WT10_5mo/CALTEC-001-WT10_5mo_R1.fastq.gz;/shares/CIBIO-Storage/CM/scratch/data/meta/CM_caltec_001_1024/CALTEC-001-WT10_5mo/CALTEC-001-WT10_5mo_R2.fastq.gz;","fab4f94a-5744-464e-bc33-0adbe552808c",NA,NA,NA,NA,NA,NA,NA,NA,NA,NA,NA,NA,NA,NA,NA,NA,NA,NA,NA,NA,NA,NA,NA,NA,NA,NA,NA,NA,NA,NA,NA,NA,NA,NA,NA
"MazmanianS_DeCastroFonsecaM_1","CALTEC-001-WT1_12mo","CALTEC-001-WT1_12mo","Parkinson Disease","NCIT:C26845","feces","UBERON:0001988","Mus musculus","NCBITaxon:10090","Study Control","NCIT:C142703","12",NA,NA,"Month","NCIT:C29846",NA,NA,NA,NA,"Kaelyn Long","CALTEC-001-WT1_12mo","CALTEC-001-WT1_12mo","Fecal metagenome of a 12-month-old wild-type mouse","QIAamp Fast DNA Stool Mini Kit","WGS","METAGENOMIC","RANDOM","paired","ILLUMINA","Illumina NovaSeq X Plus","435","3/7/25","DNA was isolated from one mouse stool sample pellet using the Qiagen FAST DNA stool mini kit following the manufacturers protocol. Libraries were prepared using the Illumina DNA Prep, (M) Tagmentation (96 Samples, IPB) kit (Illumina, #20060059). Sequencing was performed using Illumina NovaSeq X Plus aiming for 70 million reads per sample, with mean read length of 150 base pairs. Library preparation and Sequencing was performed by Prebiomics. Fastq files were uniformly processed using the curatedMetagenomicsNextflow pipeline (https://github.com/seandavi/curatedMetagenomicsNextflow) specifying the mouse reference genome in Trimmomatic.","fastq",NA,NA,NA,NA,NA,NA,"USA","34.1374596;-118.1268391","2024","5","WT_1","WT","12",NA,NA,NA,NA,"/shares/CIBIO-Storage/CM/scratch/data/meta/CM_caltec_001_1024/CALTEC-001-WT1_12mo/CALTEC-001-WT1_12mo_R1.fastq.gz;/shares/CIBIO-Storage/CM/scratch/data/meta/CM_caltec_001_1024/CALTEC-001-WT1_12mo/CALTEC-001-WT1_12mo_R2.fastq.gz;","9e215176-7229-492a-97ad-00e6d470ef51",NA,NA,NA,NA,NA,NA,NA,NA,NA,NA,NA,NA,NA,NA,NA,NA,NA,NA,NA,NA,NA,NA,NA,NA,NA,NA,NA,NA,NA,NA,NA,NA,NA,NA,NA
"MazmanianS_DeCastroFonsecaM_1","CALTEC-001-WT2_12mo","CALTEC-001-WT2_12mo","Parkinson Disease","NCIT:C26845","feces","UBERON:0001988","Mus musculus","NCBITaxon:10090","Study Control","NCIT:C142703","12",NA,NA,"Month","NCIT:C29846",NA,NA,NA,NA,"Kaelyn Long","CALTEC-001-WT2_12mo","CALTEC-001-WT2_12mo","Fecal metagenome of a 12-month-old wild-type mouse","QIAamp Fast DNA Stool Mini Kit","WGS","METAGENOMIC","RANDOM","paired","ILLUMINA","Illumina NovaSeq X Plus","435","3/7/25","DNA was isolated from one mouse stool sample pellet using the Qiagen FAST DNA stool mini kit following the manufacturers protocol. Libraries were prepared using the Illumina DNA Prep, (M) Tagmentation (96 Samples, IPB) kit (Illumina, #20060059). Sequencing was performed using Illumina NovaSeq X Plus aiming for 70 million reads per sample, with mean read length of 150 base pairs. Library preparation and Sequencing was performed by Prebiomics. Fastq files were uniformly processed using the curatedMetagenomicsNextflow pipeline (https://github.com/seandavi/curatedMetagenomicsNextflow) specifying the mouse reference genome in Trimmomatic.","fastq",NA,NA,NA,NA,NA,NA,"USA","34.1374596;-118.1268392","2024","5","WT_2","WT","12",NA,NA,NA,NA,"/shares/CIBIO-Storage/CM/scratch/data/meta/CM_caltec_001_1024/CALTEC-001-WT2_12mo/CALTEC-001-WT2_12mo_R1.fastq.gz;/shares/CIBIO-Storage/CM/scratch/data/meta/CM_caltec_001_1024/CALTEC-001-WT2_12mo/CALTEC-001-WT2_12mo_R2.fastq.gz;","d431b88f-fa9f-419a-b775-18a6df61cb56",NA,NA,NA,NA,NA,NA,NA,NA,NA,NA,NA,NA,NA,NA,NA,NA,NA,NA,NA,NA,NA,NA,NA,NA,NA,NA,NA,NA,NA,NA,NA,NA,NA,NA,NA
"MazmanianS_DeCastroFonsecaM_1","CALTEC-001-WT3_12mo","CALTEC-001-WT3_12mo","Parkinson Disease","NCIT:C26845","feces","UBERON:0001988","Mus musculus","NCBITaxon:10090","Study Control","NCIT:C142703","12",NA,NA,"Month","NCIT:C29846",NA,NA,NA,NA,"Kaelyn Long","CALTEC-001-WT3_12mo","CALTEC-001-WT3_12mo","Fecal metagenome of a 12-month-old wild-type mouse","QIAamp Fast DNA Stool Mini Kit","WGS","METAGENOMIC","RANDOM","paired","ILLUMINA","Illumina NovaSeq X Plus","435","3/7/25","DNA was isolated from one mouse stool sample pellet using the Qiagen FAST DNA stool mini kit following the manufacturers protocol. Libraries were prepared using the Illumina DNA Prep, (M) Tagmentation (96 Samples, IPB) kit (Illumina, #20060059). Sequencing was performed using Illumina NovaSeq X Plus aiming for 70 million reads per sample, with mean read length of 150 base pairs. Library preparation and Sequencing was performed by Prebiomics. Fastq files were uniformly processed using the curatedMetagenomicsNextflow pipeline (https://github.com/seandavi/curatedMetagenomicsNextflow) specifying the mouse reference genome in Trimmomatic.","fastq",NA,NA,NA,NA,NA,NA,"USA","34.1374596;-118.1268393","2024","5","WT_3","WT","12",NA,NA,NA,NA,"/shares/CIBIO-Storage/CM/scratch/data/meta/CM_caltec_001_1024/CALTEC-001-WT3_12mo/CALTEC-001-WT3_12mo_R1.fastq.gz;/shares/CIBIO-Storage/CM/scratch/data/meta/CM_caltec_001_1024/CALTEC-001-WT3_12mo/CALTEC-001-WT3_12mo_R2.fastq.gz;","2fa6cf49-488d-4356-912d-58d510a38188",NA,NA,NA,NA,NA,NA,NA,NA,NA,NA,NA,NA,NA,NA,NA,NA,NA,NA,NA,NA,NA,NA,NA,NA,NA,NA,NA,NA,NA,NA,NA,NA,NA,NA,NA
"MazmanianS_DeCastroFonsecaM_1","CALTEC-001-WT4_12mo","CALTEC-001-WT4_12mo","Parkinson Disease","NCIT:C26845","feces","UBERON:0001988","Mus musculus","NCBITaxon:10090","Study Control","NCIT:C142703","12",NA,NA,"Month","NCIT:C29846",NA,NA,NA,NA,"Kaelyn Long","CALTEC-001-WT4_12mo","CALTEC-001-WT4_12mo","Fecal metagenome of a 12-month-old wild-type mouse","QIAamp Fast DNA Stool Mini Kit","WGS","METAGENOMIC","RANDOM","paired","ILLUMINA","Illumina NovaSeq X Plus","435","3/7/25","DNA was isolated from one mouse stool sample pellet using the Qiagen FAST DNA stool mini kit following the manufacturers protocol. Libraries were prepared using the Illumina DNA Prep, (M) Tagmentation (96 Samples, IPB) kit (Illumina, #20060059). Sequencing was performed using Illumina NovaSeq X Plus aiming for 70 million reads per sample, with mean read length of 150 base pairs. Library preparation and Sequencing was performed by Prebiomics. Fastq files were uniformly processed using the curatedMetagenomicsNextflow pipeline (https://github.com/seandavi/curatedMetagenomicsNextflow) specifying the mouse reference genome in Trimmomatic.","fastq",NA,NA,NA,NA,NA,NA,"USA","34.1374596;-118.1268394","2024","5","WT_4","WT","12",NA,NA,NA,NA,"/shares/CIBIO-Storage/CM/scratch/data/meta/CM_caltec_001_1024/CALTEC-001-WT4_12mo/CALTEC-001-WT4_12mo_R1.fastq.gz;/shares/CIBIO-Storage/CM/scratch/data/meta/CM_caltec_001_1024/CALTEC-001-WT4_12mo/CALTEC-001-WT4_12mo_R2.fastq.gz;","ca6534b2-55a2-4e08-95ca-9200c779620b",NA,NA,NA,NA,NA,NA,NA,NA,NA,NA,NA,NA,NA,NA,NA,NA,NA,NA,NA,NA,NA,NA,NA,NA,NA,NA,NA,NA,NA,NA,NA,NA,NA,NA,NA
"MazmanianS_DeCastroFonsecaM_1","CALTEC-001-WT5_12mo","CALTEC-001-WT5_12mo","Parkinson Disease","NCIT:C26845","feces","UBERON:0001988","Mus musculus","NCBITaxon:10090","Study Control","NCIT:C142703","12",NA,NA,"Month","NCIT:C29846",NA,NA,NA,NA,"Kaelyn Long","CALTEC-001-WT5_12mo","CALTEC-001-WT5_12mo","Fecal metagenome of a 12-month-old wild-type mouse","QIAamp Fast DNA Stool Mini Kit","WGS","METAGENOMIC","RANDOM","paired","ILLUMINA","Illumina NovaSeq X Plus","435","3/7/25","DNA was isolated from one mouse stool sample pellet using the Qiagen FAST DNA stool mini kit following the manufacturers protocol. Libraries were prepared using the Illumina DNA Prep, (M) Tagmentation (96 Samples, IPB) kit (Illumina, #20060059). Sequencing was performed using Illumina NovaSeq X Plus aiming for 70 million reads per sample, with mean read length of 150 base pairs. Library preparation and Sequencing was performed by Prebiomics. Fastq files were uniformly processed using the curatedMetagenomicsNextflow pipeline (https://github.com/seandavi/curatedMetagenomicsNextflow) specifying the mouse reference genome in Trimmomatic.","fastq",NA,NA,NA,NA,NA,NA,"USA","34.1374596;-118.1268395","2024","5","WT_5","WT","12",NA,NA,NA,NA,"/shares/CIBIO-Storage/CM/scratch/data/meta/CM_caltec_001_1024/CALTEC-001-WT5_12mo/CALTEC-001-WT5_12mo_R1.fastq.gz;/shares/CIBIO-Storage/CM/scratch/data/meta/CM_caltec_001_1024/CALTEC-001-WT5_12mo/CALTEC-001-WT5_12mo_R2.fastq.gz;","97ab02ba-7a20-4139-9720-b8826629e628",NA,NA,NA,NA,NA,NA,NA,NA,NA,NA,NA,NA,NA,NA,NA,NA,NA,NA,NA,NA,NA,NA,NA,NA,NA,NA,NA,NA,NA,NA,NA,NA,NA,NA,NA
"MazmanianS_DeCastroFonsecaM_1","CALTEC-001-WT6_12mo","CALTEC-001-WT6_12mo","Parkinson Disease","NCIT:C26845","feces","UBERON:0001988","Mus musculus","NCBITaxon:10090","Study Control","NCIT:C142703","12",NA,NA,"Month","NCIT:C29846",NA,NA,NA,NA,"Kaelyn Long","CALTEC-001-WT6_12mo","CALTEC-001-WT6_12mo","Fecal metagenome of a 12-month-old wild-type mouse","QIAamp Fast DNA Stool Mini Kit","WGS","METAGENOMIC","RANDOM","paired","ILLUMINA","Illumina NovaSeq X Plus","435","3/7/25","DNA was isolated from one mouse stool sample pellet using the Qiagen FAST DNA stool mini kit following the manufacturers protocol. Libraries were prepared using the Illumina DNA Prep, (M) Tagmentation (96 Samples, IPB) kit (Illumina, #20060059). Sequencing was performed using Illumina NovaSeq X Plus aiming for 70 million reads per sample, with mean read length of 150 base pairs. Library preparation and Sequencing was performed by Prebiomics. Fastq files were uniformly processed using the curatedMetagenomicsNextflow pipeline (https://github.com/seandavi/curatedMetagenomicsNextflow) specifying the mouse reference genome in Trimmomatic.","fastq",NA,NA,NA,NA,NA,NA,"USA","34.1374596;-118.1268396","2024","6","WT_6","WT","12",NA,NA,NA,NA,"/shares/CIBIO-Storage/CM/scratch/data/meta/CM_caltec_001_1024/CALTEC-001-WT6_12mo/CALTEC-001-WT6_12mo_R1.fastq.gz;/shares/CIBIO-Storage/CM/scratch/data/meta/CM_caltec_001_1024/CALTEC-001-WT6_12mo/CALTEC-001-WT6_12mo_R2.fastq.gz;","33e2b1e7-5622-479b-a56f-58f1d6142ba3",NA,NA,NA,NA,NA,NA,NA,NA,NA,NA,NA,NA,NA,NA,NA,NA,NA,NA,NA,NA,NA,NA,NA,NA,NA,NA,NA,NA,NA,NA,NA,NA,NA,NA,NA
"MazmanianS_DeCastroFonsecaM_1","CALTEC-001-WT7_12mo","CALTEC-001-WT7_12mo","Parkinson Disease","NCIT:C26845","feces","UBERON:0001988","Mus musculus","NCBITaxon:10090","Study Control","NCIT:C142703","12",NA,NA,"Month","NCIT:C29846",NA,NA,NA,NA,"Kaelyn Long","CALTEC-001-WT7_12mo","CALTEC-001-WT7_12mo","Fecal metagenome of a 12-month-old wild-type mouse","QIAamp Fast DNA Stool Mini Kit","WGS","METAGENOMIC","RANDOM","paired","ILLUMINA","Illumina NovaSeq X Plus","435","3/7/25","DNA was isolated from one mouse stool sample pellet using the Qiagen FAST DNA stool mini kit following the manufacturers protocol. Libraries were prepared using the Illumina DNA Prep, (M) Tagmentation (96 Samples, IPB) kit (Illumina, #20060059). Sequencing was performed using Illumina NovaSeq X Plus aiming for 70 million reads per sample, with mean read length of 150 base pairs. Library preparation and Sequencing was performed by Prebiomics. Fastq files were uniformly processed using the curatedMetagenomicsNextflow pipeline (https://github.com/seandavi/curatedMetagenomicsNextflow) specifying the mouse reference genome in Trimmomatic.","fastq",NA,NA,NA,NA,NA,NA,"USA","34.1374596;-118.1268397","2024","6","WT_7","WT","12",NA,NA,NA,NA,"/shares/CIBIO-Storage/CM/scratch/data/meta/CM_caltec_001_1024/CALTEC-001-WT7_12mo/CALTEC-001-WT7_12mo_R1.fastq.gz;/shares/CIBIO-Storage/CM/scratch/data/meta/CM_caltec_001_1024/CALTEC-001-WT7_12mo/CALTEC-001-WT7_12mo_R2.fastq.gz;","f74303df-be26-4694-b8e7-d4621f1f5c42",NA,NA,NA,NA,NA,NA,NA,NA,NA,NA,NA,NA,NA,NA,NA,NA,NA,NA,NA,NA,NA,NA,NA,NA,NA,NA,NA,NA,NA,NA,NA,NA,NA,NA,NA
"MazmanianS_DeCastroFonsecaM_1","CALTEC-001-WT8_12mo","CALTEC-001-WT8_12mo","Parkinson Disease","NCIT:C26845","feces","UBERON:0001988","Mus musculus","NCBITaxon:10090","Study Control","NCIT:C142703","12",NA,NA,"Month","NCIT:C29846",NA,NA,NA,NA,"Kaelyn Long","CALTEC-001-WT8_12mo","CALTEC-001-WT8_12mo","Fecal metagenome of a 12-month-old wild-type mouse","QIAamp Fast DNA Stool Mini Kit","WGS","METAGENOMIC","RANDOM","paired","ILLUMINA","Illumina NovaSeq X Plus","435","3/7/25","DNA was isolated from one mouse stool sample pellet using the Qiagen FAST DNA stool mini kit following the manufacturers protocol. Libraries were prepared using the Illumina DNA Prep, (M) Tagmentation (96 Samples, IPB) kit (Illumina, #20060059). Sequencing was performed using Illumina NovaSeq X Plus aiming for 70 million reads per sample, with mean read length of 150 base pairs. Library preparation and Sequencing was performed by Prebiomics. Fastq files were uniformly processed using the curatedMetagenomicsNextflow pipeline (https://github.com/seandavi/curatedMetagenomicsNextflow) specifying the mouse reference genome in Trimmomatic.","fastq",NA,NA,NA,NA,NA,NA,"USA","34.1374596;-118.1268398","2024","6","WT_8","WT","12",NA,NA,NA,NA,"/shares/CIBIO-Storage/CM/scratch/data/meta/CM_caltec_001_1024/CALTEC-001-WT8_12mo/CALTEC-001-WT8_12mo_R1.fastq.gz;/shares/CIBIO-Storage/CM/scratch/data/meta/CM_caltec_001_1024/CALTEC-001-WT8_12mo/CALTEC-001-WT8_12mo_R2.fastq.gz;","22a67c4d-0805-4ad4-a37a-f2ad2213d5a7",NA,NA,NA,NA,NA,NA,NA,NA,NA,NA,NA,NA,NA,NA,NA,NA,NA,NA,NA,NA,NA,NA,NA,NA,NA,NA,NA,NA,NA,NA,NA,NA,NA,NA,NA
"MazmanianS_DeCastroFonsecaM_1","CALTEC-001-WT9_12mo","CALTEC-001-WT9_12mo","Parkinson Disease","NCIT:C26845","feces","UBERON:0001988","Mus musculus","NCBITaxon:10090","Study Control","NCIT:C142703","12",NA,NA,"Month","NCIT:C29846",NA,NA,NA,NA,"Kaelyn Long","CALTEC-001-WT9_12mo","CALTEC-001-WT9_12mo","Fecal metagenome of a 12-month-old wild-type mouse","QIAamp Fast DNA Stool Mini Kit","WGS","METAGENOMIC","RANDOM","paired","ILLUMINA","Illumina NovaSeq X Plus","435","3/7/25","DNA was isolated from one mouse stool sample pellet using the Qiagen FAST DNA stool mini kit following the manufacturers protocol. Libraries were prepared using the Illumina DNA Prep, (M) Tagmentation (96 Samples, IPB) kit (Illumina, #20060059). Sequencing was performed using Illumina NovaSeq X Plus aiming for 70 million reads per sample, with mean read length of 150 base pairs. Library preparation and Sequencing was performed by Prebiomics. Fastq files were uniformly processed using the curatedMetagenomicsNextflow pipeline (https://github.com/seandavi/curatedMetagenomicsNextflow) specifying the mouse reference genome in Trimmomatic.","fastq",NA,NA,NA,NA,NA,NA,"USA","34.1374596;-118.1268399","2024","6","WT_9","WT","12",NA,NA,NA,NA,"/shares/CIBIO-Storage/CM/scratch/data/meta/CM_caltec_001_1024/CALTEC-001-WT9_12mo/CALTEC-001-WT9_12mo_R1.fastq.gz;/shares/CIBIO-Storage/CM/scratch/data/meta/CM_caltec_001_1024/CALTEC-001-WT9_12mo/CALTEC-001-WT9_12mo_R2.fastq.gz;","6844936c-b191-45d8-8efd-8cf47679383e",NA,NA,NA,NA,NA,NA,NA,NA,NA,NA,NA,NA,NA,NA,NA,NA,NA,NA,NA,NA,NA,NA,NA,NA,NA,NA,NA,NA,NA,NA,NA,NA,NA,NA,NA
"MazmanianS_DeCastroFonsecaM_1","CALTEC-001-WT10_12mo","CALTEC-001-WT10_12mo","Parkinson Disease","NCIT:C26845","feces","UBERON:0001988","Mus musculus","NCBITaxon:10090","Study Control","NCIT:C142703","12",NA,NA,"Month","NCIT:C29846",NA,NA,NA,NA,"Kaelyn Long","CALTEC-001-WT10_12mo","CALTEC-001-WT10_12mo","Fecal metagenome of a 12-month-old wild-type mouse","QIAamp Fast DNA Stool Mini Kit","WGS","METAGENOMIC","RANDOM","paired","ILLUMINA","Illumina NovaSeq X Plus","435","3/7/25","DNA was isolated from one mouse stool sample pellet using the Qiagen FAST DNA stool mini kit following the manufacturers protocol. Libraries were prepared using the Illumina DNA Prep, (M) Tagmentation (96 Samples, IPB) kit (Illumina, #20060059). Sequencing was performed using Illumina NovaSeq X Plus aiming for 70 million reads per sample, with mean read length of 150 base pairs. Library preparation and Sequencing was performed by Prebiomics. Fastq files were uniformly processed using the curatedMetagenomicsNextflow pipeline (https://github.com/seandavi/curatedMetagenomicsNextflow) specifying the mouse reference genome in Trimmomatic.","fastq",NA,NA,NA,NA,NA,NA,"USA","34.1374596;-118.1268400","2024","6","WT_10","WT","12",NA,NA,NA,NA,"/shares/CIBIO-Storage/CM/scratch/data/meta/CM_caltec_001_1024/CALTEC-001-WT10_12mo/CALTEC-001-WT10_12mo_R1.fastq.gz;/shares/CIBIO-Storage/CM/scratch/data/meta/CM_caltec_001_1024/CALTEC-001-WT10_12mo/CALTEC-001-WT10_12mo_R2.fastq.gz;","eb39cf33-2927-4d47-8642-a0b1f852c82c",NA,NA,NA,NA,NA,NA,NA,NA,NA,NA,NA,NA,NA,NA,NA,NA,NA,NA,NA,NA,NA,NA,NA,NA,NA,NA,NA,NA,NA,NA,NA,NA,NA,NA,NA
"MazmanianS_DeCastroFonsecaM_1","CALTEC-001-ASO1_2mo","CALTEC-001-ASO1_2mo","Parkinson Disease","NCIT:C26845","feces","UBERON:0001988","Mus musculus","NCBITaxon:10090","Case","NCIT:C49152","2",NA,NA,"Month","NCIT:C29846",NA,NA,NA,NA,"Kaelyn Long","CALTEC-001-ASO1_2mo","CALTEC-001-ASO1_2mo","Stool metagenome of 2-month old human alpha-synuclein overexpressing mouse","QIAamp Fast DNA Stool Mini Kit","WGS","METAGENOMIC","RANDOM","paired","ILLUMINA","Illumina NovaSeq X Plus","435","3/7/25","DNA was isolated from one mouse stool sample pellet using the Qiagen FAST DNA stool mini kit following the manufacturers protocol. Libraries were prepared using the Illumina DNA Prep, (M) Tagmentation (96 Samples, IPB) kit (Illumina, #20060059). Sequencing was performed using Illumina NovaSeq X Plus aiming for 70 million reads per sample, with mean read length of 150 base pairs. Library preparation and Sequencing was performed by Prebiomics. Fastq files were uniformly processed using the curatedMetagenomicsNextflow pipeline (https://github.com/seandavi/curatedMetagenomicsNextflow) specifying the mouse reference genome in Trimmomatic.","fastq",NA,NA,NA,NA,NA,NA,"USA","34.1374596;-118.1268401","2024","7","ASO_1","ASO","2","5.91","0.97","10.18","1","/shares/CIBIO-Storage/CM/scratch/data/meta/CM_caltec_001_1024/CALTEC-001-ASO1_2mo/CALTEC-001-ASO1_2mo_R1.fastq.gz;/shares/CIBIO-Storage/CM/scratch/data/meta/CM_caltec_001_1024/CALTEC-001-ASO1_2mo/CALTEC-001-ASO1_2mo_R2.fastq.gz;","79d89ceb-3130-4a4b-9165-99e2f8c8fa56",NA,NA,NA,NA,NA,NA,NA,NA,NA,NA,NA,NA,NA,NA,NA,NA,NA,NA,NA,NA,NA,NA,NA,NA,NA,NA,NA,NA,NA,NA,NA,NA,NA,NA,NA
"MazmanianS_DeCastroFonsecaM_1","CALTEC-001-ASO2_2mo","CALTEC-001-ASO2_2mo","Parkinson Disease","NCIT:C26845","feces","UBERON:0001988","Mus musculus","NCBITaxon:10090","Case","NCIT:C49152","2",NA,NA,"Month","NCIT:C29846",NA,NA,NA,NA,"Kaelyn Long","CALTEC-001-ASO2_2mo","CALTEC-001-ASO2_2mo","Stool metagenome of 2-month old human alpha-synuclein overexpressing mouse","QIAamp Fast DNA Stool Mini Kit","WGS","METAGENOMIC","RANDOM","paired","ILLUMINA","Illumina NovaSeq X Plus","435","3/7/25","DNA was isolated from one mouse stool sample pellet using the Qiagen FAST DNA stool mini kit following the manufacturers protocol. Libraries were prepared using the Illumina DNA Prep, (M) Tagmentation (96 Samples, IPB) kit (Illumina, #20060059). Sequencing was performed using Illumina NovaSeq X Plus aiming for 70 million reads per sample, with mean read length of 150 base pairs. Library preparation and Sequencing was performed by Prebiomics. Fastq files were uniformly processed using the curatedMetagenomicsNextflow pipeline (https://github.com/seandavi/curatedMetagenomicsNextflow) specifying the mouse reference genome in Trimmomatic.","fastq",NA,NA,NA,NA,NA,NA,"USA","34.1374596;-118.1268402","2024","7","ASO_2","ASO","2","13.65","1.94","5.57","0","/shares/CIBIO-Storage/CM/scratch/data/meta/CM_caltec_001_1024/CALTEC-001-ASO2_2mo/CALTEC-001-ASO2_2mo_R1.fastq.gz;/shares/CIBIO-Storage/CM/scratch/data/meta/CM_caltec_001_1024/CALTEC-001-ASO2_2mo/CALTEC-001-ASO2_2mo_R2.fastq.gz;","d7996463-fcfd-4b5c-91c4-721b5be4ff41",NA,NA,NA,NA,NA,NA,NA,NA,NA,NA,NA,NA,NA,NA,NA,NA,NA,NA,NA,NA,NA,NA,NA,NA,NA,NA,NA,NA,NA,NA,NA,NA,NA,NA,NA
"MazmanianS_DeCastroFonsecaM_1","CALTEC-001-ASO3_2mo","CALTEC-001-ASO3_2mo","Parkinson Disease","NCIT:C26845","feces","UBERON:0001988","Mus musculus","NCBITaxon:10090","Case","NCIT:C49152","2",NA,NA,"Month","NCIT:C29846",NA,NA,NA,NA,"Kaelyn Long","CALTEC-001-ASO3_2mo","CALTEC-001-ASO3_2mo","Stool metagenome of 2-month old human alpha-synuclein overexpressing mouse","QIAamp Fast DNA Stool Mini Kit","WGS","METAGENOMIC","RANDOM","paired","ILLUMINA","Illumina NovaSeq X Plus","435","3/7/25","DNA was isolated from one mouse stool sample pellet using the Qiagen FAST DNA stool mini kit following the manufacturers protocol. Libraries were prepared using the Illumina DNA Prep, (M) Tagmentation (96 Samples, IPB) kit (Illumina, #20060059). Sequencing was performed using Illumina NovaSeq X Plus aiming for 70 million reads per sample, with mean read length of 150 base pairs. Library preparation and Sequencing was performed by Prebiomics. Fastq files were uniformly processed using the curatedMetagenomicsNextflow pipeline (https://github.com/seandavi/curatedMetagenomicsNextflow) specifying the mouse reference genome in Trimmomatic.","fastq",NA,NA,NA,NA,NA,NA,"USA","34.1374596;-118.1268403","2024","7","ASO_3","ASO","2","11.62","1.24","16.94","1","/shares/CIBIO-Storage/CM/scratch/data/meta/CM_caltec_001_1024/CALTEC-001-ASO3_2mo/CALTEC-001-ASO3_2mo_R1.fastq.gz;/shares/CIBIO-Storage/CM/scratch/data/meta/CM_caltec_001_1024/CALTEC-001-ASO3_2mo/CALTEC-001-ASO3_2mo_R2.fastq.gz;","b52b147b-2a44-4492-a263-0765f20839f8",NA,NA,NA,NA,NA,NA,NA,NA,NA,NA,NA,NA,NA,NA,NA,NA,NA,NA,NA,NA,NA,NA,NA,NA,NA,NA,NA,NA,NA,NA,NA,NA,NA,NA,NA
"MazmanianS_DeCastroFonsecaM_1","CALTEC-001-ASO4_2mo","CALTEC-001-ASO4_2mo","Parkinson Disease","NCIT:C26845","feces","UBERON:0001988","Mus musculus","NCBITaxon:10090","Case","NCIT:C49152","2",NA,NA,"Month","NCIT:C29846",NA,NA,NA,NA,"Kaelyn Long","CALTEC-001-ASO4_2mo","CALTEC-001-ASO4_2mo","Stool metagenome of 2-month old human alpha-synuclein overexpressing mouse","QIAamp Fast DNA Stool Mini Kit","WGS","METAGENOMIC","RANDOM","paired","ILLUMINA","Illumina NovaSeq X Plus","435","3/7/25","DNA was isolated from one mouse stool sample pellet using the Qiagen FAST DNA stool mini kit following the manufacturers protocol. Libraries were prepared using the Illumina DNA Prep, (M) Tagmentation (96 Samples, IPB) kit (Illumina, #20060059). Sequencing was performed using Illumina NovaSeq X Plus aiming for 70 million reads per sample, with mean read length of 150 base pairs. Library preparation and Sequencing was performed by Prebiomics. Fastq files were uniformly processed using the curatedMetagenomicsNextflow pipeline (https://github.com/seandavi/curatedMetagenomicsNextflow) specifying the mouse reference genome in Trimmomatic.","fastq",NA,NA,NA,NA,NA,NA,"USA","34.1374596;-118.1268404","2024","7","ASO_4","ASO","2","8.81","10.16","20.11","3","/shares/CIBIO-Storage/CM/scratch/data/meta/CM_caltec_001_1024/CALTEC-001-ASO4_2mo/CALTEC-001-ASO4_2mo_R1.fastq.gz;/shares/CIBIO-Storage/CM/scratch/data/meta/CM_caltec_001_1024/CALTEC-001-ASO4_2mo/CALTEC-001-ASO4_2mo_R2.fastq.gz;","ef2bbe5f-bdeb-4eb7-a9d1-9ffeab654484",NA,NA,NA,NA,NA,NA,NA,NA,NA,NA,NA,NA,NA,NA,NA,NA,NA,NA,NA,NA,NA,NA,NA,NA,NA,NA,NA,NA,NA,NA,NA,NA,NA,NA,NA
"MazmanianS_DeCastroFonsecaM_1","CALTEC-001-ASO5_2mo","CALTEC-001-ASO5_2mo","Parkinson Disease","NCIT:C26845","feces","UBERON:0001988","Mus musculus","NCBITaxon:10090","Case","NCIT:C49152","2",NA,NA,"Month","NCIT:C29846",NA,NA,NA,NA,"Kaelyn Long","CALTEC-001-ASO5_2mo","CALTEC-001-ASO5_2mo","Stool metagenome of 2-month old human alpha-synuclein overexpressing mouse","QIAamp Fast DNA Stool Mini Kit","WGS","METAGENOMIC","RANDOM","paired","ILLUMINA","Illumina NovaSeq X Plus","435","3/7/25","DNA was isolated from one mouse stool sample pellet using the Qiagen FAST DNA stool mini kit following the manufacturers protocol. Libraries were prepared using the Illumina DNA Prep, (M) Tagmentation (96 Samples, IPB) kit (Illumina, #20060059). Sequencing was performed using Illumina NovaSeq X Plus aiming for 70 million reads per sample, with mean read length of 150 base pairs. Library preparation and Sequencing was performed by Prebiomics. Fastq files were uniformly processed using the curatedMetagenomicsNextflow pipeline (https://github.com/seandavi/curatedMetagenomicsNextflow) specifying the mouse reference genome in Trimmomatic.","fastq",NA,NA,NA,NA,NA,NA,"USA","34.1374596;-118.1268405","2024","7","ASO_5","ASO","2","11.52","5.57","6.88","1","/shares/CIBIO-Storage/CM/scratch/data/meta/CM_caltec_001_1024/CALTEC-001-ASO5_2mo/CALTEC-001-ASO5_2mo_R1.fastq.gz;/shares/CIBIO-Storage/CM/scratch/data/meta/CM_caltec_001_1024/CALTEC-001-ASO5_2mo/CALTEC-001-ASO5_2mo_R2.fastq.gz;","d306649b-631b-4e5b-a6fe-6bb3c1c2ab7a",NA,NA,NA,NA,NA,NA,NA,NA,NA,NA,NA,NA,NA,NA,NA,NA,NA,NA,NA,NA,NA,NA,NA,NA,NA,NA,NA,NA,NA,NA,NA,NA,NA,NA,NA
"MazmanianS_DeCastroFonsecaM_1","CALTEC-001-ASO6_2mo","CALTEC-001-ASO6_2mo","Parkinson Disease","NCIT:C26845","feces","UBERON:0001988","Mus musculus","NCBITaxon:10090","Case","NCIT:C49152","2",NA,NA,"Month","NCIT:C29846",NA,NA,NA,NA,"Kaelyn Long","CALTEC-001-ASO6_2mo","CALTEC-001-ASO6_2mo","Stool metagenome of 2-month old human alpha-synuclein overexpressing mouse","QIAamp Fast DNA Stool Mini Kit","WGS","METAGENOMIC","RANDOM","paired","ILLUMINA","Illumina NovaSeq X Plus","435","3/7/25","DNA was isolated from one mouse stool sample pellet using the Qiagen FAST DNA stool mini kit following the manufacturers protocol. Libraries were prepared using the Illumina DNA Prep, (M) Tagmentation (96 Samples, IPB) kit (Illumina, #20060059). Sequencing was performed using Illumina NovaSeq X Plus aiming for 70 million reads per sample, with mean read length of 150 base pairs. Library preparation and Sequencing was performed by Prebiomics. Fastq files were uniformly processed using the curatedMetagenomicsNextflow pipeline (https://github.com/seandavi/curatedMetagenomicsNextflow) specifying the mouse reference genome in Trimmomatic.","fastq",NA,NA,NA,NA,NA,NA,"USA","34.1374596;-118.1268406","2024","8","ASO_6","ASO","2","16.92","10.42","11.7","1","/shares/CIBIO-Storage/CM/scratch/data/meta/CM_caltec_001_1024/CALTEC-001-ASO6_2mo/CALTEC-001-ASO6_2mo_R1.fastq.gz;/shares/CIBIO-Storage/CM/scratch/data/meta/CM_caltec_001_1024/CALTEC-001-ASO6_2mo/CALTEC-001-ASO6_2mo_R2.fastq.gz;","fc4dc8e2-46a9-4427-8fea-15c0b27a59e9",NA,NA,NA,NA,NA,NA,NA,NA,NA,NA,NA,NA,NA,NA,NA,NA,NA,NA,NA,NA,NA,NA,NA,NA,NA,NA,NA,NA,NA,NA,NA,NA,NA,NA,NA
"MazmanianS_DeCastroFonsecaM_1","CALTEC-001-ASO7_2mo","CALTEC-001-ASO7_2mo","Parkinson Disease","NCIT:C26845","feces","UBERON:0001988","Mus musculus","NCBITaxon:10090","Case","NCIT:C49152","2",NA,NA,"Month","NCIT:C29846",NA,NA,NA,NA,"Kaelyn Long","CALTEC-001-ASO7_2mo","CALTEC-001-ASO7_2mo","Stool metagenome of 2-month old human alpha-synuclein overexpressing mouse","QIAamp Fast DNA Stool Mini Kit","WGS","METAGENOMIC","RANDOM","paired","ILLUMINA","Illumina NovaSeq X Plus","435","3/7/25","DNA was isolated from one mouse stool sample pellet using the Qiagen FAST DNA stool mini kit following the manufacturers protocol. Libraries were prepared using the Illumina DNA Prep, (M) Tagmentation (96 Samples, IPB) kit (Illumina, #20060059). Sequencing was performed using Illumina NovaSeq X Plus aiming for 70 million reads per sample, with mean read length of 150 base pairs. Library preparation and Sequencing was performed by Prebiomics. Fastq files were uniformly processed using the curatedMetagenomicsNextflow pipeline (https://github.com/seandavi/curatedMetagenomicsNextflow) specifying the mouse reference genome in Trimmomatic.","fastq",NA,NA,NA,NA,NA,NA,"USA","34.1374596;-118.1268407","2024","8","ASO_7","ASO","2","13.87","4.53","6.81","1","/shares/CIBIO-Storage/CM/scratch/data/meta/CM_caltec_001_1024/CALTEC-001-ASO7_2mo/CALTEC-001-ASO7_2mo_R1.fastq.gz;/shares/CIBIO-Storage/CM/scratch/data/meta/CM_caltec_001_1024/CALTEC-001-ASO7_2mo/CALTEC-001-ASO7_2mo_R2.fastq.gz;","cc38565e-3328-43a0-a807-c8d187ee3d88",NA,NA,NA,NA,NA,NA,NA,NA,NA,NA,NA,NA,NA,NA,NA,NA,NA,NA,NA,NA,NA,NA,NA,NA,NA,NA,NA,NA,NA,NA,NA,NA,NA,NA,NA
"MazmanianS_DeCastroFonsecaM_1","CALTEC-001-ASO8_2mo","CALTEC-001-ASO8_2mo","Parkinson Disease","NCIT:C26845","feces","UBERON:0001988","Mus musculus","NCBITaxon:10090","Case","NCIT:C49152","2",NA,NA,"Month","NCIT:C29846",NA,NA,NA,NA,"Kaelyn Long","CALTEC-001-ASO8_2mo","CALTEC-001-ASO8_2mo","Stool metagenome of 2-month old human alpha-synuclein overexpressing mouse","QIAamp Fast DNA Stool Mini Kit","WGS","METAGENOMIC","RANDOM","paired","ILLUMINA","Illumina NovaSeq X Plus","435","3/7/25","DNA was isolated from one mouse stool sample pellet using the Qiagen FAST DNA stool mini kit following the manufacturers protocol. Libraries were prepared using the Illumina DNA Prep, (M) Tagmentation (96 Samples, IPB) kit (Illumina, #20060059). Sequencing was performed using Illumina NovaSeq X Plus aiming for 70 million reads per sample, with mean read length of 150 base pairs. Library preparation and Sequencing was performed by Prebiomics. Fastq files were uniformly processed using the curatedMetagenomicsNextflow pipeline (https://github.com/seandavi/curatedMetagenomicsNextflow) specifying the mouse reference genome in Trimmomatic.","fastq",NA,NA,NA,NA,NA,NA,"USA","34.1374596;-118.1268408","2024","8","ASO_8","ASO","2","3.75","13.15","6.05","1","/shares/CIBIO-Storage/CM/scratch/data/meta/CM_caltec_001_1024/CALTEC-001-ASO8_2mo/CALTEC-001-ASO8_2mo_R1.fastq.gz;/shares/CIBIO-Storage/CM/scratch/data/meta/CM_caltec_001_1024/CALTEC-001-ASO8_2mo/CALTEC-001-ASO8_2mo_R2.fastq.gz;","8280c1b0-b5ab-46f9-bcd3-5a1482cd8744",NA,NA,NA,NA,NA,NA,NA,NA,NA,NA,NA,NA,NA,NA,NA,NA,NA,NA,NA,NA,NA,NA,NA,NA,NA,NA,NA,NA,NA,NA,NA,NA,NA,NA,NA
"MazmanianS_DeCastroFonsecaM_1","CALTEC-001-ASO9_2mo","CALTEC-001-ASO9_2mo","Parkinson Disease","NCIT:C26845","feces","UBERON:0001988","Mus musculus","NCBITaxon:10090","Case","NCIT:C49152","2",NA,NA,"Month","NCIT:C29846",NA,NA,NA,NA,"Kaelyn Long","CALTEC-001-ASO9_2mo","CALTEC-001-ASO9_2mo","Stool metagenome of 2-month old human alpha-synuclein overexpressing mouse","QIAamp Fast DNA Stool Mini Kit","WGS","METAGENOMIC","RANDOM","paired","ILLUMINA","Illumina NovaSeq X Plus","435","3/7/25","DNA was isolated from one mouse stool sample pellet using the Qiagen FAST DNA stool mini kit following the manufacturers protocol. Libraries were prepared using the Illumina DNA Prep, (M) Tagmentation (96 Samples, IPB) kit (Illumina, #20060059). Sequencing was performed using Illumina NovaSeq X Plus aiming for 70 million reads per sample, with mean read length of 150 base pairs. Library preparation and Sequencing was performed by Prebiomics. Fastq files were uniformly processed using the curatedMetagenomicsNextflow pipeline (https://github.com/seandavi/curatedMetagenomicsNextflow) specifying the mouse reference genome in Trimmomatic.","fastq",NA,NA,NA,NA,NA,NA,"USA","34.1374596;-118.1268409","2024","8","ASO_9","ASO","2","4.5","5.7","5.3","1","/shares/CIBIO-Storage/CM/scratch/data/meta/CM_caltec_001_1024/CALTEC-001-ASO9_2mo/CALTEC-001-ASO9_2mo_R1.fastq.gz;/shares/CIBIO-Storage/CM/scratch/data/meta/CM_caltec_001_1024/CALTEC-001-ASO9_2mo/CALTEC-001-ASO9_2mo_R2.fastq.gz;","37503059-872f-42df-8297-5fe3ab9b8331",NA,NA,NA,NA,NA,NA,NA,NA,NA,NA,NA,NA,NA,NA,NA,NA,NA,NA,NA,NA,NA,NA,NA,NA,NA,NA,NA,NA,NA,NA,NA,NA,NA,NA,NA
"MazmanianS_DeCastroFonsecaM_1","CALTEC-001-ASO10_2mo","CALTEC-001-ASO10_2mo","Parkinson Disease","NCIT:C26845","feces","UBERON:0001988","Mus musculus","NCBITaxon:10090","Case","NCIT:C49152","2",NA,NA,"Month","NCIT:C29846",NA,NA,NA,NA,"Kaelyn Long","CALTEC-001-ASO10_2mo","CALTEC-001-ASO10_2mo","Stool metagenome of 2-month old human alpha-synuclein overexpressing mouse","QIAamp Fast DNA Stool Mini Kit","WGS","METAGENOMIC","RANDOM","paired","ILLUMINA","Illumina NovaSeq X Plus","435","3/7/25","DNA was isolated from one mouse stool sample pellet using the Qiagen FAST DNA stool mini kit following the manufacturers protocol. Libraries were prepared using the Illumina DNA Prep, (M) Tagmentation (96 Samples, IPB) kit (Illumina, #20060059). Sequencing was performed using Illumina NovaSeq X Plus aiming for 70 million reads per sample, with mean read length of 150 base pairs. Library preparation and Sequencing was performed by Prebiomics. Fastq files were uniformly processed using the curatedMetagenomicsNextflow pipeline (https://github.com/seandavi/curatedMetagenomicsNextflow) specifying the mouse reference genome in Trimmomatic.","fastq",NA,NA,NA,NA,NA,NA,"USA","34.1374596;-118.1268410","2024","8","ASO_10","ASO","2","3.65","2.3","5.8","0","/shares/CIBIO-Storage/CM/scratch/data/meta/CM_caltec_001_1024/CALTEC-001-ASO10_2mo/CALTEC-001-ASO10_2mo_R1.fastq.gz;/shares/CIBIO-Storage/CM/scratch/data/meta/CM_caltec_001_1024/CALTEC-001-ASO10_2mo/CALTEC-001-ASO10_2mo_R2.fastq.gz;","b5b948f4-e9b2-4eff-a169-becdb75377ba",NA,NA,NA,NA,NA,NA,NA,NA,NA,NA,NA,NA,NA,NA,NA,NA,NA,NA,NA,NA,NA,NA,NA,NA,NA,NA,NA,NA,NA,NA,NA,NA,NA,NA,NA
"MazmanianS_DeCastroFonsecaM_1","CALTEC-001-ASO1_5mo","CALTEC-001-ASO1_5mo","Parkinson Disease","NCIT:C26845","feces","UBERON:0001988","Mus musculus","NCBITaxon:10090","Case","NCIT:C49152","5",NA,NA,"Month","NCIT:C29846",NA,NA,NA,NA,"Kaelyn Long","CALTEC-001-ASO1_5mo","CALTEC-001-ASO1_5mo","Stool metagenome of 5-month old human alpha-synuclein overexpressing mouse","QIAamp Fast DNA Stool Mini Kit","WGS","METAGENOMIC","RANDOM","paired","ILLUMINA","Illumina NovaSeq X Plus","435","3/7/25","DNA was isolated from one mouse stool sample pellet using the Qiagen FAST DNA stool mini kit following the manufacturers protocol. Libraries were prepared using the Illumina DNA Prep, (M) Tagmentation (96 Samples, IPB) kit (Illumina, #20060059). Sequencing was performed using Illumina NovaSeq X Plus aiming for 70 million reads per sample, with mean read length of 150 base pairs. Library preparation and Sequencing was performed by Prebiomics. Fastq files were uniformly processed using the curatedMetagenomicsNextflow pipeline (https://github.com/seandavi/curatedMetagenomicsNextflow) specifying the mouse reference genome in Trimmomatic.","fastq",NA,NA,NA,NA,NA,NA,"USA","34.1374596;-118.1268411","2024","9","ASO_1","ASO","5","12.51","7.87","30","5","/shares/CIBIO-Storage/CM/scratch/data/meta/CM_caltec_001_1024/CALTEC-001-ASO1_5mo/CALTEC-001-ASO1_5mo_R1.fastq.gz;/shares/CIBIO-Storage/CM/scratch/data/meta/CM_caltec_001_1024/CALTEC-001-ASO1_5mo/CALTEC-001-ASO1_5mo_R2.fastq.gz;","5d8e5e74-79a3-4a66-89a2-1de17dc934eb",NA,NA,NA,NA,NA,NA,NA,NA,NA,NA,NA,NA,NA,NA,NA,NA,NA,NA,NA,NA,NA,NA,NA,NA,NA,NA,NA,NA,NA,NA,NA,NA,NA,NA,NA
"MazmanianS_DeCastroFonsecaM_1","CALTEC-001-ASO2_5mo","CALTEC-001-ASO2_5mo","Parkinson Disease","NCIT:C26845","feces","UBERON:0001988","Mus musculus","NCBITaxon:10090","Case","NCIT:C49152","5",NA,NA,"Month","NCIT:C29846",NA,NA,NA,NA,"Kaelyn Long","CALTEC-001-ASO2_5mo","CALTEC-001-ASO2_5mo","Stool metagenome of 5-month old human alpha-synuclein overexpressing mouse","QIAamp Fast DNA Stool Mini Kit","WGS","METAGENOMIC","RANDOM","paired","ILLUMINA","Illumina NovaSeq X Plus","435","3/7/25","DNA was isolated from one mouse stool sample pellet using the Qiagen FAST DNA stool mini kit following the manufacturers protocol. Libraries were prepared using the Illumina DNA Prep, (M) Tagmentation (96 Samples, IPB) kit (Illumina, #20060059). Sequencing was performed using Illumina NovaSeq X Plus aiming for 70 million reads per sample, with mean read length of 150 base pairs. Library preparation and Sequencing was performed by Prebiomics. Fastq files were uniformly processed using the curatedMetagenomicsNextflow pipeline (https://github.com/seandavi/curatedMetagenomicsNextflow) specifying the mouse reference genome in Trimmomatic.","fastq",NA,NA,NA,NA,NA,NA,"USA","34.1374596;-118.1268412","2024","9","ASO_2","ASO","5","30","8.18","24.78","4","/shares/CIBIO-Storage/CM/scratch/data/meta/CM_caltec_001_1024/CALTEC-001-ASO2_5mo/CALTEC-001-ASO2_5mo_R1.fastq.gz;/shares/CIBIO-Storage/CM/scratch/data/meta/CM_caltec_001_1024/CALTEC-001-ASO2_5mo/CALTEC-001-ASO2_5mo_R2.fastq.gz;","04ec4b07-8326-48ce-9318-1a319585e47f",NA,NA,NA,NA,NA,NA,NA,NA,NA,NA,NA,NA,NA,NA,NA,NA,NA,NA,NA,NA,NA,NA,NA,NA,NA,NA,NA,NA,NA,NA,NA,NA,NA,NA,NA
"MazmanianS_DeCastroFonsecaM_1","CALTEC-001-ASO3_5mo","CALTEC-001-ASO3_5mo","Parkinson Disease","NCIT:C26845","feces","UBERON:0001988","Mus musculus","NCBITaxon:10090","Case","NCIT:C49152","5",NA,NA,"Month","NCIT:C29846",NA,NA,NA,NA,"Kaelyn Long","CALTEC-001-ASO3_5mo","CALTEC-001-ASO3_5mo","Stool metagenome of 5-month old human alpha-synuclein overexpressing mouse","QIAamp Fast DNA Stool Mini Kit","WGS","METAGENOMIC","RANDOM","paired","ILLUMINA","Illumina NovaSeq X Plus","435","3/7/25","DNA was isolated from one mouse stool sample pellet using the Qiagen FAST DNA stool mini kit following the manufacturers protocol. Libraries were prepared using the Illumina DNA Prep, (M) Tagmentation (96 Samples, IPB) kit (Illumina, #20060059). Sequencing was performed using Illumina NovaSeq X Plus aiming for 70 million reads per sample, with mean read length of 150 base pairs. Library preparation and Sequencing was performed by Prebiomics. Fastq files were uniformly processed using the curatedMetagenomicsNextflow pipeline (https://github.com/seandavi/curatedMetagenomicsNextflow) specifying the mouse reference genome in Trimmomatic.","fastq",NA,NA,NA,NA,NA,NA,"USA","34.1374596;-118.1268413","2024","9","ASO_3","ASO","5","30","30","7.19","0","/shares/CIBIO-Storage/CM/scratch/data/meta/CM_caltec_001_1024/CALTEC-001-ASO3_5mo/CALTEC-001-ASO3_5mo_R1.fastq.gz;/shares/CIBIO-Storage/CM/scratch/data/meta/CM_caltec_001_1024/CALTEC-001-ASO3_5mo/CALTEC-001-ASO3_5mo_R2.fastq.gz;","b97a6050-11ec-4524-8d2c-1405e88955e4",NA,NA,NA,NA,NA,NA,NA,NA,NA,NA,NA,NA,NA,NA,NA,NA,NA,NA,NA,NA,NA,NA,NA,NA,NA,NA,NA,NA,NA,NA,NA,NA,NA,NA,NA
"MazmanianS_DeCastroFonsecaM_1","CALTEC-001-ASO4_5mo","CALTEC-001-ASO4_5mo","Parkinson Disease","NCIT:C26845","feces","UBERON:0001988","Mus musculus","NCBITaxon:10090","Case","NCIT:C49152","5",NA,NA,"Month","NCIT:C29846",NA,NA,NA,NA,"Kaelyn Long","CALTEC-001-ASO4_5mo","CALTEC-001-ASO4_5mo","Stool metagenome of 5-month old human alpha-synuclein overexpressing mouse","QIAamp Fast DNA Stool Mini Kit","WGS","METAGENOMIC","RANDOM","paired","ILLUMINA","Illumina NovaSeq X Plus","435","3/7/25","DNA was isolated from one mouse stool sample pellet using the Qiagen FAST DNA stool mini kit following the manufacturers protocol. Libraries were prepared using the Illumina DNA Prep, (M) Tagmentation (96 Samples, IPB) kit (Illumina, #20060059). Sequencing was performed using Illumina NovaSeq X Plus aiming for 70 million reads per sample, with mean read length of 150 base pairs. Library preparation and Sequencing was performed by Prebiomics. Fastq files were uniformly processed using the curatedMetagenomicsNextflow pipeline (https://github.com/seandavi/curatedMetagenomicsNextflow) specifying the mouse reference genome in Trimmomatic.","fastq",NA,NA,NA,NA,NA,NA,"USA","34.1374596;-118.1268414","2024","9","ASO_4","ASO","5","30","9.36","24.81","5","/shares/CIBIO-Storage/CM/scratch/data/meta/CM_caltec_001_1024/CALTEC-001-ASO4_5mo/CALTEC-001-ASO4_5mo_R1.fastq.gz;/shares/CIBIO-Storage/CM/scratch/data/meta/CM_caltec_001_1024/CALTEC-001-ASO4_5mo/CALTEC-001-ASO4_5mo_R2.fastq.gz;","089e9d2c-3c0c-42a0-9606-aa171ced0a95",NA,NA,NA,NA,NA,NA,NA,NA,NA,NA,NA,NA,NA,NA,NA,NA,NA,NA,NA,NA,NA,NA,NA,NA,NA,NA,NA,NA,NA,NA,NA,NA,NA,NA,NA
"MazmanianS_DeCastroFonsecaM_1","CALTEC-001-ASO5_5mo","CALTEC-001-ASO5_5mo","Parkinson Disease","NCIT:C26845","feces","UBERON:0001988","Mus musculus","NCBITaxon:10090","Case","NCIT:C49152","5",NA,NA,"Month","NCIT:C29846",NA,NA,NA,NA,"Kaelyn Long","CALTEC-001-ASO5_5mo","CALTEC-001-ASO5_5mo","Stool metagenome of 5-month old human alpha-synuclein overexpressing mouse","QIAamp Fast DNA Stool Mini Kit","WGS","METAGENOMIC","RANDOM","paired","ILLUMINA","Illumina NovaSeq X Plus","435","3/7/25","DNA was isolated from one mouse stool sample pellet using the Qiagen FAST DNA stool mini kit following the manufacturers protocol. Libraries were prepared using the Illumina DNA Prep, (M) Tagmentation (96 Samples, IPB) kit (Illumina, #20060059). Sequencing was performed using Illumina NovaSeq X Plus aiming for 70 million reads per sample, with mean read length of 150 base pairs. Library preparation and Sequencing was performed by Prebiomics. Fastq files were uniformly processed using the curatedMetagenomicsNextflow pipeline (https://github.com/seandavi/curatedMetagenomicsNextflow) specifying the mouse reference genome in Trimmomatic.","fastq",NA,NA,NA,NA,NA,NA,"USA","34.1374596;-118.1268415","2024","9","ASO_5","ASO","5","16.09","30","30","4","/shares/CIBIO-Storage/CM/scratch/data/meta/CM_caltec_001_1024/CALTEC-001-ASO5_5mo/CALTEC-001-ASO5_5mo_R1.fastq.gz;/shares/CIBIO-Storage/CM/scratch/data/meta/CM_caltec_001_1024/CALTEC-001-ASO5_5mo/CALTEC-001-ASO5_5mo_R2.fastq.gz;","017cd3b6-c173-4222-848a-d540c23b5f69",NA,NA,NA,NA,NA,NA,NA,NA,NA,NA,NA,NA,NA,NA,NA,NA,NA,NA,NA,NA,NA,NA,NA,NA,NA,NA,NA,NA,NA,NA,NA,NA,NA,NA,NA
"MazmanianS_DeCastroFonsecaM_1","CALTEC-001-ASO6_5mo","CALTEC-001-ASO6_5mo","Parkinson Disease","NCIT:C26845","feces","UBERON:0001988","Mus musculus","NCBITaxon:10090","Case","NCIT:C49152","5",NA,NA,"Month","NCIT:C29846",NA,NA,NA,NA,"Kaelyn Long","CALTEC-001-ASO6_5mo","CALTEC-001-ASO6_5mo","Stool metagenome of 5-month old human alpha-synuclein overexpressing mouse","QIAamp Fast DNA Stool Mini Kit","WGS","METAGENOMIC","RANDOM","paired","ILLUMINA","Illumina NovaSeq X Plus","435","3/7/25","DNA was isolated from one mouse stool sample pellet using the Qiagen FAST DNA stool mini kit following the manufacturers protocol. Libraries were prepared using the Illumina DNA Prep, (M) Tagmentation (96 Samples, IPB) kit (Illumina, #20060059). Sequencing was performed using Illumina NovaSeq X Plus aiming for 70 million reads per sample, with mean read length of 150 base pairs. Library preparation and Sequencing was performed by Prebiomics. Fastq files were uniformly processed using the curatedMetagenomicsNextflow pipeline (https://github.com/seandavi/curatedMetagenomicsNextflow) specifying the mouse reference genome in Trimmomatic.","fastq",NA,NA,NA,NA,NA,NA,"USA","34.1374596;-118.1268416","2024","10","ASO_6","ASO","5","30","13.82","30","7","/shares/CIBIO-Storage/CM/scratch/data/meta/CM_caltec_001_1024/CALTEC-001-ASO6_5mo/CALTEC-001-ASO6_5mo_R1.fastq.gz;/shares/CIBIO-Storage/CM/scratch/data/meta/CM_caltec_001_1024/CALTEC-001-ASO6_5mo/CALTEC-001-ASO6_5mo_R2.fastq.gz;","47d0dfb4-dcad-4c1a-a6af-226a2911b5a2",NA,NA,NA,NA,NA,NA,NA,NA,NA,NA,NA,NA,NA,NA,NA,NA,NA,NA,NA,NA,NA,NA,NA,NA,NA,NA,NA,NA,NA,NA,NA,NA,NA,NA,NA
"MazmanianS_DeCastroFonsecaM_1","CALTEC-001-ASO7_5mo","CALTEC-001-ASO7_5mo","Parkinson Disease","NCIT:C26845","feces","UBERON:0001988","Mus musculus","NCBITaxon:10090","Case","NCIT:C49152","5",NA,NA,"Month","NCIT:C29846",NA,NA,NA,NA,"Kaelyn Long","CALTEC-001-ASO7_5mo","CALTEC-001-ASO7_5mo","Stool metagenome of 5-month old human alpha-synuclein overexpressing mouse","QIAamp Fast DNA Stool Mini Kit","WGS","METAGENOMIC","RANDOM","paired","ILLUMINA","Illumina NovaSeq X Plus","435","3/7/25","DNA was isolated from one mouse stool sample pellet using the Qiagen FAST DNA stool mini kit following the manufacturers protocol. Libraries were prepared using the Illumina DNA Prep, (M) Tagmentation (96 Samples, IPB) kit (Illumina, #20060059). Sequencing was performed using Illumina NovaSeq X Plus aiming for 70 million reads per sample, with mean read length of 150 base pairs. Library preparation and Sequencing was performed by Prebiomics. Fastq files were uniformly processed using the curatedMetagenomicsNextflow pipeline (https://github.com/seandavi/curatedMetagenomicsNextflow) specifying the mouse reference genome in Trimmomatic.","fastq",NA,NA,NA,NA,NA,NA,"USA","34.1374596;-118.1268417","2024","10","ASO_7","ASO","5","22","16.14","20.48","13","/shares/CIBIO-Storage/CM/scratch/data/meta/CM_caltec_001_1024/CALTEC-001-ASO7_5mo/CALTEC-001-ASO7_5mo_R1.fastq.gz;/shares/CIBIO-Storage/CM/scratch/data/meta/CM_caltec_001_1024/CALTEC-001-ASO7_5mo/CALTEC-001-ASO7_5mo_R2.fastq.gz;","5a64ab7c-0a0f-43fd-9d55-c4c34bc43b80",NA,NA,NA,NA,NA,NA,NA,NA,NA,NA,NA,NA,NA,NA,NA,NA,NA,NA,NA,NA,NA,NA,NA,NA,NA,NA,NA,NA,NA,NA,NA,NA,NA,NA,NA
"MazmanianS_DeCastroFonsecaM_1","CALTEC-001-ASO8_5mo","CALTEC-001-ASO8_5mo","Parkinson Disease","NCIT:C26845","feces","UBERON:0001988","Mus musculus","NCBITaxon:10090","Case","NCIT:C49152","5",NA,NA,"Month","NCIT:C29846",NA,NA,NA,NA,"Kaelyn Long","CALTEC-001-ASO8_5mo","CALTEC-001-ASO8_5mo","Stool metagenome of 5-month old human alpha-synuclein overexpressing mouse","QIAamp Fast DNA Stool Mini Kit","WGS","METAGENOMIC","RANDOM","paired","ILLUMINA","Illumina NovaSeq X Plus","435","3/7/25","DNA was isolated from one mouse stool sample pellet using the Qiagen FAST DNA stool mini kit following the manufacturers protocol. Libraries were prepared using the Illumina DNA Prep, (M) Tagmentation (96 Samples, IPB) kit (Illumina, #20060059). Sequencing was performed using Illumina NovaSeq X Plus aiming for 70 million reads per sample, with mean read length of 150 base pairs. Library preparation and Sequencing was performed by Prebiomics. Fastq files were uniformly processed using the curatedMetagenomicsNextflow pipeline (https://github.com/seandavi/curatedMetagenomicsNextflow) specifying the mouse reference genome in Trimmomatic.","fastq",NA,NA,NA,NA,NA,NA,"USA","34.1374596;-118.1268418","2024","10","ASO_8","ASO","5","26.56","30","29.84","8","/shares/CIBIO-Storage/CM/scratch/data/meta/CM_caltec_001_1024/CALTEC-001-ASO8_5mo/CALTEC-001-ASO8_5mo_R1.fastq.gz;/shares/CIBIO-Storage/CM/scratch/data/meta/CM_caltec_001_1024/CALTEC-001-ASO8_5mo/CALTEC-001-ASO8_5mo_R2.fastq.gz;","0bb8a185-98d3-4d99-85b8-2ff900029244",NA,NA,NA,NA,NA,NA,NA,NA,NA,NA,NA,NA,NA,NA,NA,NA,NA,NA,NA,NA,NA,NA,NA,NA,NA,NA,NA,NA,NA,NA,NA,NA,NA,NA,NA
"MazmanianS_DeCastroFonsecaM_1","CALTEC-001-ASO9_5mo","CALTEC-001-ASO9_5mo","Parkinson Disease","NCIT:C26845","feces","UBERON:0001988","Mus musculus","NCBITaxon:10090","Case","NCIT:C49152","5",NA,NA,"Month","NCIT:C29846",NA,NA,NA,NA,"Kaelyn Long","CALTEC-001-ASO9_5mo","CALTEC-001-ASO9_5mo","Stool metagenome of 5-month old human alpha-synuclein overexpressing mouse","QIAamp Fast DNA Stool Mini Kit","WGS","METAGENOMIC","RANDOM","paired","ILLUMINA","Illumina NovaSeq X Plus","435","3/7/25","DNA was isolated from one mouse stool sample pellet using the Qiagen FAST DNA stool mini kit following the manufacturers protocol. Libraries were prepared using the Illumina DNA Prep, (M) Tagmentation (96 Samples, IPB) kit (Illumina, #20060059). Sequencing was performed using Illumina NovaSeq X Plus aiming for 70 million reads per sample, with mean read length of 150 base pairs. Library preparation and Sequencing was performed by Prebiomics. Fastq files were uniformly processed using the curatedMetagenomicsNextflow pipeline (https://github.com/seandavi/curatedMetagenomicsNextflow) specifying the mouse reference genome in Trimmomatic.","fastq",NA,NA,NA,NA,NA,NA,"USA","34.1374596;-118.1268419","2024","10","ASO_9","ASO","5","30","30","30","6","/shares/CIBIO-Storage/CM/scratch/data/meta/CM_caltec_001_1024/CALTEC-001-ASO9_5mo/CALTEC-001-ASO9_5mo_R1.fastq.gz;/shares/CIBIO-Storage/CM/scratch/data/meta/CM_caltec_001_1024/CALTEC-001-ASO9_5mo/CALTEC-001-ASO9_5mo_R2.fastq.gz;","edc9cfd8-ff2a-4ab7-9a2d-447b713d170a",NA,NA,NA,NA,NA,NA,NA,NA,NA,NA,NA,NA,NA,NA,NA,NA,NA,NA,NA,NA,NA,NA,NA,NA,NA,NA,NA,NA,NA,NA,NA,NA,NA,NA,NA
"MazmanianS_DeCastroFonsecaM_1","CALTEC-001-ASO10_5mo","CALTEC-001-ASO10_5mo","Parkinson Disease","NCIT:C26845","feces","UBERON:0001988","Mus musculus","NCBITaxon:10090","Case","NCIT:C49152","5",NA,NA,"Month","NCIT:C29846",NA,NA,NA,NA,"Kaelyn Long","CALTEC-001-ASO10_5mo","CALTEC-001-ASO10_5mo","Stool metagenome of 5-month old human alpha-synuclein overexpressing mouse","QIAamp Fast DNA Stool Mini Kit","WGS","METAGENOMIC","RANDOM","paired","ILLUMINA","Illumina NovaSeq X Plus","435","3/7/25","DNA was isolated from one mouse stool sample pellet using the Qiagen FAST DNA stool mini kit following the manufacturers protocol. Libraries were prepared using the Illumina DNA Prep, (M) Tagmentation (96 Samples, IPB) kit (Illumina, #20060059). Sequencing was performed using Illumina NovaSeq X Plus aiming for 70 million reads per sample, with mean read length of 150 base pairs. Library preparation and Sequencing was performed by Prebiomics. Fastq files were uniformly processed using the curatedMetagenomicsNextflow pipeline (https://github.com/seandavi/curatedMetagenomicsNextflow) specifying the mouse reference genome in Trimmomatic.","fastq",NA,NA,NA,NA,NA,NA,"USA","34.1374596;-118.1268420","2024","10","ASO_10","ASO","5","26.4","25.6","26.7","6","/shares/CIBIO-Storage/CM/scratch/data/meta/CM_caltec_001_1024/CALTEC-001-ASO10_5mo/CALTEC-001-ASO10_5mo_R1.fastq.gz;/shares/CIBIO-Storage/CM/scratch/data/meta/CM_caltec_001_1024/CALTEC-001-ASO10_5mo/CALTEC-001-ASO10_5mo_R2.fastq.gz;","b9c5f213-a888-4f4a-b038-71ff31fd285c",NA,NA,NA,NA,NA,NA,NA,NA,NA,NA,NA,NA,NA,NA,NA,NA,NA,NA,NA,NA,NA,NA,NA,NA,NA,NA,NA,NA,NA,NA,NA,NA,NA,NA,NA
"MazmanianS_DeCastroFonsecaM_2","CALTEC-001-1","CALTEC-001-1","Parkinson Disease","NCIT:C26845","feces","UBERON:0001988","Mus musculus","NCBITaxon:10090",NA,NA,NA,NA,NA,"Day","NCIT:C25301",NA,NA,NA,NA,"Kaelyn Long","CALTEC-001-1","CALTEC-001-1","Fecal metagenome of breeder mouse 1","QIAamp Fast DNA Stool Mini Kit","WGS","METAGENOMIC","RANDOM","paired","ILLUMINA","Illumina NovaSeq X Plus","435","3/7/25","DNA was isolated from one mouse stool sample pellet using the Qiagen FAST DNA stool mini kit following the manufacturers protocol. Libraries were prepared using the Illumina DNA Prep, (M) Tagmentation (96 Samples, IPB) kit (Illumina, #20060059). Sequencing was performed using Illumina NovaSeq X Plus aiming for 70 million reads per sample, with mean read length of 150 base pairs. Library preparation and Sequencing was performed by Prebiomics. Fastq files were uniformly processed using the curatedMetagenomicsNextflow pipeline (https://github.com/seandavi/curatedMetagenomicsNextflow) specifying the mouse reference genome in Trimmomatic.","fastq",NA,NA,NA,NA,NA,NA,"USA","34.1374596;-118.1268371",NA,NA,NA,NA,NA,NA,NA,NA,NA,"/shares/CIBIO-Storage/CM/scratch/data/meta/CM_caltec_001_1024/CALTEC-001-1/CALTEC-001-1_R1.fastq.gz;/shares/CIBIO-Storage/CM/scratch/data/meta/CM_caltec_001_1024/CALTEC-001-1/CALTEC-001-1_R2.fastq.gz;","59d8eb5b-2051-4453-93ee-6cbcda66e04f","Mus Musculus","Breeder 1",NA,NA,NA,NA,NA,NA,NA,NA,NA,NA,NA,NA,NA,NA,NA,NA,NA,NA,NA,NA,NA,NA,NA,NA,NA,NA,NA,NA,NA,NA,NA,NA,NA
"MazmanianS_DeCastroFonsecaM_2","CALTEC-001-2","CALTEC-001-2","Parkinson Disease","NCIT:C26845","feces","UBERON:0001988","Mus musculus","NCBITaxon:10090",NA,NA,NA,NA,NA,"Day","NCIT:C25301",NA,NA,NA,NA,"Kaelyn Long","CALTEC-001-2","CALTEC-001-2","Fecal metagenome of breeder mouse 2","QIAamp Fast DNA Stool Mini Kit","WGS","METAGENOMIC","RANDOM","paired","ILLUMINA","Illumina NovaSeq X Plus","435","3/7/25","DNA was isolated from one mouse stool sample pellet using the Qiagen FAST DNA stool mini kit following the manufacturers protocol. Libraries were prepared using the Illumina DNA Prep, (M) Tagmentation (96 Samples, IPB) kit (Illumina, #20060059). Sequencing was performed using Illumina NovaSeq X Plus aiming for 70 million reads per sample, with mean read length of 150 base pairs. Library preparation and Sequencing was performed by Prebiomics. Fastq files were uniformly processed using the curatedMetagenomicsNextflow pipeline (https://github.com/seandavi/curatedMetagenomicsNextflow) specifying the mouse reference genome in Trimmomatic.","fastq",NA,NA,NA,NA,NA,NA,"USA","34.1374596;-118.1268372",NA,NA,NA,NA,NA,NA,NA,NA,NA,"/shares/CIBIO-Storage/CM/scratch/data/meta/CM_caltec_001_1024/CALTEC-001-2/CALTEC-001-2_R1.fastq.gz;/shares/CIBIO-Storage/CM/scratch/data/meta/CM_caltec_001_1024/CALTEC-001-2/CALTEC-001-2_R2.fastq.gz;","921587a5-c0bf-4249-a97a-25096f7583b8","Mus Musculus","Breeder 2",NA,NA,NA,NA,NA,NA,NA,NA,NA,NA,NA,NA,NA,NA,NA,NA,NA,NA,NA,NA,NA,NA,NA,NA,NA,NA,NA,NA,NA,NA,NA,NA,NA
"MazmanianS_DeCastroFonsecaM_2","CALTEC-001-3","CALTEC-001-3","Parkinson Disease","NCIT:C26845","feces","UBERON:0001988","Mus musculus","NCBITaxon:10090",NA,NA,NA,NA,NA,"Day","NCIT:C25301",NA,NA,NA,NA,"Kaelyn Long","CALTEC-001-3","CALTEC-001-3","Fecal metagenome of breeder mouse 3","QIAamp Fast DNA Stool Mini Kit","WGS","METAGENOMIC","RANDOM","paired","ILLUMINA","Illumina NovaSeq X Plus","435","3/7/25","DNA was isolated from one mouse stool sample pellet using the Qiagen FAST DNA stool mini kit following the manufacturers protocol. Libraries were prepared using the Illumina DNA Prep, (M) Tagmentation (96 Samples, IPB) kit (Illumina, #20060059). Sequencing was performed using Illumina NovaSeq X Plus aiming for 70 million reads per sample, with mean read length of 150 base pairs. Library preparation and Sequencing was performed by Prebiomics. Fastq files were uniformly processed using the curatedMetagenomicsNextflow pipeline (https://github.com/seandavi/curatedMetagenomicsNextflow) specifying the mouse reference genome in Trimmomatic.","fastq",NA,NA,NA,NA,NA,NA,"USA","34.1374596;-118.1268373",NA,NA,NA,NA,NA,NA,NA,NA,NA,"/shares/CIBIO-Storage/CM/scratch/data/meta/CM_caltec_001_1024/CALTEC-001-3/CALTEC-001-3_R1.fastq.gz;/shares/CIBIO-Storage/CM/scratch/data/meta/CM_caltec_001_1024/CALTEC-001-3/CALTEC-001-3_R2.fastq.gz;","b1f5f759-7335-41b6-8571-cbb1c349404f","Mus Musculus","Breeder 3",NA,NA,NA,NA,NA,NA,NA,NA,NA,NA,NA,NA,NA,NA,NA,NA,NA,NA,NA,NA,NA,NA,NA,NA,NA,NA,NA,NA,NA,NA,NA,NA,NA
"MazmanianS_DeCastroFonsecaM_2","CALTEC-001-4","CALTEC-001-4","Parkinson Disease","NCIT:C26845","feces","UBERON:0001988","Mus musculus","NCBITaxon:10090",NA,NA,NA,NA,NA,"Day","NCIT:C25301",NA,NA,NA,NA,"Kaelyn Long","CALTEC-001-4","CALTEC-001-4","Fecal metagenome of breeder mouse 4","QIAamp Fast DNA Stool Mini Kit","WGS","METAGENOMIC","RANDOM","paired","ILLUMINA","Illumina NovaSeq X Plus","435","3/7/25","DNA was isolated from one mouse stool sample pellet using the Qiagen FAST DNA stool mini kit following the manufacturers protocol. Libraries were prepared using the Illumina DNA Prep, (M) Tagmentation (96 Samples, IPB) kit (Illumina, #20060059). Sequencing was performed using Illumina NovaSeq X Plus aiming for 70 million reads per sample, with mean read length of 150 base pairs. Library preparation and Sequencing was performed by Prebiomics. Fastq files were uniformly processed using the curatedMetagenomicsNextflow pipeline (https://github.com/seandavi/curatedMetagenomicsNextflow) specifying the mouse reference genome in Trimmomatic.","fastq",NA,NA,NA,NA,NA,NA,"USA","34.1374596;-118.1268374",NA,NA,NA,NA,NA,NA,NA,NA,NA,"/shares/CIBIO-Storage/CM/scratch/data/meta/CM_caltec_001_1024/CALTEC-001-4/CALTEC-001-4_R1.fastq.gz;/shares/CIBIO-Storage/CM/scratch/data/meta/CM_caltec_001_1024/CALTEC-001-4/CALTEC-001-4_R2.fastq.gz;","d23d97ef-5469-4638-a14d-ce300c98c806","Mus Musculus","Breeder 4",NA,NA,NA,NA,NA,NA,NA,NA,NA,NA,NA,NA,NA,NA,NA,NA,NA,NA,NA,NA,NA,NA,NA,NA,NA,NA,NA,NA,NA,NA,NA,NA,NA
"MazmanianS_DeCastroFonsecaM_2","CALTEC-001-5","CALTEC-001-5","Parkinson Disease","NCIT:C26845","feces","UBERON:0001988","Mus musculus","NCBITaxon:10090","Case","NCIT:C49152","21",NA,NA,"Day","NCIT:C25301",NA,NA,NA,NA,"Kaelyn Long","CALTEC-001-5","CALTEC-001-5","Fecal metagenome of lab mouse","QIAamp Fast DNA Stool Mini Kit","WGS","METAGENOMIC","RANDOM","paired","ILLUMINA","Illumina NovaSeq X Plus","435","3/7/25","DNA was isolated from one mouse stool sample pellet using the Qiagen FAST DNA stool mini kit following the manufacturers protocol. Libraries were prepared using the Illumina DNA Prep, (M) Tagmentation (96 Samples, IPB) kit (Illumina, #20060059). Sequencing was performed using Illumina NovaSeq X Plus aiming for 70 million reads per sample, with mean read length of 150 base pairs. Library preparation and Sequencing was performed by Prebiomics. Fastq files were uniformly processed using the curatedMetagenomicsNextflow pipeline (https://github.com/seandavi/curatedMetagenomicsNextflow) specifying the mouse reference genome in Trimmomatic.","fastq",NA,NA,NA,NA,NA,NA,"USA","34.1374596;-118.1268375","3/7/24",NA,NA,"ASO",NA,NA,NA,NA,NA,"/shares/CIBIO-Storage/CM/scratch/data/meta/CM_caltec_001_1024/CALTEC-001-5/CALTEC-001-5_R1.fastq.gz;/shares/CIBIO-Storage/CM/scratch/data/meta/CM_caltec_001_1024/CALTEC-001-5/CALTEC-001-5_R2.fastq.gz;","da4eaf70-cb3c-4f22-bfa9-9eea434e3d78","Mus Musculus","B1_C1_ASO","21","1","1","weaning day, collection",NA,NA,NA,NA,NA,NA,NA,NA,NA,NA,NA,NA,NA,NA,NA,NA,NA,NA,NA,NA,NA,NA,NA,NA,NA,NA,NA,NA,NA
"MazmanianS_DeCastroFonsecaM_2","CALTEC-001-6","CALTEC-001-6","Parkinson Disease","NCIT:C26845","feces","UBERON:0001988","Mus musculus","NCBITaxon:10090","Study Control","NCIT:C142703","21",NA,NA,"Day","NCIT:C25301",NA,NA,NA,NA,"Kaelyn Long","CALTEC-001-6","CALTEC-001-6","Fecal metagenome of lab mouse","QIAamp Fast DNA Stool Mini Kit","WGS","METAGENOMIC","RANDOM","paired","ILLUMINA","Illumina NovaSeq X Plus","435","3/7/25","DNA was isolated from one mouse stool sample pellet using the Qiagen FAST DNA stool mini kit following the manufacturers protocol. Libraries were prepared using the Illumina DNA Prep, (M) Tagmentation (96 Samples, IPB) kit (Illumina, #20060059). Sequencing was performed using Illumina NovaSeq X Plus aiming for 70 million reads per sample, with mean read length of 150 base pairs. Library preparation and Sequencing was performed by Prebiomics. Fastq files were uniformly processed using the curatedMetagenomicsNextflow pipeline (https://github.com/seandavi/curatedMetagenomicsNextflow) specifying the mouse reference genome in Trimmomatic.","fastq",NA,NA,NA,NA,NA,NA,"USA","34.1374596;-118.1268376","3/7/24",NA,NA,"WT",NA,NA,NA,NA,NA,"/shares/CIBIO-Storage/CM/scratch/data/meta/CM_caltec_001_1024/CALTEC-001-6/CALTEC-001-6_R1.fastq.gz;/shares/CIBIO-Storage/CM/scratch/data/meta/CM_caltec_001_1024/CALTEC-001-6/CALTEC-001-6_R2.fastq.gz;","7f45e09b-c5c0-42d3-8a7b-97b22ae2bc4f","Mus Musculus","B1_C1_WT","21","1","1","weaning day, collection",NA,NA,NA,NA,NA,NA,NA,NA,NA,NA,NA,NA,NA,NA,NA,NA,NA,NA,NA,NA,NA,NA,NA,NA,NA,NA,NA,NA,NA
"MazmanianS_DeCastroFonsecaM_2","CALTEC-001-7","CALTEC-001-7","Parkinson Disease","NCIT:C26845","feces","UBERON:0001988","Mus musculus","NCBITaxon:10090","Study Control","NCIT:C142703","21",NA,NA,"Day","NCIT:C25301",NA,NA,NA,NA,"Kaelyn Long","CALTEC-001-7","CALTEC-001-7","Fecal metagenome of lab mouse","QIAamp Fast DNA Stool Mini Kit","WGS","METAGENOMIC","RANDOM","paired","ILLUMINA","Illumina NovaSeq X Plus","435","3/7/25","DNA was isolated from one mouse stool sample pellet using the Qiagen FAST DNA stool mini kit following the manufacturers protocol. Libraries were prepared using the Illumina DNA Prep, (M) Tagmentation (96 Samples, IPB) kit (Illumina, #20060059). Sequencing was performed using Illumina NovaSeq X Plus aiming for 70 million reads per sample, with mean read length of 150 base pairs. Library preparation and Sequencing was performed by Prebiomics. Fastq files were uniformly processed using the curatedMetagenomicsNextflow pipeline (https://github.com/seandavi/curatedMetagenomicsNextflow) specifying the mouse reference genome in Trimmomatic.","fastq",NA,NA,NA,NA,NA,NA,"USA","34.1374596;-118.1268377","3/7/24",NA,NA,"WT",NA,NA,NA,NA,NA,"/shares/CIBIO-Storage/CM/scratch/data/meta/CM_caltec_001_1024/CALTEC-001-7/CALTEC-001-7_R1.fastq.gz;/shares/CIBIO-Storage/CM/scratch/data/meta/CM_caltec_001_1024/CALTEC-001-7/CALTEC-001-7_R2.fastq.gz;","1f869aff-c3b0-4ef2-9aef-b1418d474d8e","Mus Musculus","B1_C2_WT","21","2","1","weaning day, collection",NA,NA,NA,NA,NA,NA,NA,NA,NA,NA,NA,NA,NA,NA,NA,NA,NA,NA,NA,NA,NA,NA,NA,NA,NA,NA,NA,NA,NA
"MazmanianS_DeCastroFonsecaM_2","CALTEC-001-8","CALTEC-001-8","Parkinson Disease","NCIT:C26845","feces","UBERON:0001988","Mus musculus","NCBITaxon:10090","Case","NCIT:C49152","21",NA,NA,"Day","NCIT:C25301",NA,NA,NA,NA,"Kaelyn Long","CALTEC-001-8","CALTEC-001-8","Fecal metagenome of lab mouse","QIAamp Fast DNA Stool Mini Kit","WGS","METAGENOMIC","RANDOM","paired","ILLUMINA","Illumina NovaSeq X Plus","435","3/7/25","DNA was isolated from one mouse stool sample pellet using the Qiagen FAST DNA stool mini kit following the manufacturers protocol. Libraries were prepared using the Illumina DNA Prep, (M) Tagmentation (96 Samples, IPB) kit (Illumina, #20060059). Sequencing was performed using Illumina NovaSeq X Plus aiming for 70 million reads per sample, with mean read length of 150 base pairs. Library preparation and Sequencing was performed by Prebiomics. Fastq files were uniformly processed using the curatedMetagenomicsNextflow pipeline (https://github.com/seandavi/curatedMetagenomicsNextflow) specifying the mouse reference genome in Trimmomatic.","fastq",NA,NA,NA,NA,NA,NA,"USA","34.1374596;-118.1268378","3/7/24",NA,NA,"ASO",NA,NA,NA,NA,NA,"/shares/CIBIO-Storage/CM/scratch/data/meta/CM_caltec_001_1024/CALTEC-001-8/CALTEC-001-8_R1.fastq.gz;/shares/CIBIO-Storage/CM/scratch/data/meta/CM_caltec_001_1024/CALTEC-001-8/CALTEC-001-8_R2.fastq.gz;","cf9ec7a2-3f11-450e-aa5e-dec40f1fab60","Mus Musculus","B1_C2_ASO","21","2","1","weaning day, collection",NA,NA,NA,NA,NA,NA,NA,NA,NA,NA,NA,NA,NA,NA,NA,NA,NA,NA,NA,NA,NA,NA,NA,NA,NA,NA,NA,NA,NA
"MazmanianS_DeCastroFonsecaM_2","CALTEC-001-9","CALTEC-001-9","Parkinson Disease","NCIT:C26845","feces","UBERON:0001988","Mus musculus","NCBITaxon:10090","Study Control","NCIT:C142703","21",NA,NA,"Day","NCIT:C25301",NA,NA,NA,NA,"Kaelyn Long","CALTEC-001-9","CALTEC-001-9","Fecal metagenome of lab mouse","QIAamp Fast DNA Stool Mini Kit","WGS","METAGENOMIC","RANDOM","paired","ILLUMINA","Illumina NovaSeq X Plus","435","3/7/25","DNA was isolated from one mouse stool sample pellet using the Qiagen FAST DNA stool mini kit following the manufacturers protocol. Libraries were prepared using the Illumina DNA Prep, (M) Tagmentation (96 Samples, IPB) kit (Illumina, #20060059). Sequencing was performed using Illumina NovaSeq X Plus aiming for 70 million reads per sample, with mean read length of 150 base pairs. Library preparation and Sequencing was performed by Prebiomics. Fastq files were uniformly processed using the curatedMetagenomicsNextflow pipeline (https://github.com/seandavi/curatedMetagenomicsNextflow) specifying the mouse reference genome in Trimmomatic.","fastq",NA,NA,NA,NA,NA,NA,"USA","34.1374596;-118.1268379","3/7/24",NA,NA,"WT",NA,NA,NA,NA,NA,"/shares/CIBIO-Storage/CM/scratch/data/meta/CM_caltec_001_1024/CALTEC-001-9/CALTEC-001-9_R1.fastq.gz;/shares/CIBIO-Storage/CM/scratch/data/meta/CM_caltec_001_1024/CALTEC-001-9/CALTEC-001-9_R2.fastq.gz;","f159bd23-0dcc-4410-8f30-b96cfd25dac4","Mus Musculus","B1_C1_WT","21","1","1","weaning day, collection",NA,NA,NA,NA,NA,NA,NA,NA,NA,NA,NA,NA,NA,NA,NA,NA,NA,NA,NA,NA,NA,NA,NA,NA,NA,NA,NA,NA,NA
"MazmanianS_DeCastroFonsecaM_2","CALTEC-001-10","CALTEC-001-10","Parkinson Disease","NCIT:C26845","feces","UBERON:0001988","Mus musculus","NCBITaxon:10090","Study Control","NCIT:C142703","21",NA,NA,"Day","NCIT:C25301",NA,NA,NA,NA,"Kaelyn Long","CALTEC-001-10","CALTEC-001-10","Fecal metagenome of lab mouse","QIAamp Fast DNA Stool Mini Kit","WGS","METAGENOMIC","RANDOM","paired","ILLUMINA","Illumina NovaSeq X Plus","435","3/7/25","DNA was isolated from one mouse stool sample pellet using the Qiagen FAST DNA stool mini kit following the manufacturers protocol. Libraries were prepared using the Illumina DNA Prep, (M) Tagmentation (96 Samples, IPB) kit (Illumina, #20060059). Sequencing was performed using Illumina NovaSeq X Plus aiming for 70 million reads per sample, with mean read length of 150 base pairs. Library preparation and Sequencing was performed by Prebiomics. Fastq files were uniformly processed using the curatedMetagenomicsNextflow pipeline (https://github.com/seandavi/curatedMetagenomicsNextflow) specifying the mouse reference genome in Trimmomatic.","fastq",NA,NA,NA,NA,NA,NA,"USA","34.1374596;-118.1268380","3/7/24",NA,NA,"WT",NA,NA,NA,NA,NA,"/shares/CIBIO-Storage/CM/scratch/data/meta/CM_caltec_001_1024/CALTEC-001-10/CALTEC-001-10_R1.fastq.gz;/shares/CIBIO-Storage/CM/scratch/data/meta/CM_caltec_001_1024/CALTEC-001-10/CALTEC-001-10_R2.fastq.gz;","80fad503-0019-4980-a564-1ec36a5a4de1","Mus Musculus","B2_C1_WT","21","1","2","weaning day, collection",NA,NA,NA,NA,NA,NA,NA,NA,NA,NA,NA,NA,NA,NA,NA,NA,NA,NA,NA,NA,NA,NA,NA,NA,NA,NA,NA,NA,NA
"MazmanianS_DeCastroFonsecaM_2","CALTEC-001-11","CALTEC-001-11","Parkinson Disease","NCIT:C26845","feces","UBERON:0001988","Mus musculus","NCBITaxon:10090","Case","NCIT:C49152","21",NA,NA,"Day","NCIT:C25301",NA,NA,NA,NA,"Kaelyn Long","CALTEC-001-11","CALTEC-001-11","Fecal metagenome of lab mouse","QIAamp Fast DNA Stool Mini Kit","WGS","METAGENOMIC","RANDOM","paired","ILLUMINA","Illumina NovaSeq X Plus","435","3/7/25","DNA was isolated from one mouse stool sample pellet using the Qiagen FAST DNA stool mini kit following the manufacturers protocol. Libraries were prepared using the Illumina DNA Prep, (M) Tagmentation (96 Samples, IPB) kit (Illumina, #20060059). Sequencing was performed using Illumina NovaSeq X Plus aiming for 70 million reads per sample, with mean read length of 150 base pairs. Library preparation and Sequencing was performed by Prebiomics. Fastq files were uniformly processed using the curatedMetagenomicsNextflow pipeline (https://github.com/seandavi/curatedMetagenomicsNextflow) specifying the mouse reference genome in Trimmomatic.","fastq",NA,NA,NA,NA,NA,NA,"USA","34.1374596;-118.1268381","3/7/24",NA,NA,"ASO",NA,NA,NA,NA,NA,"/shares/CIBIO-Storage/CM/scratch/data/meta/CM_caltec_001_1024/CALTEC-001-11/CALTEC-001-11_R1.fastq.gz;/shares/CIBIO-Storage/CM/scratch/data/meta/CM_caltec_001_1024/CALTEC-001-11/CALTEC-001-11_R2.fastq.gz;","55f8d68e-0a71-459a-b937-d412b4ea99a7","Mus Musculus","B2_C1_ASO","21","1","2","weaning day, collection",NA,NA,NA,NA,NA,NA,NA,NA,NA,NA,NA,NA,NA,NA,NA,NA,NA,NA,NA,NA,NA,NA,NA,NA,NA,NA,NA,NA,NA
"MazmanianS_DeCastroFonsecaM_2","CALTEC-001-12","CALTEC-001-12","Parkinson Disease","NCIT:C26845","feces","UBERON:0001988","Mus musculus","NCBITaxon:10090","Study Control","NCIT:C142703","21",NA,NA,"Day","NCIT:C25301",NA,NA,NA,NA,"Kaelyn Long","CALTEC-001-12","CALTEC-001-12","Fecal metagenome of lab mouse","QIAamp Fast DNA Stool Mini Kit","WGS","METAGENOMIC","RANDOM","paired","ILLUMINA","Illumina NovaSeq X Plus","435","3/7/25","DNA was isolated from one mouse stool sample pellet using the Qiagen FAST DNA stool mini kit following the manufacturers protocol. Libraries were prepared using the Illumina DNA Prep, (M) Tagmentation (96 Samples, IPB) kit (Illumina, #20060059). Sequencing was performed using Illumina NovaSeq X Plus aiming for 70 million reads per sample, with mean read length of 150 base pairs. Library preparation and Sequencing was performed by Prebiomics. Fastq files were uniformly processed using the curatedMetagenomicsNextflow pipeline (https://github.com/seandavi/curatedMetagenomicsNextflow) specifying the mouse reference genome in Trimmomatic.","fastq",NA,NA,NA,NA,NA,NA,"USA","34.1374596;-118.1268382","3/7/24",NA,NA,"WT",NA,NA,NA,NA,NA,"/shares/CIBIO-Storage/CM/scratch/data/meta/CM_caltec_001_1024/CALTEC-001-12/CALTEC-001-12_R1.fastq.gz;/shares/CIBIO-Storage/CM/scratch/data/meta/CM_caltec_001_1024/CALTEC-001-12/CALTEC-001-12_R2.fastq.gz;","930fa412-d3fc-420c-bd6a-63e157d424c8","Mus Musculus","B2_C2_WT","21","2","2","weaning day, collection",NA,NA,NA,NA,NA,NA,NA,NA,NA,NA,NA,NA,NA,NA,NA,NA,NA,NA,NA,NA,NA,NA,NA,NA,NA,NA,NA,NA,NA
"MazmanianS_DeCastroFonsecaM_2","CALTEC-001-13","CALTEC-001-13","Parkinson Disease","NCIT:C26845","feces","UBERON:0001988","Mus musculus","NCBITaxon:10090","Case","NCIT:C49152","21",NA,NA,"Day","NCIT:C25301",NA,NA,NA,NA,"Kaelyn Long","CALTEC-001-13","CALTEC-001-13","Fecal metagenome of lab mouse","QIAamp Fast DNA Stool Mini Kit","WGS","METAGENOMIC","RANDOM","paired","ILLUMINA","Illumina NovaSeq X Plus","435","3/7/25","DNA was isolated from one mouse stool sample pellet using the Qiagen FAST DNA stool mini kit following the manufacturers protocol. Libraries were prepared using the Illumina DNA Prep, (M) Tagmentation (96 Samples, IPB) kit (Illumina, #20060059). Sequencing was performed using Illumina NovaSeq X Plus aiming for 70 million reads per sample, with mean read length of 150 base pairs. Library preparation and Sequencing was performed by Prebiomics. Fastq files were uniformly processed using the curatedMetagenomicsNextflow pipeline (https://github.com/seandavi/curatedMetagenomicsNextflow) specifying the mouse reference genome in Trimmomatic.","fastq",NA,NA,NA,NA,NA,NA,"USA","34.1374596;-118.1268383","3/7/24",NA,NA,"ASO",NA,NA,NA,NA,NA,"/shares/CIBIO-Storage/CM/scratch/data/meta/CM_caltec_001_1024/CALTEC-001-13/CALTEC-001-13_R1.fastq.gz;/shares/CIBIO-Storage/CM/scratch/data/meta/CM_caltec_001_1024/CALTEC-001-13/CALTEC-001-13_R2.fastq.gz;","ac65bdc0-bf61-484b-a3a7-fef5e2576b46","Mus Musculus","B2_C2_ASO","21","2","2","weaning day, collection",NA,NA,NA,NA,NA,NA,NA,NA,NA,NA,NA,NA,NA,NA,NA,NA,NA,NA,NA,NA,NA,NA,NA,NA,NA,NA,NA,NA,NA
"MazmanianS_DeCastroFonsecaM_2","CALTEC-001-14","CALTEC-001-14","Parkinson Disease","NCIT:C26845","feces","UBERON:0001988","Mus musculus","NCBITaxon:10090","Case","NCIT:C49152","21",NA,NA,"Day","NCIT:C25301",NA,NA,NA,NA,"Kaelyn Long","CALTEC-001-14","CALTEC-001-14","Fecal metagenome of lab mouse","QIAamp Fast DNA Stool Mini Kit","WGS","METAGENOMIC","RANDOM","paired","ILLUMINA","Illumina NovaSeq X Plus","435","3/7/25","DNA was isolated from one mouse stool sample pellet using the Qiagen FAST DNA stool mini kit following the manufacturers protocol. Libraries were prepared using the Illumina DNA Prep, (M) Tagmentation (96 Samples, IPB) kit (Illumina, #20060059). Sequencing was performed using Illumina NovaSeq X Plus aiming for 70 million reads per sample, with mean read length of 150 base pairs. Library preparation and Sequencing was performed by Prebiomics. Fastq files were uniformly processed using the curatedMetagenomicsNextflow pipeline (https://github.com/seandavi/curatedMetagenomicsNextflow) specifying the mouse reference genome in Trimmomatic.","fastq",NA,NA,NA,NA,NA,NA,"USA","34.1374596;-118.1268384","3/7/24",NA,NA,"ASO",NA,NA,NA,NA,NA,"/shares/CIBIO-Storage/CM/scratch/data/meta/CM_caltec_001_1024/CALTEC-001-14/CALTEC-001-14_R1.fastq.gz;/shares/CIBIO-Storage/CM/scratch/data/meta/CM_caltec_001_1024/CALTEC-001-14/CALTEC-001-14_R2.fastq.gz;","2afca6d4-5570-4f8e-8db6-ee8f89d24d6d","Mus Musculus","B3_C4_ASO","21","4","3","weaning day, collection",NA,NA,NA,NA,NA,NA,NA,NA,NA,NA,NA,NA,NA,NA,NA,NA,NA,NA,NA,NA,NA,NA,NA,NA,NA,NA,NA,NA,NA
"MazmanianS_DeCastroFonsecaM_2","CALTEC-001-15","CALTEC-001-15","Parkinson Disease","NCIT:C26845","feces","UBERON:0001988","Mus musculus","NCBITaxon:10090","Case","NCIT:C49152","21",NA,NA,"Day","NCIT:C25301",NA,NA,NA,NA,"Kaelyn Long","CALTEC-001-15","CALTEC-001-15","Fecal metagenome of lab mouse","QIAamp Fast DNA Stool Mini Kit","WGS","METAGENOMIC","RANDOM","paired","ILLUMINA","Illumina NovaSeq X Plus","435","3/7/25","DNA was isolated from one mouse stool sample pellet using the Qiagen FAST DNA stool mini kit following the manufacturers protocol. Libraries were prepared using the Illumina DNA Prep, (M) Tagmentation (96 Samples, IPB) kit (Illumina, #20060059). Sequencing was performed using Illumina NovaSeq X Plus aiming for 70 million reads per sample, with mean read length of 150 base pairs. Library preparation and Sequencing was performed by Prebiomics. Fastq files were uniformly processed using the curatedMetagenomicsNextflow pipeline (https://github.com/seandavi/curatedMetagenomicsNextflow) specifying the mouse reference genome in Trimmomatic.","fastq",NA,NA,NA,NA,NA,NA,"USA","34.1374596;-118.1268385","3/7/24",NA,NA,"ASO",NA,NA,NA,NA,NA,"/shares/CIBIO-Storage/CM/scratch/data/meta/CM_caltec_001_1024/CALTEC-001-15/CALTEC-001-15_R1.fastq.gz;/shares/CIBIO-Storage/CM/scratch/data/meta/CM_caltec_001_1024/CALTEC-001-15/CALTEC-001-15_R2.fastq.gz;","cc3ef216-2036-40b6-98f0-7d62992638f4","Mus Musculus","B3_C3_ASO","21","3","3","weaning day, collection",NA,NA,NA,NA,NA,NA,NA,NA,NA,NA,NA,NA,NA,NA,NA,NA,NA,NA,NA,NA,NA,NA,NA,NA,NA,NA,NA,NA,NA
"MazmanianS_DeCastroFonsecaM_2","CALTEC-001-16","CALTEC-001-16","Parkinson Disease","NCIT:C26845","feces","UBERON:0001988","Mus musculus","NCBITaxon:10090","Case","NCIT:C49152","21",NA,NA,"Day","NCIT:C25301",NA,NA,NA,NA,"Kaelyn Long","CALTEC-001-16","CALTEC-001-16","Fecal metagenome of lab mouse","QIAamp Fast DNA Stool Mini Kit","WGS","METAGENOMIC","RANDOM","paired","ILLUMINA","Illumina NovaSeq X Plus","435","3/7/25","DNA was isolated from one mouse stool sample pellet using the Qiagen FAST DNA stool mini kit following the manufacturers protocol. Libraries were prepared using the Illumina DNA Prep, (M) Tagmentation (96 Samples, IPB) kit (Illumina, #20060059). Sequencing was performed using Illumina NovaSeq X Plus aiming for 70 million reads per sample, with mean read length of 150 base pairs. Library preparation and Sequencing was performed by Prebiomics. Fastq files were uniformly processed using the curatedMetagenomicsNextflow pipeline (https://github.com/seandavi/curatedMetagenomicsNextflow) specifying the mouse reference genome in Trimmomatic.","fastq",NA,NA,NA,NA,NA,NA,"USA","34.1374596;-118.1268386","3/7/24",NA,NA,"ASO",NA,NA,NA,NA,NA,"/shares/CIBIO-Storage/CM/scratch/data/meta/CM_caltec_001_1024/CALTEC-001-16/CALTEC-001-16_R1.fastq.gz;/shares/CIBIO-Storage/CM/scratch/data/meta/CM_caltec_001_1024/CALTEC-001-16/CALTEC-001-16_R2.fastq.gz;","7fc0f66d-3f43-4203-ad7b-979a5ba4e8c7","Mus Musculus","B4_C3_ASO","21","3","4","weaning day, collection",NA,NA,NA,NA,NA,NA,NA,NA,NA,NA,NA,NA,NA,NA,NA,NA,NA,NA,NA,NA,NA,NA,NA,NA,NA,NA,NA,NA,NA
"MazmanianS_DeCastroFonsecaM_2","CALTEC-001-17","CALTEC-001-17","Parkinson Disease","NCIT:C26845","feces","UBERON:0001988","Mus musculus","NCBITaxon:10090","Case","NCIT:C49152","21",NA,NA,"Day","NCIT:C25301",NA,NA,NA,NA,"Kaelyn Long","CALTEC-001-17","CALTEC-001-17","Fecal metagenome of lab mouse","QIAamp Fast DNA Stool Mini Kit","WGS","METAGENOMIC","RANDOM","paired","ILLUMINA","Illumina NovaSeq X Plus","435","3/7/25","DNA was isolated from one mouse stool sample pellet using the Qiagen FAST DNA stool mini kit following the manufacturers protocol. Libraries were prepared using the Illumina DNA Prep, (M) Tagmentation (96 Samples, IPB) kit (Illumina, #20060059). Sequencing was performed using Illumina NovaSeq X Plus aiming for 70 million reads per sample, with mean read length of 150 base pairs. Library preparation and Sequencing was performed by Prebiomics. Fastq files were uniformly processed using the curatedMetagenomicsNextflow pipeline (https://github.com/seandavi/curatedMetagenomicsNextflow) specifying the mouse reference genome in Trimmomatic.","fastq",NA,NA,NA,NA,NA,NA,"USA","34.1374596;-118.1268387","3/7/24",NA,NA,"ASO",NA,NA,NA,NA,NA,"/shares/CIBIO-Storage/CM/scratch/data/meta/CM_caltec_001_1024/CALTEC-001-17/CALTEC-001-17_R1.fastq.gz;/shares/CIBIO-Storage/CM/scratch/data/meta/CM_caltec_001_1024/CALTEC-001-17/CALTEC-001-17_R2.fastq.gz;","39dba7b0-e168-4d5a-8a75-4abeb7f5d913","Mus Musculus","B4_C4_ASO","21","4","4","weaning day, collection",NA,NA,NA,NA,NA,NA,NA,NA,NA,NA,NA,NA,NA,NA,NA,NA,NA,NA,NA,NA,NA,NA,NA,NA,NA,NA,NA,NA,NA
"MazmanianS_DeCastroFonsecaM_2","CALTEC-001-18","CALTEC-001-18","Parkinson Disease","NCIT:C26845","feces","UBERON:0001988","Mus musculus","NCBITaxon:10090","Study Control","NCIT:C142703","21",NA,NA,"Day","NCIT:C25301",NA,NA,NA,NA,"Kaelyn Long","CALTEC-001-18","CALTEC-001-18","Fecal metagenome of lab mouse","QIAamp Fast DNA Stool Mini Kit","WGS","METAGENOMIC","RANDOM","paired","ILLUMINA","Illumina NovaSeq X Plus","435","3/7/25","DNA was isolated from one mouse stool sample pellet using the Qiagen FAST DNA stool mini kit following the manufacturers protocol. Libraries were prepared using the Illumina DNA Prep, (M) Tagmentation (96 Samples, IPB) kit (Illumina, #20060059). Sequencing was performed using Illumina NovaSeq X Plus aiming for 70 million reads per sample, with mean read length of 150 base pairs. Library preparation and Sequencing was performed by Prebiomics. Fastq files were uniformly processed using the curatedMetagenomicsNextflow pipeline (https://github.com/seandavi/curatedMetagenomicsNextflow) specifying the mouse reference genome in Trimmomatic.","fastq",NA,NA,NA,NA,NA,NA,"USA","34.1374596;-118.1268388","3/7/24",NA,NA,"WT",NA,NA,NA,NA,NA,"/shares/CIBIO-Storage/CM/scratch/data/meta/CM_caltec_001_1024/CALTEC-001-18/CALTEC-001-18_R1.fastq.gz;/shares/CIBIO-Storage/CM/scratch/data/meta/CM_caltec_001_1024/CALTEC-001-18/CALTEC-001-18_R2.fastq.gz;","d555cfa2-0a9f-48b5-92ed-338c35ffb26c","Mus Musculus","B4_C4_WT","21","4","4","weaning day, collection",NA,NA,NA,NA,NA,NA,NA,NA,NA,NA,NA,NA,NA,NA,NA,NA,NA,NA,NA,NA,NA,NA,NA,NA,NA,NA,NA,NA,NA
"MazmanianS_DeCastroFonsecaM_2","CALTEC-001-19","CALTEC-001-19","Parkinson Disease","NCIT:C26845","feces","UBERON:0001988","Mus musculus","NCBITaxon:10090","Case","NCIT:C49152","28",NA,NA,"Day","NCIT:C25301",NA,NA,NA,NA,"Kaelyn Long","CALTEC-001-19","CALTEC-001-19","Fecal metagenome of lab mouse","QIAamp Fast DNA Stool Mini Kit","WGS","METAGENOMIC","RANDOM","paired","ILLUMINA","Illumina NovaSeq X Plus","435","3/7/25","DNA was isolated from one mouse stool sample pellet using the Qiagen FAST DNA stool mini kit following the manufacturers protocol. Libraries were prepared using the Illumina DNA Prep, (M) Tagmentation (96 Samples, IPB) kit (Illumina, #20060059). Sequencing was performed using Illumina NovaSeq X Plus aiming for 70 million reads per sample, with mean read length of 150 base pairs. Library preparation and Sequencing was performed by Prebiomics. Fastq files were uniformly processed using the curatedMetagenomicsNextflow pipeline (https://github.com/seandavi/curatedMetagenomicsNextflow) specifying the mouse reference genome in Trimmomatic.","fastq",NA,NA,NA,NA,NA,NA,"USA","34.1374596;-118.1268389","3/14/24",NA,NA,"ASO",NA,NA,NA,NA,NA,"/shares/CIBIO-Storage/CM/scratch/data/meta/CM_caltec_001_1024/CALTEC-001-19/CALTEC-001-19_R1.fastq.gz;/shares/CIBIO-Storage/CM/scratch/data/meta/CM_caltec_001_1024/CALTEC-001-19/CALTEC-001-19_R2.fastq.gz;","6e18751c-55d9-4f84-969c-45111e274777","Mus Musculus","B1_C1_ASO","28","1","1","genotyped, separation, collection",NA,NA,NA,NA,NA,NA,NA,NA,NA,NA,NA,NA,NA,NA,NA,NA,NA,NA,NA,NA,NA,NA,NA,NA,NA,NA,NA,NA,NA
"MazmanianS_DeCastroFonsecaM_2","CALTEC-001-20","CALTEC-001-20","Parkinson Disease","NCIT:C26845","feces","UBERON:0001988","Mus musculus","NCBITaxon:10090","Study Control","NCIT:C142703","28",NA,NA,"Day","NCIT:C25301",NA,NA,NA,NA,"Kaelyn Long","CALTEC-001-20","CALTEC-001-20","Fecal metagenome of lab mouse","QIAamp Fast DNA Stool Mini Kit","WGS","METAGENOMIC","RANDOM","paired","ILLUMINA","Illumina NovaSeq X Plus","435","3/7/25","DNA was isolated from one mouse stool sample pellet using the Qiagen FAST DNA stool mini kit following the manufacturers protocol. Libraries were prepared using the Illumina DNA Prep, (M) Tagmentation (96 Samples, IPB) kit (Illumina, #20060059). Sequencing was performed using Illumina NovaSeq X Plus aiming for 70 million reads per sample, with mean read length of 150 base pairs. Library preparation and Sequencing was performed by Prebiomics. Fastq files were uniformly processed using the curatedMetagenomicsNextflow pipeline (https://github.com/seandavi/curatedMetagenomicsNextflow) specifying the mouse reference genome in Trimmomatic.","fastq",NA,NA,NA,NA,NA,NA,"USA","34.1374596;-118.1268390","3/14/24",NA,NA,"WT",NA,NA,NA,NA,NA,"/shares/CIBIO-Storage/CM/scratch/data/meta/CM_caltec_001_1024/CALTEC-001-20/CALTEC-001-20_R1.fastq.gz;/shares/CIBIO-Storage/CM/scratch/data/meta/CM_caltec_001_1024/CALTEC-001-20/CALTEC-001-20_R2.fastq.gz;","4d050726-5da1-41ff-8286-98f1bdcee372","Mus Musculus","B1_C1_WT","28","1","1","genotyped, separation, collection",NA,NA,NA,NA,NA,NA,NA,NA,NA,NA,NA,NA,NA,NA,NA,NA,NA,NA,NA,NA,NA,NA,NA,NA,NA,NA,NA,NA,NA
"MazmanianS_DeCastroFonsecaM_2","CALTEC-001-21","CALTEC-001-21","Parkinson Disease","NCIT:C26845","feces","UBERON:0001988","Mus musculus","NCBITaxon:10090","Study Control","NCIT:C142703","28",NA,NA,"Day","NCIT:C25301",NA,NA,NA,NA,"Kaelyn Long","CALTEC-001-21","CALTEC-001-21","Fecal metagenome of lab mouse","QIAamp Fast DNA Stool Mini Kit","WGS","METAGENOMIC","RANDOM","paired","ILLUMINA","Illumina NovaSeq X Plus","435","3/7/25","DNA was isolated from one mouse stool sample pellet using the Qiagen FAST DNA stool mini kit following the manufacturers protocol. Libraries were prepared using the Illumina DNA Prep, (M) Tagmentation (96 Samples, IPB) kit (Illumina, #20060059). Sequencing was performed using Illumina NovaSeq X Plus aiming for 70 million reads per sample, with mean read length of 150 base pairs. Library preparation and Sequencing was performed by Prebiomics. Fastq files were uniformly processed using the curatedMetagenomicsNextflow pipeline (https://github.com/seandavi/curatedMetagenomicsNextflow) specifying the mouse reference genome in Trimmomatic.","fastq",NA,NA,NA,NA,NA,NA,"USA","34.1374596;-118.1268391","3/14/24",NA,NA,"WT",NA,NA,NA,NA,NA,"/shares/CIBIO-Storage/CM/scratch/data/meta/CM_caltec_001_1024/CALTEC-001-21/CALTEC-001-21_R1.fastq.gz;/shares/CIBIO-Storage/CM/scratch/data/meta/CM_caltec_001_1024/CALTEC-001-21/CALTEC-001-21_R2.fastq.gz;","8ec66429-80e4-4376-b08c-3df193c1ff98","Mus Musculus","B1_C2_WT","28","2","1","genotyped, separation, collection",NA,NA,NA,NA,NA,NA,NA,NA,NA,NA,NA,NA,NA,NA,NA,NA,NA,NA,NA,NA,NA,NA,NA,NA,NA,NA,NA,NA,NA
"MazmanianS_DeCastroFonsecaM_2","CALTEC-001-22","CALTEC-001-22","Parkinson Disease","NCIT:C26845","feces","UBERON:0001988","Mus musculus","NCBITaxon:10090","Case","NCIT:C49152","28",NA,NA,"Day","NCIT:C25301",NA,NA,NA,NA,"Kaelyn Long","CALTEC-001-22","CALTEC-001-22","Fecal metagenome of lab mouse","QIAamp Fast DNA Stool Mini Kit","WGS","METAGENOMIC","RANDOM","paired","ILLUMINA","Illumina NovaSeq X Plus","435","3/7/25","DNA was isolated from one mouse stool sample pellet using the Qiagen FAST DNA stool mini kit following the manufacturers protocol. Libraries were prepared using the Illumina DNA Prep, (M) Tagmentation (96 Samples, IPB) kit (Illumina, #20060059). Sequencing was performed using Illumina NovaSeq X Plus aiming for 70 million reads per sample, with mean read length of 150 base pairs. Library preparation and Sequencing was performed by Prebiomics. Fastq files were uniformly processed using the curatedMetagenomicsNextflow pipeline (https://github.com/seandavi/curatedMetagenomicsNextflow) specifying the mouse reference genome in Trimmomatic.","fastq",NA,NA,NA,NA,NA,NA,"USA","34.1374596;-118.1268392","3/14/24",NA,NA,"ASO",NA,NA,NA,NA,NA,"/shares/CIBIO-Storage/CM/scratch/data/meta/CM_caltec_001_1024/CALTEC-001-22/CALTEC-001-22_R1.fastq.gz;/shares/CIBIO-Storage/CM/scratch/data/meta/CM_caltec_001_1024/CALTEC-001-22/CALTEC-001-22_R2.fastq.gz;","ac86b76c-3d94-4eb7-b573-fc6a0402cd68","Mus Musculus","B1_C2_ASO","28","2","1","genotyped, separation, collection",NA,NA,NA,NA,NA,NA,NA,NA,NA,NA,NA,NA,NA,NA,NA,NA,NA,NA,NA,NA,NA,NA,NA,NA,NA,NA,NA,NA,NA
"MazmanianS_DeCastroFonsecaM_2","CALTEC-001-23","CALTEC-001-23","Parkinson Disease","NCIT:C26845","feces","UBERON:0001988","Mus musculus","NCBITaxon:10090","Study Control","NCIT:C142703","28",NA,NA,"Day","NCIT:C25301",NA,NA,NA,NA,"Kaelyn Long","CALTEC-001-23","CALTEC-001-23","Fecal metagenome of lab mouse","QIAamp Fast DNA Stool Mini Kit","WGS","METAGENOMIC","RANDOM","paired","ILLUMINA","Illumina NovaSeq X Plus","435","3/7/25","DNA was isolated from one mouse stool sample pellet using the Qiagen FAST DNA stool mini kit following the manufacturers protocol. Libraries were prepared using the Illumina DNA Prep, (M) Tagmentation (96 Samples, IPB) kit (Illumina, #20060059). Sequencing was performed using Illumina NovaSeq X Plus aiming for 70 million reads per sample, with mean read length of 150 base pairs. Library preparation and Sequencing was performed by Prebiomics. Fastq files were uniformly processed using the curatedMetagenomicsNextflow pipeline (https://github.com/seandavi/curatedMetagenomicsNextflow) specifying the mouse reference genome in Trimmomatic.","fastq",NA,NA,NA,NA,NA,NA,"USA","34.1374596;-118.1268393","3/14/24",NA,NA,"WT",NA,NA,NA,NA,NA,"/shares/CIBIO-Storage/CM/scratch/data/meta/CM_caltec_001_1024/CALTEC-001-23/CALTEC-001-23_R1.fastq.gz;/shares/CIBIO-Storage/CM/scratch/data/meta/CM_caltec_001_1024/CALTEC-001-23/CALTEC-001-23_R2.fastq.gz;","8347eaaa-67cb-4801-94e6-5a284570894e","Mus Musculus","B1_C1_WT","28","1","1","genotyped, separation, collection",NA,NA,NA,NA,NA,NA,NA,NA,NA,NA,NA,NA,NA,NA,NA,NA,NA,NA,NA,NA,NA,NA,NA,NA,NA,NA,NA,NA,NA
"MazmanianS_DeCastroFonsecaM_2","CALTEC-001-24","CALTEC-001-24","Parkinson Disease","NCIT:C26845","feces","UBERON:0001988","Mus musculus","NCBITaxon:10090","Study Control","NCIT:C142703","28",NA,NA,"Day","NCIT:C25301",NA,NA,NA,NA,"Kaelyn Long","CALTEC-001-24","CALTEC-001-24","Fecal metagenome of lab mouse","QIAamp Fast DNA Stool Mini Kit","WGS","METAGENOMIC","RANDOM","paired","ILLUMINA","Illumina NovaSeq X Plus","435","3/7/25","DNA was isolated from one mouse stool sample pellet using the Qiagen FAST DNA stool mini kit following the manufacturers protocol. Libraries were prepared using the Illumina DNA Prep, (M) Tagmentation (96 Samples, IPB) kit (Illumina, #20060059). Sequencing was performed using Illumina NovaSeq X Plus aiming for 70 million reads per sample, with mean read length of 150 base pairs. Library preparation and Sequencing was performed by Prebiomics. Fastq files were uniformly processed using the curatedMetagenomicsNextflow pipeline (https://github.com/seandavi/curatedMetagenomicsNextflow) specifying the mouse reference genome in Trimmomatic.","fastq",NA,NA,NA,NA,NA,NA,"USA","34.1374596;-118.1268394","3/14/24",NA,NA,"WT",NA,NA,NA,NA,NA,"/shares/CIBIO-Storage/CM/scratch/data/meta/CM_caltec_001_1024/CALTEC-001-24/CALTEC-001-24_R1.fastq.gz;/shares/CIBIO-Storage/CM/scratch/data/meta/CM_caltec_001_1024/CALTEC-001-24/CALTEC-001-24_R2.fastq.gz;","247f178d-c8b9-451b-8a09-cedce92ad81f","Mus Musculus","B2_C1_WT","28","1","2","genotyped, separation, collection",NA,NA,NA,NA,NA,NA,NA,NA,NA,NA,NA,NA,NA,NA,NA,NA,NA,NA,NA,NA,NA,NA,NA,NA,NA,NA,NA,NA,NA
"MazmanianS_DeCastroFonsecaM_2","CALTEC-001-25","CALTEC-001-25","Parkinson Disease","NCIT:C26845","feces","UBERON:0001988","Mus musculus","NCBITaxon:10090","Case","NCIT:C49152","28",NA,NA,"Day","NCIT:C25301",NA,NA,NA,NA,"Kaelyn Long","CALTEC-001-25","CALTEC-001-25","Fecal metagenome of lab mouse","QIAamp Fast DNA Stool Mini Kit","WGS","METAGENOMIC","RANDOM","paired","ILLUMINA","Illumina NovaSeq X Plus","435","3/7/25","DNA was isolated from one mouse stool sample pellet using the Qiagen FAST DNA stool mini kit following the manufacturers protocol. Libraries were prepared using the Illumina DNA Prep, (M) Tagmentation (96 Samples, IPB) kit (Illumina, #20060059). Sequencing was performed using Illumina NovaSeq X Plus aiming for 70 million reads per sample, with mean read length of 150 base pairs. Library preparation and Sequencing was performed by Prebiomics. Fastq files were uniformly processed using the curatedMetagenomicsNextflow pipeline (https://github.com/seandavi/curatedMetagenomicsNextflow) specifying the mouse reference genome in Trimmomatic.","fastq",NA,NA,NA,NA,NA,NA,"USA","34.1374596;-118.1268395","3/14/24",NA,NA,"ASO",NA,NA,NA,NA,NA,"/shares/CIBIO-Storage/CM/scratch/data/meta/CM_caltec_001_1024/CALTEC-001-25/CALTEC-001-25_R1.fastq.gz;/shares/CIBIO-Storage/CM/scratch/data/meta/CM_caltec_001_1024/CALTEC-001-25/CALTEC-001-25_R2.fastq.gz;","e466c8e2-8663-47a2-a362-8bb1b47e9b2a","Mus Musculus","B2_C1_ASO","28","1","2","genotyped, separation, collection",NA,NA,NA,NA,NA,NA,NA,NA,NA,NA,NA,NA,NA,NA,NA,NA,NA,NA,NA,NA,NA,NA,NA,NA,NA,NA,NA,NA,NA
"MazmanianS_DeCastroFonsecaM_2","CALTEC-001-26","CALTEC-001-26","Parkinson Disease","NCIT:C26845","feces","UBERON:0001988","Mus musculus","NCBITaxon:10090","Study Control","NCIT:C142703","28",NA,NA,"Day","NCIT:C25301",NA,NA,NA,NA,"Kaelyn Long","CALTEC-001-26","CALTEC-001-26","Fecal metagenome of lab mouse","QIAamp Fast DNA Stool Mini Kit","WGS","METAGENOMIC","RANDOM","paired","ILLUMINA","Illumina NovaSeq X Plus","435","3/7/25","DNA was isolated from one mouse stool sample pellet using the Qiagen FAST DNA stool mini kit following the manufacturers protocol. Libraries were prepared using the Illumina DNA Prep, (M) Tagmentation (96 Samples, IPB) kit (Illumina, #20060059). Sequencing was performed using Illumina NovaSeq X Plus aiming for 70 million reads per sample, with mean read length of 150 base pairs. Library preparation and Sequencing was performed by Prebiomics. Fastq files were uniformly processed using the curatedMetagenomicsNextflow pipeline (https://github.com/seandavi/curatedMetagenomicsNextflow) specifying the mouse reference genome in Trimmomatic.","fastq",NA,NA,NA,NA,NA,NA,"USA","34.1374596;-118.1268396","3/14/24",NA,NA,"WT",NA,NA,NA,NA,NA,"/shares/CIBIO-Storage/CM/scratch/data/meta/CM_caltec_001_1024/CALTEC-001-26/CALTEC-001-26_R1.fastq.gz;/shares/CIBIO-Storage/CM/scratch/data/meta/CM_caltec_001_1024/CALTEC-001-26/CALTEC-001-26_R2.fastq.gz;","d3ef02d0-c987-41ff-9f46-975d1f7cbed2","Mus Musculus","B2_C2_WT","28","2","2","genotyped, separation, collection",NA,NA,NA,NA,NA,NA,NA,NA,NA,NA,NA,NA,NA,NA,NA,NA,NA,NA,NA,NA,NA,NA,NA,NA,NA,NA,NA,NA,NA
"MazmanianS_DeCastroFonsecaM_2","CALTEC-001-27","CALTEC-001-27","Parkinson Disease","NCIT:C26845","feces","UBERON:0001988","Mus musculus","NCBITaxon:10090","Case","NCIT:C49152","28",NA,NA,"Day","NCIT:C25301",NA,NA,NA,NA,"Kaelyn Long","CALTEC-001-27","CALTEC-001-27","Fecal metagenome of lab mouse","QIAamp Fast DNA Stool Mini Kit","WGS","METAGENOMIC","RANDOM","paired","ILLUMINA","Illumina NovaSeq X Plus","435","3/7/25","DNA was isolated from one mouse stool sample pellet using the Qiagen FAST DNA stool mini kit following the manufacturers protocol. Libraries were prepared using the Illumina DNA Prep, (M) Tagmentation (96 Samples, IPB) kit (Illumina, #20060059). Sequencing was performed using Illumina NovaSeq X Plus aiming for 70 million reads per sample, with mean read length of 150 base pairs. Library preparation and Sequencing was performed by Prebiomics. Fastq files were uniformly processed using the curatedMetagenomicsNextflow pipeline (https://github.com/seandavi/curatedMetagenomicsNextflow) specifying the mouse reference genome in Trimmomatic.","fastq",NA,NA,NA,NA,NA,NA,"USA","34.1374596;-118.1268397","3/14/24",NA,NA,"ASO",NA,NA,NA,NA,NA,"/shares/CIBIO-Storage/CM/scratch/data/meta/CM_caltec_001_1024/CALTEC-001-27/CALTEC-001-27_R1.fastq.gz;/shares/CIBIO-Storage/CM/scratch/data/meta/CM_caltec_001_1024/CALTEC-001-27/CALTEC-001-27_R2.fastq.gz;","d40c806e-0986-4944-803f-78d4132ad920","Mus Musculus","B2_C2_ASO","28","2","2","genotyped, separation, collection",NA,NA,NA,NA,NA,NA,NA,NA,NA,NA,NA,NA,NA,NA,NA,NA,NA,NA,NA,NA,NA,NA,NA,NA,NA,NA,NA,NA,NA
"MazmanianS_DeCastroFonsecaM_2","CALTEC-001-28","CALTEC-001-28","Parkinson Disease","NCIT:C26845","feces","UBERON:0001988","Mus musculus","NCBITaxon:10090","Case","NCIT:C49152","28",NA,NA,"Day","NCIT:C25301",NA,NA,NA,NA,"Kaelyn Long","CALTEC-001-28","CALTEC-001-28","Fecal metagenome of lab mouse","QIAamp Fast DNA Stool Mini Kit","WGS","METAGENOMIC","RANDOM","paired","ILLUMINA","Illumina NovaSeq X Plus","439","3/18/25","DNA was isolated from one mouse stool sample pellet using the Qiagen FAST DNA stool mini kit following the manufacturers protocol. Libraries were prepared using the Illumina DNA Prep, (M) Tagmentation (96 Samples, IPB) kit (Illumina, #20060059). Sequencing was performed using Illumina NovaSeq X Plus aiming for 70 million reads per sample, with mean read length of 150 base pairs. Library preparation and Sequencing was performed by Prebiomics. Fastq files were uniformly processed using the curatedMetagenomicsNextflow pipeline (https://github.com/seandavi/curatedMetagenomicsNextflow) specifying the mouse reference genome in Trimmomatic.","fastq",NA,NA,NA,NA,NA,NA,"USA","34.1374596;-118.1268398","3/14/24",NA,NA,"ASO",NA,NA,NA,NA,NA,"/shares/CIBIO-Storage/CM/scratch/data/meta/CM_caltec_001_1024/CALTEC-001-28/CALTEC-001-28_R1.fastq.gz;/shares/CIBIO-Storage/CM/scratch/data/meta/CM_caltec_001_1024/CALTEC-001-28/CALTEC-001-28_R2.fastq.gz;","adccebde-95b9-4206-85c0-e34c31529ee6","Mus Musculus","B3_C4_ASO","28","4","3","genotyped, separation, collection",NA,NA,NA,NA,NA,NA,NA,NA,NA,NA,NA,NA,NA,NA,NA,NA,NA,NA,NA,NA,NA,NA,NA,NA,NA,NA,NA,NA,NA
"MazmanianS_DeCastroFonsecaM_2","CALTEC-001-29","CALTEC-001-29","Parkinson Disease","NCIT:C26845","feces","UBERON:0001988","Mus musculus","NCBITaxon:10090","Case","NCIT:C49152","28",NA,NA,"Day","NCIT:C25301",NA,NA,NA,NA,"Kaelyn Long","CALTEC-001-29","CALTEC-001-29","Fecal metagenome of lab mouse","QIAamp Fast DNA Stool Mini Kit","WGS","METAGENOMIC","RANDOM","paired","ILLUMINA","Illumina NovaSeq X Plus","435","3/7/25","DNA was isolated from one mouse stool sample pellet using the Qiagen FAST DNA stool mini kit following the manufacturers protocol. Libraries were prepared using the Illumina DNA Prep, (M) Tagmentation (96 Samples, IPB) kit (Illumina, #20060059). Sequencing was performed using Illumina NovaSeq X Plus aiming for 70 million reads per sample, with mean read length of 150 base pairs. Library preparation and Sequencing was performed by Prebiomics. Fastq files were uniformly processed using the curatedMetagenomicsNextflow pipeline (https://github.com/seandavi/curatedMetagenomicsNextflow) specifying the mouse reference genome in Trimmomatic.","fastq",NA,NA,NA,NA,NA,NA,"USA","34.1374596;-118.1268399","3/14/24",NA,NA,"ASO",NA,NA,NA,NA,NA,"/shares/CIBIO-Storage/CM/scratch/data/meta/CM_caltec_001_1024/CALTEC-001-29/CALTEC-001-29_R1.fastq.gz;/shares/CIBIO-Storage/CM/scratch/data/meta/CM_caltec_001_1024/CALTEC-001-29/CALTEC-001-29_R2.fastq.gz;","fc0ab6f0-6d57-42e1-a825-40e8385915db","Mus Musculus","B3_C3_ASO","28","3","3","genotyped, separation, collection",NA,NA,NA,NA,NA,NA,NA,NA,NA,NA,NA,NA,NA,NA,NA,NA,NA,NA,NA,NA,NA,NA,NA,NA,NA,NA,NA,NA,NA
"MazmanianS_DeCastroFonsecaM_2","CALTEC-001-30","CALTEC-001-30","Parkinson Disease","NCIT:C26845","feces","UBERON:0001988","Mus musculus","NCBITaxon:10090","Case","NCIT:C49152","28",NA,NA,"Day","NCIT:C25301",NA,NA,NA,NA,"Kaelyn Long","CALTEC-001-30","CALTEC-001-30","Fecal metagenome of lab mouse","QIAamp Fast DNA Stool Mini Kit","WGS","METAGENOMIC","RANDOM","paired","ILLUMINA","Illumina NovaSeq X Plus","435","3/7/25","DNA was isolated from one mouse stool sample pellet using the Qiagen FAST DNA stool mini kit following the manufacturers protocol. Libraries were prepared using the Illumina DNA Prep, (M) Tagmentation (96 Samples, IPB) kit (Illumina, #20060059). Sequencing was performed using Illumina NovaSeq X Plus aiming for 70 million reads per sample, with mean read length of 150 base pairs. Library preparation and Sequencing was performed by Prebiomics. Fastq files were uniformly processed using the curatedMetagenomicsNextflow pipeline (https://github.com/seandavi/curatedMetagenomicsNextflow) specifying the mouse reference genome in Trimmomatic.","fastq",NA,NA,NA,NA,NA,NA,"USA","34.1374596;-118.1268400","3/14/24",NA,NA,"ASO",NA,NA,NA,NA,NA,"/shares/CIBIO-Storage/CM/scratch/data/meta/CM_caltec_001_1024/CALTEC-001-30/CALTEC-001-30_R1.fastq.gz;/shares/CIBIO-Storage/CM/scratch/data/meta/CM_caltec_001_1024/CALTEC-001-30/CALTEC-001-30_R2.fastq.gz;","0f9387d7-7385-49f3-bc8d-a750b3322c72","Mus Musculus","B4_C3_ASO","28","3","4","genotyped, separation, collection",NA,NA,NA,NA,NA,NA,NA,NA,NA,NA,NA,NA,NA,NA,NA,NA,NA,NA,NA,NA,NA,NA,NA,NA,NA,NA,NA,NA,NA
"MazmanianS_DeCastroFonsecaM_2","CALTEC-001-31","CALTEC-001-31","Parkinson Disease","NCIT:C26845","feces","UBERON:0001988","Mus musculus","NCBITaxon:10090","Case","NCIT:C49152","28",NA,NA,"Day","NCIT:C25301",NA,NA,NA,NA,"Kaelyn Long","CALTEC-001-31","CALTEC-001-31","Fecal metagenome of lab mouse","QIAamp Fast DNA Stool Mini Kit","WGS","METAGENOMIC","RANDOM","paired","ILLUMINA","Illumina NovaSeq X Plus","435","3/7/25","DNA was isolated from one mouse stool sample pellet using the Qiagen FAST DNA stool mini kit following the manufacturers protocol. Libraries were prepared using the Illumina DNA Prep, (M) Tagmentation (96 Samples, IPB) kit (Illumina, #20060059). Sequencing was performed using Illumina NovaSeq X Plus aiming for 70 million reads per sample, with mean read length of 150 base pairs. Library preparation and Sequencing was performed by Prebiomics. Fastq files were uniformly processed using the curatedMetagenomicsNextflow pipeline (https://github.com/seandavi/curatedMetagenomicsNextflow) specifying the mouse reference genome in Trimmomatic.","fastq",NA,NA,NA,NA,NA,NA,"USA","34.1374596;-118.1268401","3/14/24",NA,NA,"ASO",NA,NA,NA,NA,NA,"/shares/CIBIO-Storage/CM/scratch/data/meta/CM_caltec_001_1024/CALTEC-001-31/CALTEC-001-31_R1.fastq.gz;/shares/CIBIO-Storage/CM/scratch/data/meta/CM_caltec_001_1024/CALTEC-001-31/CALTEC-001-31_R2.fastq.gz;","e4d5b6c7-7974-47ae-b695-dd21a1fd172e","Mus Musculus","B4_C4_ASO","28","4","4","genotyped, separation, collection",NA,NA,NA,NA,NA,NA,NA,NA,NA,NA,NA,NA,NA,NA,NA,NA,NA,NA,NA,NA,NA,NA,NA,NA,NA,NA,NA,NA,NA
"MazmanianS_DeCastroFonsecaM_2","CALTEC-001-32","CALTEC-001-32","Parkinson Disease","NCIT:C26845","feces","UBERON:0001988","Mus musculus","NCBITaxon:10090","Study Control","NCIT:C142703","28",NA,NA,"Day","NCIT:C25301",NA,NA,NA,NA,"Kaelyn Long","CALTEC-001-32","CALTEC-001-32","Fecal metagenome of lab mouse","QIAamp Fast DNA Stool Mini Kit","WGS","METAGENOMIC","RANDOM","paired","ILLUMINA","Illumina NovaSeq X Plus","435","3/7/25","DNA was isolated from one mouse stool sample pellet using the Qiagen FAST DNA stool mini kit following the manufacturers protocol. Libraries were prepared using the Illumina DNA Prep, (M) Tagmentation (96 Samples, IPB) kit (Illumina, #20060059). Sequencing was performed using Illumina NovaSeq X Plus aiming for 70 million reads per sample, with mean read length of 150 base pairs. Library preparation and Sequencing was performed by Prebiomics. Fastq files were uniformly processed using the curatedMetagenomicsNextflow pipeline (https://github.com/seandavi/curatedMetagenomicsNextflow) specifying the mouse reference genome in Trimmomatic.","fastq",NA,NA,NA,NA,NA,NA,"USA","34.1374596;-118.1268402","3/14/24",NA,NA,"WT",NA,NA,NA,NA,NA,"/shares/CIBIO-Storage/CM/scratch/data/meta/CM_caltec_001_1024/CALTEC-001-32/CALTEC-001-32_R1.fastq.gz;/shares/CIBIO-Storage/CM/scratch/data/meta/CM_caltec_001_1024/CALTEC-001-32/CALTEC-001-32_R2.fastq.gz;","a5e0b3ae-99e8-441d-b3ec-92f86552ff1c","Mus Musculus","B4_C4_WT","28","4","4","genotyped, separation, collection",NA,NA,NA,NA,NA,NA,NA,NA,NA,NA,NA,NA,NA,NA,NA,NA,NA,NA,NA,NA,NA,NA,NA,NA,NA,NA,NA,NA,NA
"MazmanianS_DeCastroFonsecaM_2","CALTEC-001-33","CALTEC-001-33","Parkinson Disease","NCIT:C26845","feces","UBERON:0001988","Mus musculus","NCBITaxon:10090","Case","NCIT:C49152","35",NA,NA,"Day","NCIT:C25301",NA,NA,NA,NA,"Kaelyn Long","CALTEC-001-33","CALTEC-001-33","Fecal metagenome of lab mouse","QIAamp Fast DNA Stool Mini Kit","WGS","METAGENOMIC","RANDOM","paired","ILLUMINA","Illumina NovaSeq X Plus","435","3/7/25","DNA was isolated from one mouse stool sample pellet using the Qiagen FAST DNA stool mini kit following the manufacturers protocol. Libraries were prepared using the Illumina DNA Prep, (M) Tagmentation (96 Samples, IPB) kit (Illumina, #20060059). Sequencing was performed using Illumina NovaSeq X Plus aiming for 70 million reads per sample, with mean read length of 150 base pairs. Library preparation and Sequencing was performed by Prebiomics. Fastq files were uniformly processed using the curatedMetagenomicsNextflow pipeline (https://github.com/seandavi/curatedMetagenomicsNextflow) specifying the mouse reference genome in Trimmomatic.","fastq",NA,NA,NA,NA,NA,NA,"USA","34.1374596;-118.1268403","3/21/24",NA,NA,"ASO",NA,NA,NA,NA,NA,"/shares/CIBIO-Storage/CM/scratch/data/meta/CM_caltec_001_1024/CALTEC-001-33/CALTEC-001-33_R1.fastq.gz;/shares/CIBIO-Storage/CM/scratch/data/meta/CM_caltec_001_1024/CALTEC-001-33/CALTEC-001-33_R2.fastq.gz;","04267284-e19b-4c48-8f5a-6ac69f4cca6a","Mus Musculus","B1_C1_ASO","35","1","1","collection",NA,NA,NA,NA,NA,NA,NA,NA,NA,NA,NA,NA,NA,NA,NA,NA,NA,NA,NA,NA,NA,NA,NA,NA,NA,NA,NA,NA,NA
"MazmanianS_DeCastroFonsecaM_2","CALTEC-001-34","CALTEC-001-34","Parkinson Disease","NCIT:C26845","feces","UBERON:0001988","Mus musculus","NCBITaxon:10090","Study Control","NCIT:C142703","35",NA,NA,"Day","NCIT:C25301",NA,NA,NA,NA,"Kaelyn Long","CALTEC-001-34","CALTEC-001-34","Fecal metagenome of lab mouse","QIAamp Fast DNA Stool Mini Kit","WGS","METAGENOMIC","RANDOM","paired","ILLUMINA","Illumina NovaSeq X Plus","435","3/7/25","DNA was isolated from one mouse stool sample pellet using the Qiagen FAST DNA stool mini kit following the manufacturers protocol. Libraries were prepared using the Illumina DNA Prep, (M) Tagmentation (96 Samples, IPB) kit (Illumina, #20060059). Sequencing was performed using Illumina NovaSeq X Plus aiming for 70 million reads per sample, with mean read length of 150 base pairs. Library preparation and Sequencing was performed by Prebiomics. Fastq files were uniformly processed using the curatedMetagenomicsNextflow pipeline (https://github.com/seandavi/curatedMetagenomicsNextflow) specifying the mouse reference genome in Trimmomatic.","fastq",NA,NA,NA,NA,NA,NA,"USA","34.1374596;-118.1268404","3/21/24",NA,NA,"WT",NA,NA,NA,NA,NA,"/shares/CIBIO-Storage/CM/scratch/data/meta/CM_caltec_001_1024/CALTEC-001-34/CALTEC-001-34_R1.fastq.gz;/shares/CIBIO-Storage/CM/scratch/data/meta/CM_caltec_001_1024/CALTEC-001-34/CALTEC-001-34_R2.fastq.gz;","3be7789d-94cc-43b9-8916-2ea5d4ec10cd","Mus Musculus","B1_C1_WT","35","1","1","collection",NA,NA,NA,NA,NA,NA,NA,NA,NA,NA,NA,NA,NA,NA,NA,NA,NA,NA,NA,NA,NA,NA,NA,NA,NA,NA,NA,NA,NA
"MazmanianS_DeCastroFonsecaM_2","CALTEC-001-35","CALTEC-001-35","Parkinson Disease","NCIT:C26845","feces","UBERON:0001988","Mus musculus","NCBITaxon:10090","Study Control","NCIT:C142703","35",NA,NA,"Day","NCIT:C25301",NA,NA,NA,NA,"Kaelyn Long","CALTEC-001-35","CALTEC-001-35","Fecal metagenome of lab mouse","QIAamp Fast DNA Stool Mini Kit","WGS","METAGENOMIC","RANDOM","paired","ILLUMINA","Illumina NovaSeq X Plus","435","3/7/25","DNA was isolated from one mouse stool sample pellet using the Qiagen FAST DNA stool mini kit following the manufacturers protocol. Libraries were prepared using the Illumina DNA Prep, (M) Tagmentation (96 Samples, IPB) kit (Illumina, #20060059). Sequencing was performed using Illumina NovaSeq X Plus aiming for 70 million reads per sample, with mean read length of 150 base pairs. Library preparation and Sequencing was performed by Prebiomics. Fastq files were uniformly processed using the curatedMetagenomicsNextflow pipeline (https://github.com/seandavi/curatedMetagenomicsNextflow) specifying the mouse reference genome in Trimmomatic.","fastq",NA,NA,NA,NA,NA,NA,"USA","34.1374596;-118.1268405","3/21/24",NA,NA,"WT",NA,NA,NA,NA,NA,"/shares/CIBIO-Storage/CM/scratch/data/meta/CM_caltec_001_1024/CALTEC-001-35/CALTEC-001-35_R1.fastq.gz;/shares/CIBIO-Storage/CM/scratch/data/meta/CM_caltec_001_1024/CALTEC-001-35/CALTEC-001-35_R2.fastq.gz;","a79f670a-3e48-4ba8-9802-d5425691979f","Mus Musculus","B1_C2_WT","35","2","1","collection",NA,NA,NA,NA,NA,NA,NA,NA,NA,NA,NA,NA,NA,NA,NA,NA,NA,NA,NA,NA,NA,NA,NA,NA,NA,NA,NA,NA,NA
"MazmanianS_DeCastroFonsecaM_2","CALTEC-001-36","CALTEC-001-36","Parkinson Disease","NCIT:C26845","feces","UBERON:0001988","Mus musculus","NCBITaxon:10090","Case","NCIT:C49152","35",NA,NA,"Day","NCIT:C25301",NA,NA,NA,NA,"Kaelyn Long","CALTEC-001-36","CALTEC-001-36","Fecal metagenome of lab mouse","QIAamp Fast DNA Stool Mini Kit","WGS","METAGENOMIC","RANDOM","paired","ILLUMINA","Illumina NovaSeq X Plus","435","3/7/25","DNA was isolated from one mouse stool sample pellet using the Qiagen FAST DNA stool mini kit following the manufacturers protocol. Libraries were prepared using the Illumina DNA Prep, (M) Tagmentation (96 Samples, IPB) kit (Illumina, #20060059). Sequencing was performed using Illumina NovaSeq X Plus aiming for 70 million reads per sample, with mean read length of 150 base pairs. Library preparation and Sequencing was performed by Prebiomics. Fastq files were uniformly processed using the curatedMetagenomicsNextflow pipeline (https://github.com/seandavi/curatedMetagenomicsNextflow) specifying the mouse reference genome in Trimmomatic.","fastq",NA,NA,NA,NA,NA,NA,"USA","34.1374596;-118.1268406","3/21/24",NA,NA,"ASO",NA,NA,NA,NA,NA,"/shares/CIBIO-Storage/CM/scratch/data/meta/CM_caltec_001_1024/CALTEC-001-36/CALTEC-001-36_R1.fastq.gz;/shares/CIBIO-Storage/CM/scratch/data/meta/CM_caltec_001_1024/CALTEC-001-36/CALTEC-001-36_R2.fastq.gz;","65a95e18-65fa-4123-902d-452d607644bb","Mus Musculus","B1_C2_ASO","35","2","1","collection",NA,NA,NA,NA,NA,NA,NA,NA,NA,NA,NA,NA,NA,NA,NA,NA,NA,NA,NA,NA,NA,NA,NA,NA,NA,NA,NA,NA,NA
"MazmanianS_DeCastroFonsecaM_2","CALTEC-001-37","CALTEC-001-37","Parkinson Disease","NCIT:C26845","feces","UBERON:0001988","Mus musculus","NCBITaxon:10090","Study Control","NCIT:C142703","35",NA,NA,"Day","NCIT:C25301",NA,NA,NA,NA,"Kaelyn Long","CALTEC-001-37","CALTEC-001-37","Fecal metagenome of lab mouse","QIAamp Fast DNA Stool Mini Kit","WGS","METAGENOMIC","RANDOM","paired","ILLUMINA","Illumina NovaSeq X Plus","435","3/7/25","DNA was isolated from one mouse stool sample pellet using the Qiagen FAST DNA stool mini kit following the manufacturers protocol. Libraries were prepared using the Illumina DNA Prep, (M) Tagmentation (96 Samples, IPB) kit (Illumina, #20060059). Sequencing was performed using Illumina NovaSeq X Plus aiming for 70 million reads per sample, with mean read length of 150 base pairs. Library preparation and Sequencing was performed by Prebiomics. Fastq files were uniformly processed using the curatedMetagenomicsNextflow pipeline (https://github.com/seandavi/curatedMetagenomicsNextflow) specifying the mouse reference genome in Trimmomatic.","fastq",NA,NA,NA,NA,NA,NA,"USA","34.1374596;-118.1268407","3/21/24",NA,NA,"WT",NA,NA,NA,NA,NA,"/shares/CIBIO-Storage/CM/scratch/data/meta/CM_caltec_001_1024/CALTEC-001-37/CALTEC-001-37_R1.fastq.gz;/shares/CIBIO-Storage/CM/scratch/data/meta/CM_caltec_001_1024/CALTEC-001-37/CALTEC-001-37_R2.fastq.gz;","403661a4-6a50-4774-b7d2-9a9dd7514764","Mus Musculus","B1_C1_WT","35","1","1","collection",NA,NA,NA,NA,NA,NA,NA,NA,NA,NA,NA,NA,NA,NA,NA,NA,NA,NA,NA,NA,NA,NA,NA,NA,NA,NA,NA,NA,NA
"MazmanianS_DeCastroFonsecaM_2","CALTEC-001-38","CALTEC-001-38","Parkinson Disease","NCIT:C26845","feces","UBERON:0001988","Mus musculus","NCBITaxon:10090","Study Control","NCIT:C142703","35",NA,NA,"Day","NCIT:C25301",NA,NA,NA,NA,"Kaelyn Long","CALTEC-001-38","CALTEC-001-38","Fecal metagenome of lab mouse","QIAamp Fast DNA Stool Mini Kit","WGS","METAGENOMIC","RANDOM","paired","ILLUMINA","Illumina NovaSeq X Plus","435","3/7/25","DNA was isolated from one mouse stool sample pellet using the Qiagen FAST DNA stool mini kit following the manufacturers protocol. Libraries were prepared using the Illumina DNA Prep, (M) Tagmentation (96 Samples, IPB) kit (Illumina, #20060059). Sequencing was performed using Illumina NovaSeq X Plus aiming for 70 million reads per sample, with mean read length of 150 base pairs. Library preparation and Sequencing was performed by Prebiomics. Fastq files were uniformly processed using the curatedMetagenomicsNextflow pipeline (https://github.com/seandavi/curatedMetagenomicsNextflow) specifying the mouse reference genome in Trimmomatic.","fastq",NA,NA,NA,NA,NA,NA,"USA","34.1374596;-118.1268408","3/21/24",NA,NA,"WT",NA,NA,NA,NA,NA,"/shares/CIBIO-Storage/CM/scratch/data/meta/CM_caltec_001_1024/CALTEC-001-38/CALTEC-001-38_R1.fastq.gz;/shares/CIBIO-Storage/CM/scratch/data/meta/CM_caltec_001_1024/CALTEC-001-38/CALTEC-001-38_R2.fastq.gz;","3d93f33a-dc97-4862-8851-bbc43dce9e78","Mus Musculus","B2_C1_WT","35","1","2","collection",NA,NA,NA,NA,NA,NA,NA,NA,NA,NA,NA,NA,NA,NA,NA,NA,NA,NA,NA,NA,NA,NA,NA,NA,NA,NA,NA,NA,NA
"MazmanianS_DeCastroFonsecaM_2","CALTEC-001-39","CALTEC-001-39","Parkinson Disease","NCIT:C26845","feces","UBERON:0001988","Mus musculus","NCBITaxon:10090","Case","NCIT:C49152","35",NA,NA,"Day","NCIT:C25301",NA,NA,NA,NA,"Kaelyn Long","CALTEC-001-39","CALTEC-001-39","Fecal metagenome of lab mouse","QIAamp Fast DNA Stool Mini Kit","WGS","METAGENOMIC","RANDOM","paired","ILLUMINA","Illumina NovaSeq X Plus","435","3/7/25","DNA was isolated from one mouse stool sample pellet using the Qiagen FAST DNA stool mini kit following the manufacturers protocol. Libraries were prepared using the Illumina DNA Prep, (M) Tagmentation (96 Samples, IPB) kit (Illumina, #20060059). Sequencing was performed using Illumina NovaSeq X Plus aiming for 70 million reads per sample, with mean read length of 150 base pairs. Library preparation and Sequencing was performed by Prebiomics. Fastq files were uniformly processed using the curatedMetagenomicsNextflow pipeline (https://github.com/seandavi/curatedMetagenomicsNextflow) specifying the mouse reference genome in Trimmomatic.","fastq",NA,NA,NA,NA,NA,NA,"USA","34.1374596;-118.1268409","3/21/24",NA,NA,"ASO",NA,NA,NA,NA,NA,"/shares/CIBIO-Storage/CM/scratch/data/meta/CM_caltec_001_1024/CALTEC-001-39/CALTEC-001-39_R1.fastq.gz;/shares/CIBIO-Storage/CM/scratch/data/meta/CM_caltec_001_1024/CALTEC-001-39/CALTEC-001-39_R2.fastq.gz;","eca2ff57-a3c8-4cb1-b4d0-a7a2e47e3319","Mus Musculus","B2_C1_ASO","35","1","2","collection",NA,NA,NA,NA,NA,NA,NA,NA,NA,NA,NA,NA,NA,NA,NA,NA,NA,NA,NA,NA,NA,NA,NA,NA,NA,NA,NA,NA,NA
"MazmanianS_DeCastroFonsecaM_2","CALTEC-001-40","CALTEC-001-40","Parkinson Disease","NCIT:C26845","feces","UBERON:0001988","Mus musculus","NCBITaxon:10090","Study Control","NCIT:C142703","35",NA,NA,"Day","NCIT:C25301",NA,NA,NA,NA,"Kaelyn Long","CALTEC-001-40","CALTEC-001-40","Fecal metagenome of lab mouse","QIAamp Fast DNA Stool Mini Kit","WGS","METAGENOMIC","RANDOM","paired","ILLUMINA","Illumina NovaSeq X Plus","435","3/7/25","DNA was isolated from one mouse stool sample pellet using the Qiagen FAST DNA stool mini kit following the manufacturers protocol. Libraries were prepared using the Illumina DNA Prep, (M) Tagmentation (96 Samples, IPB) kit (Illumina, #20060059). Sequencing was performed using Illumina NovaSeq X Plus aiming for 70 million reads per sample, with mean read length of 150 base pairs. Library preparation and Sequencing was performed by Prebiomics. Fastq files were uniformly processed using the curatedMetagenomicsNextflow pipeline (https://github.com/seandavi/curatedMetagenomicsNextflow) specifying the mouse reference genome in Trimmomatic.","fastq",NA,NA,NA,NA,NA,NA,"USA","34.1374596;-118.1268410","3/21/24",NA,NA,"WT",NA,NA,NA,NA,NA,"/shares/CIBIO-Storage/CM/scratch/data/meta/CM_caltec_001_1024/CALTEC-001-40/CALTEC-001-40_R1.fastq.gz;/shares/CIBIO-Storage/CM/scratch/data/meta/CM_caltec_001_1024/CALTEC-001-40/CALTEC-001-40_R2.fastq.gz;","0252b21e-d348-4967-b5d2-4abceaeaab2d","Mus Musculus","B2_C2_WT","35","2","2","collection",NA,NA,NA,NA,NA,NA,NA,NA,NA,NA,NA,NA,NA,NA,NA,NA,NA,NA,NA,NA,NA,NA,NA,NA,NA,NA,NA,NA,NA
"MazmanianS_DeCastroFonsecaM_2","CALTEC-001-41","CALTEC-001-41","Parkinson Disease","NCIT:C26845","feces","UBERON:0001988","Mus musculus","NCBITaxon:10090","Case","NCIT:C49152","35",NA,NA,"Day","NCIT:C25301",NA,NA,NA,NA,"Kaelyn Long","CALTEC-001-41","CALTEC-001-41","Fecal metagenome of lab mouse","QIAamp Fast DNA Stool Mini Kit","WGS","METAGENOMIC","RANDOM","paired","ILLUMINA","Illumina NovaSeq X Plus","439","3/18/25","DNA was isolated from one mouse stool sample pellet using the Qiagen FAST DNA stool mini kit following the manufacturers protocol. Libraries were prepared using the Illumina DNA Prep, (M) Tagmentation (96 Samples, IPB) kit (Illumina, #20060059). Sequencing was performed using Illumina NovaSeq X Plus aiming for 70 million reads per sample, with mean read length of 150 base pairs. Library preparation and Sequencing was performed by Prebiomics. Fastq files were uniformly processed using the curatedMetagenomicsNextflow pipeline (https://github.com/seandavi/curatedMetagenomicsNextflow) specifying the mouse reference genome in Trimmomatic.","fastq",NA,NA,NA,NA,NA,NA,"USA","34.1374596;-118.1268411","3/21/24",NA,NA,"ASO",NA,NA,NA,NA,NA,"/shares/CIBIO-Storage/CM/scratch/data/meta/CM_caltec_001_1024/CALTEC-001-41/CALTEC-001-41_R1.fastq.gz;/shares/CIBIO-Storage/CM/scratch/data/meta/CM_caltec_001_1024/CALTEC-001-41/CALTEC-001-41_R2.fastq.gz;","eb4fecf7-7a0d-4f39-a4a5-7909c51f0867","Mus Musculus","B2_C2_ASO","35","2","2","collection",NA,NA,NA,NA,NA,NA,NA,NA,NA,NA,NA,NA,NA,NA,NA,NA,NA,NA,NA,NA,NA,NA,NA,NA,NA,NA,NA,NA,NA
"MazmanianS_DeCastroFonsecaM_2","CALTEC-001-42","CALTEC-001-42","Parkinson Disease","NCIT:C26845","feces","UBERON:0001988","Mus musculus","NCBITaxon:10090","Case","NCIT:C49152","35",NA,NA,"Day","NCIT:C25301",NA,NA,NA,NA,"Kaelyn Long","CALTEC-001-42","CALTEC-001-42","Fecal metagenome of lab mouse","QIAamp Fast DNA Stool Mini Kit","WGS","METAGENOMIC","RANDOM","paired","ILLUMINA","Illumina NovaSeq X Plus","435","3/7/25","DNA was isolated from one mouse stool sample pellet using the Qiagen FAST DNA stool mini kit following the manufacturers protocol. Libraries were prepared using the Illumina DNA Prep, (M) Tagmentation (96 Samples, IPB) kit (Illumina, #20060059). Sequencing was performed using Illumina NovaSeq X Plus aiming for 70 million reads per sample, with mean read length of 150 base pairs. Library preparation and Sequencing was performed by Prebiomics. Fastq files were uniformly processed using the curatedMetagenomicsNextflow pipeline (https://github.com/seandavi/curatedMetagenomicsNextflow) specifying the mouse reference genome in Trimmomatic.","fastq",NA,NA,NA,NA,NA,NA,"USA","34.1374596;-118.1268412","3/21/24",NA,NA,"ASO",NA,NA,NA,NA,NA,"/shares/CIBIO-Storage/CM/scratch/data/meta/CM_caltec_001_1024/CALTEC-001-42/CALTEC-001-42_R1.fastq.gz;/shares/CIBIO-Storage/CM/scratch/data/meta/CM_caltec_001_1024/CALTEC-001-42/CALTEC-001-42_R2.fastq.gz;","3bbf9570-aeb1-4e4e-9b6d-40ca72d8ac24","Mus Musculus","B3_C4_ASO","35","4","3","collection",NA,NA,NA,NA,NA,NA,NA,NA,NA,NA,NA,NA,NA,NA,NA,NA,NA,NA,NA,NA,NA,NA,NA,NA,NA,NA,NA,NA,NA
"MazmanianS_DeCastroFonsecaM_2","CALTEC-001-43","CALTEC-001-43","Parkinson Disease","NCIT:C26845","feces","UBERON:0001988","Mus musculus","NCBITaxon:10090","Case","NCIT:C49152","35",NA,NA,"Day","NCIT:C25301",NA,NA,NA,NA,"Kaelyn Long","CALTEC-001-43","CALTEC-001-43","Fecal metagenome of lab mouse","QIAamp Fast DNA Stool Mini Kit","WGS","METAGENOMIC","RANDOM","paired","ILLUMINA","Illumina NovaSeq X Plus","435","3/7/25","DNA was isolated from one mouse stool sample pellet using the Qiagen FAST DNA stool mini kit following the manufacturers protocol. Libraries were prepared using the Illumina DNA Prep, (M) Tagmentation (96 Samples, IPB) kit (Illumina, #20060059). Sequencing was performed using Illumina NovaSeq X Plus aiming for 70 million reads per sample, with mean read length of 150 base pairs. Library preparation and Sequencing was performed by Prebiomics. Fastq files were uniformly processed using the curatedMetagenomicsNextflow pipeline (https://github.com/seandavi/curatedMetagenomicsNextflow) specifying the mouse reference genome in Trimmomatic.","fastq",NA,NA,NA,NA,NA,NA,"USA","34.1374596;-118.1268413","3/21/24",NA,NA,"ASO",NA,NA,NA,NA,NA,"/shares/CIBIO-Storage/CM/scratch/data/meta/CM_caltec_001_1024/CALTEC-001-43/CALTEC-001-43_R1.fastq.gz;/shares/CIBIO-Storage/CM/scratch/data/meta/CM_caltec_001_1024/CALTEC-001-43/CALTEC-001-43_R2.fastq.gz;","50fe6191-0097-4bfe-91b9-5ac9939357bb","Mus Musculus","B3_C3_ASO","35","3","3","collection",NA,NA,NA,NA,NA,NA,NA,NA,NA,NA,NA,NA,NA,NA,NA,NA,NA,NA,NA,NA,NA,NA,NA,NA,NA,NA,NA,NA,NA
"MazmanianS_DeCastroFonsecaM_2","CALTEC-001-44","CALTEC-001-44","Parkinson Disease","NCIT:C26845","feces","UBERON:0001988","Mus musculus","NCBITaxon:10090","Case","NCIT:C49152","35",NA,NA,"Day","NCIT:C25301",NA,NA,NA,NA,"Kaelyn Long","CALTEC-001-44","CALTEC-001-44","Fecal metagenome of lab mouse","QIAamp Fast DNA Stool Mini Kit","WGS","METAGENOMIC","RANDOM","paired","ILLUMINA","Illumina NovaSeq X Plus","435","3/7/25","DNA was isolated from one mouse stool sample pellet using the Qiagen FAST DNA stool mini kit following the manufacturers protocol. Libraries were prepared using the Illumina DNA Prep, (M) Tagmentation (96 Samples, IPB) kit (Illumina, #20060059). Sequencing was performed using Illumina NovaSeq X Plus aiming for 70 million reads per sample, with mean read length of 150 base pairs. Library preparation and Sequencing was performed by Prebiomics. Fastq files were uniformly processed using the curatedMetagenomicsNextflow pipeline (https://github.com/seandavi/curatedMetagenomicsNextflow) specifying the mouse reference genome in Trimmomatic.","fastq",NA,NA,NA,NA,NA,NA,"USA","34.1374596;-118.1268414","3/21/24",NA,NA,"ASO",NA,NA,NA,NA,NA,"/shares/CIBIO-Storage/CM/scratch/data/meta/CM_caltec_001_1024/CALTEC-001-44/CALTEC-001-44_R1.fastq.gz;/shares/CIBIO-Storage/CM/scratch/data/meta/CM_caltec_001_1024/CALTEC-001-44/CALTEC-001-44_R2.fastq.gz;","35c273e7-a7e4-4e24-b307-eff8115e4dfb","Mus Musculus","B4_C3_ASO","35","3","4","collection",NA,NA,NA,NA,NA,NA,NA,NA,NA,NA,NA,NA,NA,NA,NA,NA,NA,NA,NA,NA,NA,NA,NA,NA,NA,NA,NA,NA,NA
"MazmanianS_DeCastroFonsecaM_2","CALTEC-001-45","CALTEC-001-45","Parkinson Disease","NCIT:C26845","feces","UBERON:0001988","Mus musculus","NCBITaxon:10090","Case","NCIT:C49152","35",NA,NA,"Day","NCIT:C25301",NA,NA,NA,NA,"Kaelyn Long","CALTEC-001-45","CALTEC-001-45","Fecal metagenome of lab mouse","QIAamp Fast DNA Stool Mini Kit","WGS","METAGENOMIC","RANDOM","paired","ILLUMINA","Illumina NovaSeq X Plus","435","3/7/25","DNA was isolated from one mouse stool sample pellet using the Qiagen FAST DNA stool mini kit following the manufacturers protocol. Libraries were prepared using the Illumina DNA Prep, (M) Tagmentation (96 Samples, IPB) kit (Illumina, #20060059). Sequencing was performed using Illumina NovaSeq X Plus aiming for 70 million reads per sample, with mean read length of 150 base pairs. Library preparation and Sequencing was performed by Prebiomics. Fastq files were uniformly processed using the curatedMetagenomicsNextflow pipeline (https://github.com/seandavi/curatedMetagenomicsNextflow) specifying the mouse reference genome in Trimmomatic.","fastq",NA,NA,NA,NA,NA,NA,"USA","34.1374596;-118.1268415","3/21/24",NA,NA,"ASO",NA,NA,NA,NA,NA,"/shares/CIBIO-Storage/CM/scratch/data/meta/CM_caltec_001_1024/CALTEC-001-45/CALTEC-001-45_R1.fastq.gz;/shares/CIBIO-Storage/CM/scratch/data/meta/CM_caltec_001_1024/CALTEC-001-45/CALTEC-001-45_R2.fastq.gz;","41576b08-de64-4b08-bbf1-662214e8f8db","Mus Musculus","B4_C4_ASO","35","4","4","collection",NA,NA,NA,NA,NA,NA,NA,NA,NA,NA,NA,NA,NA,NA,NA,NA,NA,NA,NA,NA,NA,NA,NA,NA,NA,NA,NA,NA,NA
"MazmanianS_DeCastroFonsecaM_2","CALTEC-001-46","CALTEC-001-46","Parkinson Disease","NCIT:C26845","feces","UBERON:0001988","Mus musculus","NCBITaxon:10090","Study Control","NCIT:C142703","35",NA,NA,"Day","NCIT:C25301",NA,NA,NA,NA,"Kaelyn Long","CALTEC-001-46","CALTEC-001-46","Fecal metagenome of lab mouse","QIAamp Fast DNA Stool Mini Kit","WGS","METAGENOMIC","RANDOM","paired","ILLUMINA","Illumina NovaSeq X Plus","435","3/7/25","DNA was isolated from one mouse stool sample pellet using the Qiagen FAST DNA stool mini kit following the manufacturers protocol. Libraries were prepared using the Illumina DNA Prep, (M) Tagmentation (96 Samples, IPB) kit (Illumina, #20060059). Sequencing was performed using Illumina NovaSeq X Plus aiming for 70 million reads per sample, with mean read length of 150 base pairs. Library preparation and Sequencing was performed by Prebiomics. Fastq files were uniformly processed using the curatedMetagenomicsNextflow pipeline (https://github.com/seandavi/curatedMetagenomicsNextflow) specifying the mouse reference genome in Trimmomatic.","fastq",NA,NA,NA,NA,NA,NA,"USA","34.1374596;-118.1268416","3/21/24",NA,NA,"WT",NA,NA,NA,NA,NA,"/shares/CIBIO-Storage/CM/scratch/data/meta/CM_caltec_001_1024/CALTEC-001-46/CALTEC-001-46_R1.fastq.gz;/shares/CIBIO-Storage/CM/scratch/data/meta/CM_caltec_001_1024/CALTEC-001-46/CALTEC-001-46_R2.fastq.gz;","7bb2a01e-e2ea-4427-91e0-de1948fb5cd4","Mus Musculus","B4_C4_WT","35","4","4","collection",NA,NA,NA,NA,NA,NA,NA,NA,NA,NA,NA,NA,NA,NA,NA,NA,NA,NA,NA,NA,NA,NA,NA,NA,NA,NA,NA,NA,NA
"MazmanianS_DeCastroFonsecaM_2","CALTEC-001-47","CALTEC-001-47","Parkinson Disease","NCIT:C26845","feces","UBERON:0001988","Mus musculus","NCBITaxon:10090","Case","NCIT:C49152","41",NA,NA,"Day","NCIT:C25301",NA,NA,NA,NA,"Kaelyn Long","CALTEC-001-47","CALTEC-001-47","Fecal metagenome of lab mouse","QIAamp Fast DNA Stool Mini Kit","WGS","METAGENOMIC","RANDOM","paired","ILLUMINA","Illumina NovaSeq X Plus","439","3/18/25","DNA was isolated from one mouse stool sample pellet using the Qiagen FAST DNA stool mini kit following the manufacturers protocol. Libraries were prepared using the Illumina DNA Prep, (M) Tagmentation (96 Samples, IPB) kit (Illumina, #20060059). Sequencing was performed using Illumina NovaSeq X Plus aiming for 70 million reads per sample, with mean read length of 150 base pairs. Library preparation and Sequencing was performed by Prebiomics. Fastq files were uniformly processed using the curatedMetagenomicsNextflow pipeline (https://github.com/seandavi/curatedMetagenomicsNextflow) specifying the mouse reference genome in Trimmomatic.","fastq",NA,NA,NA,NA,NA,NA,"USA","34.1374596;-118.1268417","3/27/24",NA,NA,"ASO",NA,NA,NA,NA,NA,"/shares/CIBIO-Storage/CM/scratch/data/meta/CM_caltec_001_1024/CALTEC-001-47/CALTEC-001-47_R1.fastq.gz;/shares/CIBIO-Storage/CM/scratch/data/meta/CM_caltec_001_1024/CALTEC-001-47/CALTEC-001-47_R2.fastq.gz;","59a281f7-3fb0-425a-b9a7-cd5cd318ff2e","Mus Musculus","B1_C1_ASO","41","1","1","collection",NA,NA,NA,NA,NA,NA,NA,NA,NA,NA,NA,NA,NA,NA,NA,NA,NA,NA,NA,NA,NA,NA,NA,NA,NA,NA,NA,NA,NA
"MazmanianS_DeCastroFonsecaM_2","CALTEC-001-48","CALTEC-001-48","Parkinson Disease","NCIT:C26845","feces","UBERON:0001988","Mus musculus","NCBITaxon:10090","Study Control","NCIT:C142703","41",NA,NA,"Day","NCIT:C25301",NA,NA,NA,NA,"Kaelyn Long","CALTEC-001-48","CALTEC-001-48","Fecal metagenome of lab mouse","QIAamp Fast DNA Stool Mini Kit","WGS","METAGENOMIC","RANDOM","paired","ILLUMINA","Illumina NovaSeq X Plus","435","3/7/25","DNA was isolated from one mouse stool sample pellet using the Qiagen FAST DNA stool mini kit following the manufacturers protocol. Libraries were prepared using the Illumina DNA Prep, (M) Tagmentation (96 Samples, IPB) kit (Illumina, #20060059). Sequencing was performed using Illumina NovaSeq X Plus aiming for 70 million reads per sample, with mean read length of 150 base pairs. Library preparation and Sequencing was performed by Prebiomics. Fastq files were uniformly processed using the curatedMetagenomicsNextflow pipeline (https://github.com/seandavi/curatedMetagenomicsNextflow) specifying the mouse reference genome in Trimmomatic.","fastq",NA,NA,NA,NA,NA,NA,"USA","34.1374596;-118.1268418","3/27/24",NA,NA,"WT",NA,NA,NA,NA,NA,"/shares/CIBIO-Storage/CM/scratch/data/meta/CM_caltec_001_1024/CALTEC-001-48/CALTEC-001-48_R1.fastq.gz;/shares/CIBIO-Storage/CM/scratch/data/meta/CM_caltec_001_1024/CALTEC-001-48/CALTEC-001-48_R2.fastq.gz;","7d9009ee-9d41-4e38-b3fe-bc4d2f3c5c32","Mus Musculus","B1_C1_WT","41","1","1","collection",NA,NA,NA,NA,NA,NA,NA,NA,NA,NA,NA,NA,NA,NA,NA,NA,NA,NA,NA,NA,NA,NA,NA,NA,NA,NA,NA,NA,NA
"MazmanianS_DeCastroFonsecaM_2","CALTEC-001-49","CALTEC-001-49","Parkinson Disease","NCIT:C26845","feces","UBERON:0001988","Mus musculus","NCBITaxon:10090","Study Control","NCIT:C142703","41",NA,NA,"Day","NCIT:C25301",NA,NA,NA,NA,"Kaelyn Long","CALTEC-001-49","CALTEC-001-49","Fecal metagenome of lab mouse","QIAamp Fast DNA Stool Mini Kit","WGS","METAGENOMIC","RANDOM","paired","ILLUMINA","Illumina NovaSeq X Plus","435","3/7/25","DNA was isolated from one mouse stool sample pellet using the Qiagen FAST DNA stool mini kit following the manufacturers protocol. Libraries were prepared using the Illumina DNA Prep, (M) Tagmentation (96 Samples, IPB) kit (Illumina, #20060059). Sequencing was performed using Illumina NovaSeq X Plus aiming for 70 million reads per sample, with mean read length of 150 base pairs. Library preparation and Sequencing was performed by Prebiomics. Fastq files were uniformly processed using the curatedMetagenomicsNextflow pipeline (https://github.com/seandavi/curatedMetagenomicsNextflow) specifying the mouse reference genome in Trimmomatic.","fastq",NA,NA,NA,NA,NA,NA,"USA","34.1374596;-118.1268419","3/27/24",NA,NA,"WT",NA,NA,NA,NA,NA,"/shares/CIBIO-Storage/CM/scratch/data/meta/CM_caltec_001_1024/CALTEC-001-49/CALTEC-001-49_R1.fastq.gz;/shares/CIBIO-Storage/CM/scratch/data/meta/CM_caltec_001_1024/CALTEC-001-49/CALTEC-001-49_R2.fastq.gz;","3128d98a-9363-4061-b8fa-03623c5a471e","Mus Musculus","B1_C2_WT","41","2","1","collection",NA,NA,NA,NA,NA,NA,NA,NA,NA,NA,NA,NA,NA,NA,NA,NA,NA,NA,NA,NA,NA,NA,NA,NA,NA,NA,NA,NA,NA
"MazmanianS_DeCastroFonsecaM_2","CALTEC-001-50","CALTEC-001-50","Parkinson Disease","NCIT:C26845","feces","UBERON:0001988","Mus musculus","NCBITaxon:10090","Case","NCIT:C49152","41",NA,NA,"Day","NCIT:C25301",NA,NA,NA,NA,"Kaelyn Long","CALTEC-001-50","CALTEC-001-50","Fecal metagenome of lab mouse","QIAamp Fast DNA Stool Mini Kit","WGS","METAGENOMIC","RANDOM","paired","ILLUMINA","Illumina NovaSeq X Plus","435","3/7/25","DNA was isolated from one mouse stool sample pellet using the Qiagen FAST DNA stool mini kit following the manufacturers protocol. Libraries were prepared using the Illumina DNA Prep, (M) Tagmentation (96 Samples, IPB) kit (Illumina, #20060059). Sequencing was performed using Illumina NovaSeq X Plus aiming for 70 million reads per sample, with mean read length of 150 base pairs. Library preparation and Sequencing was performed by Prebiomics. Fastq files were uniformly processed using the curatedMetagenomicsNextflow pipeline (https://github.com/seandavi/curatedMetagenomicsNextflow) specifying the mouse reference genome in Trimmomatic.","fastq",NA,NA,NA,NA,NA,NA,"USA","34.1374596;-118.1268420","3/27/24",NA,NA,"ASO",NA,NA,NA,NA,NA,"/shares/CIBIO-Storage/CM/scratch/data/meta/CM_caltec_001_1024/CALTEC-001-50/CALTEC-001-50_R1.fastq.gz;/shares/CIBIO-Storage/CM/scratch/data/meta/CM_caltec_001_1024/CALTEC-001-50/CALTEC-001-50_R2.fastq.gz;","707c05e6-26b5-4887-8be8-8752cc7f7dd8","Mus Musculus","B1_C2_ASO","41","2","1","collection",NA,NA,NA,NA,NA,NA,NA,NA,NA,NA,NA,NA,NA,NA,NA,NA,NA,NA,NA,NA,NA,NA,NA,NA,NA,NA,NA,NA,NA
"MazmanianS_DeCastroFonsecaM_2","CALTEC-001-51","CALTEC-001-51","Parkinson Disease","NCIT:C26845","feces","UBERON:0001988","Mus musculus","NCBITaxon:10090","Study Control","NCIT:C142703","41",NA,NA,"Day","NCIT:C25301",NA,NA,NA,NA,"Kaelyn Long","CALTEC-001-51","CALTEC-001-51","Fecal metagenome of lab mouse","QIAamp Fast DNA Stool Mini Kit","WGS","METAGENOMIC","RANDOM","paired","ILLUMINA","Illumina NovaSeq X Plus","435","3/7/25","DNA was isolated from one mouse stool sample pellet using the Qiagen FAST DNA stool mini kit following the manufacturers protocol. Libraries were prepared using the Illumina DNA Prep, (M) Tagmentation (96 Samples, IPB) kit (Illumina, #20060059). Sequencing was performed using Illumina NovaSeq X Plus aiming for 70 million reads per sample, with mean read length of 150 base pairs. Library preparation and Sequencing was performed by Prebiomics. Fastq files were uniformly processed using the curatedMetagenomicsNextflow pipeline (https://github.com/seandavi/curatedMetagenomicsNextflow) specifying the mouse reference genome in Trimmomatic.","fastq",NA,NA,NA,NA,NA,NA,"USA","34.1374596;-118.1268421","3/27/24",NA,NA,"WT",NA,NA,NA,NA,NA,"/shares/CIBIO-Storage/CM/scratch/data/meta/CM_caltec_001_1024/CALTEC-001-51/CALTEC-001-51_R1.fastq.gz;/shares/CIBIO-Storage/CM/scratch/data/meta/CM_caltec_001_1024/CALTEC-001-51/CALTEC-001-51_R2.fastq.gz;","7f66de33-22fb-473f-968a-476096bf0493","Mus Musculus","B1_C1_WT","41","1","1","collection",NA,NA,NA,NA,NA,NA,NA,NA,NA,NA,NA,NA,NA,NA,NA,NA,NA,NA,NA,NA,NA,NA,NA,NA,NA,NA,NA,NA,NA
"MazmanianS_DeCastroFonsecaM_2","CALTEC-001-52","CALTEC-001-52","Parkinson Disease","NCIT:C26845","feces","UBERON:0001988","Mus musculus","NCBITaxon:10090","Study Control","NCIT:C142703","41",NA,NA,"Day","NCIT:C25301",NA,NA,NA,NA,"Kaelyn Long","CALTEC-001-52","CALTEC-001-52","Fecal metagenome of lab mouse","QIAamp Fast DNA Stool Mini Kit","WGS","METAGENOMIC","RANDOM","paired","ILLUMINA","Illumina NovaSeq X Plus","435","3/7/25","DNA was isolated from one mouse stool sample pellet using the Qiagen FAST DNA stool mini kit following the manufacturers protocol. Libraries were prepared using the Illumina DNA Prep, (M) Tagmentation (96 Samples, IPB) kit (Illumina, #20060059). Sequencing was performed using Illumina NovaSeq X Plus aiming for 70 million reads per sample, with mean read length of 150 base pairs. Library preparation and Sequencing was performed by Prebiomics. Fastq files were uniformly processed using the curatedMetagenomicsNextflow pipeline (https://github.com/seandavi/curatedMetagenomicsNextflow) specifying the mouse reference genome in Trimmomatic.","fastq",NA,NA,NA,NA,NA,NA,"USA","34.1374596;-118.1268422","3/27/24",NA,NA,"WT",NA,NA,NA,NA,NA,"/shares/CIBIO-Storage/CM/scratch/data/meta/CM_caltec_001_1024/CALTEC-001-52/CALTEC-001-52_R1.fastq.gz;/shares/CIBIO-Storage/CM/scratch/data/meta/CM_caltec_001_1024/CALTEC-001-52/CALTEC-001-52_R2.fastq.gz;","5727441c-b3df-4c42-ae1c-9e88b2f3cc38","Mus Musculus","B2_C1_WT","41","1","2","collection",NA,NA,NA,NA,NA,NA,NA,NA,NA,NA,NA,NA,NA,NA,NA,NA,NA,NA,NA,NA,NA,NA,NA,NA,NA,NA,NA,NA,NA
"MazmanianS_DeCastroFonsecaM_2","CALTEC-001-53","CALTEC-001-53","Parkinson Disease","NCIT:C26845","feces","UBERON:0001988","Mus musculus","NCBITaxon:10090","Case","NCIT:C49152","41",NA,NA,"Day","NCIT:C25301",NA,NA,NA,NA,"Kaelyn Long","CALTEC-001-53","CALTEC-001-53","Fecal metagenome of lab mouse","QIAamp Fast DNA Stool Mini Kit","WGS","METAGENOMIC","RANDOM","paired","ILLUMINA","Illumina NovaSeq X Plus","435","3/7/25","DNA was isolated from one mouse stool sample pellet using the Qiagen FAST DNA stool mini kit following the manufacturers protocol. Libraries were prepared using the Illumina DNA Prep, (M) Tagmentation (96 Samples, IPB) kit (Illumina, #20060059). Sequencing was performed using Illumina NovaSeq X Plus aiming for 70 million reads per sample, with mean read length of 150 base pairs. Library preparation and Sequencing was performed by Prebiomics. Fastq files were uniformly processed using the curatedMetagenomicsNextflow pipeline (https://github.com/seandavi/curatedMetagenomicsNextflow) specifying the mouse reference genome in Trimmomatic.","fastq",NA,NA,NA,NA,NA,NA,"USA","34.1374596;-118.1268423","3/27/24",NA,NA,"ASO",NA,NA,NA,NA,NA,"/shares/CIBIO-Storage/CM/scratch/data/meta/CM_caltec_001_1024/CALTEC-001-53/CALTEC-001-53_R1.fastq.gz;/shares/CIBIO-Storage/CM/scratch/data/meta/CM_caltec_001_1024/CALTEC-001-53/CALTEC-001-53_R2.fastq.gz;","a2571427-1f3e-4661-ab66-c769c4a47f3c","Mus Musculus","B2_C1_ASO","41","1","2","collection",NA,NA,NA,NA,NA,NA,NA,NA,NA,NA,NA,NA,NA,NA,NA,NA,NA,NA,NA,NA,NA,NA,NA,NA,NA,NA,NA,NA,NA
"MazmanianS_DeCastroFonsecaM_2","CALTEC-001-54","CALTEC-001-54","Parkinson Disease","NCIT:C26845","feces","UBERON:0001988","Mus musculus","NCBITaxon:10090","Study Control","NCIT:C142703","41",NA,NA,"Day","NCIT:C25301",NA,NA,NA,NA,"Kaelyn Long","CALTEC-001-54","CALTEC-001-54","Fecal metagenome of lab mouse","QIAamp Fast DNA Stool Mini Kit","WGS","METAGENOMIC","RANDOM","paired","ILLUMINA","Illumina NovaSeq X Plus","435","3/7/25","DNA was isolated from one mouse stool sample pellet using the Qiagen FAST DNA stool mini kit following the manufacturers protocol. Libraries were prepared using the Illumina DNA Prep, (M) Tagmentation (96 Samples, IPB) kit (Illumina, #20060059). Sequencing was performed using Illumina NovaSeq X Plus aiming for 70 million reads per sample, with mean read length of 150 base pairs. Library preparation and Sequencing was performed by Prebiomics. Fastq files were uniformly processed using the curatedMetagenomicsNextflow pipeline (https://github.com/seandavi/curatedMetagenomicsNextflow) specifying the mouse reference genome in Trimmomatic.","fastq",NA,NA,NA,NA,NA,NA,"USA","34.1374596;-118.1268424","3/27/24",NA,NA,"WT",NA,NA,NA,NA,NA,"/shares/CIBIO-Storage/CM/scratch/data/meta/CM_caltec_001_1024/CALTEC-001-54/CALTEC-001-54_R1.fastq.gz;/shares/CIBIO-Storage/CM/scratch/data/meta/CM_caltec_001_1024/CALTEC-001-54/CALTEC-001-54_R2.fastq.gz;","d6d59a65-94ad-4208-a0cf-05ab632628fb","Mus Musculus","B2_C2_WT","41","2","2","collection",NA,NA,NA,NA,NA,NA,NA,NA,NA,NA,NA,NA,NA,NA,NA,NA,NA,NA,NA,NA,NA,NA,NA,NA,NA,NA,NA,NA,NA
"MazmanianS_DeCastroFonsecaM_2","CALTEC-001-55","CALTEC-001-55","Parkinson Disease","NCIT:C26845","feces","UBERON:0001988","Mus musculus","NCBITaxon:10090","Case","NCIT:C49152","41",NA,NA,"Day","NCIT:C25301",NA,NA,NA,NA,"Kaelyn Long","CALTEC-001-55","CALTEC-001-55","Fecal metagenome of lab mouse","QIAamp Fast DNA Stool Mini Kit","WGS","METAGENOMIC","RANDOM","paired","ILLUMINA","Illumina NovaSeq X Plus","439","3/18/25","DNA was isolated from one mouse stool sample pellet using the Qiagen FAST DNA stool mini kit following the manufacturers protocol. Libraries were prepared using the Illumina DNA Prep, (M) Tagmentation (96 Samples, IPB) kit (Illumina, #20060059). Sequencing was performed using Illumina NovaSeq X Plus aiming for 70 million reads per sample, with mean read length of 150 base pairs. Library preparation and Sequencing was performed by Prebiomics. Fastq files were uniformly processed using the curatedMetagenomicsNextflow pipeline (https://github.com/seandavi/curatedMetagenomicsNextflow) specifying the mouse reference genome in Trimmomatic.","fastq",NA,NA,NA,NA,NA,NA,"USA","34.1374596;-118.1268425","3/27/24",NA,NA,"ASO",NA,NA,NA,NA,NA,"/shares/CIBIO-Storage/CM/scratch/data/meta/CM_caltec_001_1024/CALTEC-001-55/CALTEC-001-55_R1.fastq.gz;/shares/CIBIO-Storage/CM/scratch/data/meta/CM_caltec_001_1024/CALTEC-001-55/CALTEC-001-55_R2.fastq.gz;","0206d8e5-dae5-459b-80ae-b44a65216c07","Mus Musculus","B2_C2_ASO","41","2","2","collection",NA,NA,NA,NA,NA,NA,NA,NA,NA,NA,NA,NA,NA,NA,NA,NA,NA,NA,NA,NA,NA,NA,NA,NA,NA,NA,NA,NA,NA
"MazmanianS_DeCastroFonsecaM_2","CALTEC-001-56","CALTEC-001-56","Parkinson Disease","NCIT:C26845","feces","UBERON:0001988","Mus musculus","NCBITaxon:10090","Case","NCIT:C49152","41",NA,NA,"Day","NCIT:C25301",NA,NA,NA,NA,"Kaelyn Long","CALTEC-001-56","CALTEC-001-56","Fecal metagenome of lab mouse","QIAamp Fast DNA Stool Mini Kit","WGS","METAGENOMIC","RANDOM","paired","ILLUMINA","Illumina NovaSeq X Plus","435","3/7/25","DNA was isolated from one mouse stool sample pellet using the Qiagen FAST DNA stool mini kit following the manufacturers protocol. Libraries were prepared using the Illumina DNA Prep, (M) Tagmentation (96 Samples, IPB) kit (Illumina, #20060059). Sequencing was performed using Illumina NovaSeq X Plus aiming for 70 million reads per sample, with mean read length of 150 base pairs. Library preparation and Sequencing was performed by Prebiomics. Fastq files were uniformly processed using the curatedMetagenomicsNextflow pipeline (https://github.com/seandavi/curatedMetagenomicsNextflow) specifying the mouse reference genome in Trimmomatic.","fastq",NA,NA,NA,NA,NA,NA,"USA","34.1374596;-118.1268426","3/27/24",NA,NA,"ASO",NA,NA,NA,NA,NA,"/shares/CIBIO-Storage/CM/scratch/data/meta/CM_caltec_001_1024/CALTEC-001-56/CALTEC-001-56_R1.fastq.gz;/shares/CIBIO-Storage/CM/scratch/data/meta/CM_caltec_001_1024/CALTEC-001-56/CALTEC-001-56_R2.fastq.gz;","e1de74a6-3522-4ccf-8c97-0f3a222ad663","Mus Musculus","B3_C4_ASO","41","4","3","collection",NA,NA,NA,NA,NA,NA,NA,NA,NA,NA,NA,NA,NA,NA,NA,NA,NA,NA,NA,NA,NA,NA,NA,NA,NA,NA,NA,NA,NA
"MazmanianS_DeCastroFonsecaM_2","CALTEC-001-57","CALTEC-001-57","Parkinson Disease","NCIT:C26845","feces","UBERON:0001988","Mus musculus","NCBITaxon:10090","Case","NCIT:C49152","41",NA,NA,"Day","NCIT:C25301",NA,NA,NA,NA,"Kaelyn Long","CALTEC-001-57","CALTEC-001-57","Fecal metagenome of lab mouse","QIAamp Fast DNA Stool Mini Kit","WGS","METAGENOMIC","RANDOM","paired","ILLUMINA","Illumina NovaSeq X Plus","435","3/7/25","DNA was isolated from one mouse stool sample pellet using the Qiagen FAST DNA stool mini kit following the manufacturers protocol. Libraries were prepared using the Illumina DNA Prep, (M) Tagmentation (96 Samples, IPB) kit (Illumina, #20060059). Sequencing was performed using Illumina NovaSeq X Plus aiming for 70 million reads per sample, with mean read length of 150 base pairs. Library preparation and Sequencing was performed by Prebiomics. Fastq files were uniformly processed using the curatedMetagenomicsNextflow pipeline (https://github.com/seandavi/curatedMetagenomicsNextflow) specifying the mouse reference genome in Trimmomatic.","fastq",NA,NA,NA,NA,NA,NA,"USA","34.1374596;-118.1268427","3/27/24",NA,NA,"ASO",NA,NA,NA,NA,NA,"/shares/CIBIO-Storage/CM/scratch/data/meta/CM_caltec_001_1024/CALTEC-001-57/CALTEC-001-57_R1.fastq.gz;/shares/CIBIO-Storage/CM/scratch/data/meta/CM_caltec_001_1024/CALTEC-001-57/CALTEC-001-57_R2.fastq.gz;","d5d82316-e38b-4813-a8ae-311a32e3426d","Mus Musculus","B3_C3_ASO","41","3","3","collection",NA,NA,NA,NA,NA,NA,NA,NA,NA,NA,NA,NA,NA,NA,NA,NA,NA,NA,NA,NA,NA,NA,NA,NA,NA,NA,NA,NA,NA
"MazmanianS_DeCastroFonsecaM_2","CALTEC-001-58","CALTEC-001-58","Parkinson Disease","NCIT:C26845","feces","UBERON:0001988","Mus musculus","NCBITaxon:10090","Case","NCIT:C49152","41",NA,NA,"Day","NCIT:C25301",NA,NA,NA,NA,"Kaelyn Long","CALTEC-001-58","CALTEC-001-58","Fecal metagenome of lab mouse","QIAamp Fast DNA Stool Mini Kit","WGS","METAGENOMIC","RANDOM","paired","ILLUMINA","Illumina NovaSeq X Plus","435","3/7/25","DNA was isolated from one mouse stool sample pellet using the Qiagen FAST DNA stool mini kit following the manufacturers protocol. Libraries were prepared using the Illumina DNA Prep, (M) Tagmentation (96 Samples, IPB) kit (Illumina, #20060059). Sequencing was performed using Illumina NovaSeq X Plus aiming for 70 million reads per sample, with mean read length of 150 base pairs. Library preparation and Sequencing was performed by Prebiomics. Fastq files were uniformly processed using the curatedMetagenomicsNextflow pipeline (https://github.com/seandavi/curatedMetagenomicsNextflow) specifying the mouse reference genome in Trimmomatic.","fastq",NA,NA,NA,NA,NA,NA,"USA","34.1374596;-118.1268428","3/27/24",NA,NA,"ASO",NA,NA,NA,NA,NA,"/shares/CIBIO-Storage/CM/scratch/data/meta/CM_caltec_001_1024/CALTEC-001-58/CALTEC-001-58_R1.fastq.gz;/shares/CIBIO-Storage/CM/scratch/data/meta/CM_caltec_001_1024/CALTEC-001-58/CALTEC-001-58_R2.fastq.gz;","35bf6b78-d8df-48dd-a543-a20451298d53","Mus Musculus","B4_C3_ASO","41","3","4","collection",NA,NA,NA,NA,NA,NA,NA,NA,NA,NA,NA,NA,NA,NA,NA,NA,NA,NA,NA,NA,NA,NA,NA,NA,NA,NA,NA,NA,NA
"MazmanianS_DeCastroFonsecaM_2","CALTEC-001-59","CALTEC-001-59","Parkinson Disease","NCIT:C26845","feces","UBERON:0001988","Mus musculus","NCBITaxon:10090","Case","NCIT:C49152","41",NA,NA,"Day","NCIT:C25301",NA,NA,NA,NA,"Kaelyn Long","CALTEC-001-59","CALTEC-001-59","Fecal metagenome of lab mouse","QIAamp Fast DNA Stool Mini Kit","WGS","METAGENOMIC","RANDOM","paired","ILLUMINA","Illumina NovaSeq X Plus","435","3/7/25","DNA was isolated from one mouse stool sample pellet using the Qiagen FAST DNA stool mini kit following the manufacturers protocol. Libraries were prepared using the Illumina DNA Prep, (M) Tagmentation (96 Samples, IPB) kit (Illumina, #20060059). Sequencing was performed using Illumina NovaSeq X Plus aiming for 70 million reads per sample, with mean read length of 150 base pairs. Library preparation and Sequencing was performed by Prebiomics. Fastq files were uniformly processed using the curatedMetagenomicsNextflow pipeline (https://github.com/seandavi/curatedMetagenomicsNextflow) specifying the mouse reference genome in Trimmomatic.","fastq",NA,NA,NA,NA,NA,NA,"USA","34.1374596;-118.1268429","3/27/24",NA,NA,"ASO",NA,NA,NA,NA,NA,"/shares/CIBIO-Storage/CM/scratch/data/meta/CM_caltec_001_1024/CALTEC-001-59/CALTEC-001-59_R1.fastq.gz;/shares/CIBIO-Storage/CM/scratch/data/meta/CM_caltec_001_1024/CALTEC-001-59/CALTEC-001-59_R2.fastq.gz;","f9ba506a-10e1-45ab-8172-8a882c09dfee","Mus Musculus","B4_C4_ASO","41","4","4","collection",NA,NA,NA,NA,NA,NA,NA,NA,NA,NA,NA,NA,NA,NA,NA,NA,NA,NA,NA,NA,NA,NA,NA,NA,NA,NA,NA,NA,NA
"MazmanianS_DeCastroFonsecaM_2","CALTEC-001-60","CALTEC-001-60","Parkinson Disease","NCIT:C26845","feces","UBERON:0001988","Mus musculus","NCBITaxon:10090","Study Control","NCIT:C142703","41",NA,NA,"Day","NCIT:C25301",NA,NA,NA,NA,"Kaelyn Long","CALTEC-001-60","CALTEC-001-60","Fecal metagenome of lab mouse","QIAamp Fast DNA Stool Mini Kit","WGS","METAGENOMIC","RANDOM","paired","ILLUMINA","Illumina NovaSeq X Plus","435","3/7/25","DNA was isolated from one mouse stool sample pellet using the Qiagen FAST DNA stool mini kit following the manufacturers protocol. Libraries were prepared using the Illumina DNA Prep, (M) Tagmentation (96 Samples, IPB) kit (Illumina, #20060059). Sequencing was performed using Illumina NovaSeq X Plus aiming for 70 million reads per sample, with mean read length of 150 base pairs. Library preparation and Sequencing was performed by Prebiomics. Fastq files were uniformly processed using the curatedMetagenomicsNextflow pipeline (https://github.com/seandavi/curatedMetagenomicsNextflow) specifying the mouse reference genome in Trimmomatic.","fastq",NA,NA,NA,NA,NA,NA,"USA","34.1374596;-118.1268430","3/27/24",NA,NA,"WT",NA,NA,NA,NA,NA,"/shares/CIBIO-Storage/CM/scratch/data/meta/CM_caltec_001_1024/CALTEC-001-60/CALTEC-001-60_R1.fastq.gz;/shares/CIBIO-Storage/CM/scratch/data/meta/CM_caltec_001_1024/CALTEC-001-60/CALTEC-001-60_R2.fastq.gz;","7d31dfde-d639-479a-b70e-3975485b2e5e","Mus Musculus","B4_C4_WT","41","4","4","collection",NA,NA,NA,NA,NA,NA,NA,NA,NA,NA,NA,NA,NA,NA,NA,NA,NA,NA,NA,NA,NA,NA,NA,NA,NA,NA,NA,NA,NA
"MazmanianS_DeCastroFonsecaM_2","CALTEC-001-103","CALTEC-001-103","Parkinson Disease","NCIT:C26845","feces","UBERON:0001988","Mus musculus","NCBITaxon:10090","Case","NCIT:C49152","55",NA,NA,"Day","NCIT:C25301",NA,NA,NA,NA,"Kaelyn Long","CALTEC-001-103","CALTEC-001-103","Fecal metagenome of lab mouse","QIAamp Fast DNA Stool Mini Kit","WGS","METAGENOMIC","RANDOM","paired","ILLUMINA","Illumina NovaSeq X Plus","439","3/18/25","DNA was isolated from one mouse stool sample pellet using the Qiagen FAST DNA stool mini kit following the manufacturers protocol. Libraries were prepared using the Illumina DNA Prep, (M) Tagmentation (96 Samples, IPB) kit (Illumina, #20060059). Sequencing was performed using Illumina NovaSeq X Plus aiming for 70 million reads per sample, with mean read length of 150 base pairs. Library preparation and Sequencing was performed by Prebiomics. Fastq files were uniformly processed using the curatedMetagenomicsNextflow pipeline (https://github.com/seandavi/curatedMetagenomicsNextflow) specifying the mouse reference genome in Trimmomatic.","fastq",NA,NA,NA,NA,NA,NA,"USA","34.1374596;-118.1268431","4/10/24",NA,NA,"ASO",NA,NA,NA,NA,NA,"/shares/CIBIO-Storage/CM/scratch/data/meta/CM_caltec_001_1024/CALTEC-001-103/CALTEC-001-103_R1.fastq.gz;/shares/CIBIO-Storage/CM/scratch/data/meta/CM_caltec_001_1024/CALTEC-001-103/CALTEC-001-103_R2.fastq.gz;","b42d8d62-d28f-461f-8de6-37091a0e98b9","Mus Musculus","B1_C1_ASO","55","1","1","collection",NA,NA,NA,NA,NA,NA,NA,NA,NA,NA,NA,NA,NA,NA,NA,NA,NA,NA,NA,NA,NA,NA,NA,NA,NA,NA,NA,NA,NA
"MazmanianS_DeCastroFonsecaM_2","CALTEC-001-104","CALTEC-001-104","Parkinson Disease","NCIT:C26845","feces","UBERON:0001988","Mus musculus","NCBITaxon:10090","Study Control","NCIT:C142703","55",NA,NA,"Day","NCIT:C25301",NA,NA,NA,NA,"Kaelyn Long","CALTEC-001-104","CALTEC-001-104","Fecal metagenome of lab mouse","QIAamp Fast DNA Stool Mini Kit","WGS","METAGENOMIC","RANDOM","paired","ILLUMINA","Illumina NovaSeq X Plus","439","3/18/25","DNA was isolated from one mouse stool sample pellet using the Qiagen FAST DNA stool mini kit following the manufacturers protocol. Libraries were prepared using the Illumina DNA Prep, (M) Tagmentation (96 Samples, IPB) kit (Illumina, #20060059). Sequencing was performed using Illumina NovaSeq X Plus aiming for 70 million reads per sample, with mean read length of 150 base pairs. Library preparation and Sequencing was performed by Prebiomics. Fastq files were uniformly processed using the curatedMetagenomicsNextflow pipeline (https://github.com/seandavi/curatedMetagenomicsNextflow) specifying the mouse reference genome in Trimmomatic.","fastq",NA,NA,NA,NA,NA,NA,"USA","34.1374596;-118.1268432","4/10/24",NA,NA,"WT",NA,NA,NA,NA,NA,"/shares/CIBIO-Storage/CM/scratch/data/meta/CM_caltec_001_1024/CALTEC-001-104/CALTEC-001-104_R1.fastq.gz;/shares/CIBIO-Storage/CM/scratch/data/meta/CM_caltec_001_1024/CALTEC-001-104/CALTEC-001-104_R2.fastq.gz;","8849f62d-948c-43ed-a626-3eb088b6955f","Mus Musculus","B1_C1_WT","55","1","1","collection",NA,NA,NA,NA,NA,NA,NA,NA,NA,NA,NA,NA,NA,NA,NA,NA,NA,NA,NA,NA,NA,NA,NA,NA,NA,NA,NA,NA,NA
"MazmanianS_DeCastroFonsecaM_2","CALTEC-001-105","CALTEC-001-105","Parkinson Disease","NCIT:C26845","feces","UBERON:0001988","Mus musculus","NCBITaxon:10090","Study Control","NCIT:C142703","55",NA,NA,"Day","NCIT:C25301",NA,NA,NA,NA,"Kaelyn Long","CALTEC-001-105","CALTEC-001-105","Fecal metagenome of lab mouse","QIAamp Fast DNA Stool Mini Kit","WGS","METAGENOMIC","RANDOM","paired","ILLUMINA","Illumina NovaSeq X Plus","435","3/7/25","DNA was isolated from one mouse stool sample pellet using the Qiagen FAST DNA stool mini kit following the manufacturers protocol. Libraries were prepared using the Illumina DNA Prep, (M) Tagmentation (96 Samples, IPB) kit (Illumina, #20060059). Sequencing was performed using Illumina NovaSeq X Plus aiming for 70 million reads per sample, with mean read length of 150 base pairs. Library preparation and Sequencing was performed by Prebiomics. Fastq files were uniformly processed using the curatedMetagenomicsNextflow pipeline (https://github.com/seandavi/curatedMetagenomicsNextflow) specifying the mouse reference genome in Trimmomatic.","fastq",NA,NA,NA,NA,NA,NA,"USA","34.1374596;-118.1268433","4/10/24",NA,NA,"WT",NA,NA,NA,NA,NA,"/shares/CIBIO-Storage/CM/scratch/data/meta/CM_caltec_001_1024/CALTEC-001-105/CALTEC-001-105_R1.fastq.gz;/shares/CIBIO-Storage/CM/scratch/data/meta/CM_caltec_001_1024/CALTEC-001-105/CALTEC-001-105_R2.fastq.gz;","54821d4b-af8c-441d-8192-3fe02098ebd2","Mus Musculus","B1_C2_WT","55","2","1","collection",NA,NA,NA,NA,NA,NA,NA,NA,NA,NA,NA,NA,NA,NA,NA,NA,NA,NA,NA,NA,NA,NA,NA,NA,NA,NA,NA,NA,NA
"MazmanianS_DeCastroFonsecaM_2","CALTEC-001-106","CALTEC-001-106","Parkinson Disease","NCIT:C26845","feces","UBERON:0001988","Mus musculus","NCBITaxon:10090","Case","NCIT:C49152","55",NA,NA,"Day","NCIT:C25301",NA,NA,NA,NA,"Kaelyn Long","CALTEC-001-106","CALTEC-001-106","Fecal metagenome of lab mouse","QIAamp Fast DNA Stool Mini Kit","WGS","METAGENOMIC","RANDOM","paired","ILLUMINA","Illumina NovaSeq X Plus","435","3/7/25","DNA was isolated from one mouse stool sample pellet using the Qiagen FAST DNA stool mini kit following the manufacturers protocol. Libraries were prepared using the Illumina DNA Prep, (M) Tagmentation (96 Samples, IPB) kit (Illumina, #20060059). Sequencing was performed using Illumina NovaSeq X Plus aiming for 70 million reads per sample, with mean read length of 150 base pairs. Library preparation and Sequencing was performed by Prebiomics. Fastq files were uniformly processed using the curatedMetagenomicsNextflow pipeline (https://github.com/seandavi/curatedMetagenomicsNextflow) specifying the mouse reference genome in Trimmomatic.","fastq",NA,NA,NA,NA,NA,NA,"USA","34.1374596;-118.1268434","4/10/24",NA,NA,"ASO",NA,NA,NA,NA,NA,"/shares/CIBIO-Storage/CM/scratch/data/meta/CM_caltec_001_1024/CALTEC-001-106/CALTEC-001-106_R1.fastq.gz;/shares/CIBIO-Storage/CM/scratch/data/meta/CM_caltec_001_1024/CALTEC-001-106/CALTEC-001-106_R2.fastq.gz;","44fad0c0-cd84-4fae-b6ea-0582e7161e67","Mus Musculus","B1_C2_ASO","55","2","1","collection",NA,NA,NA,NA,NA,NA,NA,NA,NA,NA,NA,NA,NA,NA,NA,NA,NA,NA,NA,NA,NA,NA,NA,NA,NA,NA,NA,NA,NA
"MazmanianS_DeCastroFonsecaM_2","CALTEC-001-107","CALTEC-001-107","Parkinson Disease","NCIT:C26845","feces","UBERON:0001988","Mus musculus","NCBITaxon:10090","Study Control","NCIT:C142703","55",NA,NA,"Day","NCIT:C25301",NA,NA,NA,NA,"Kaelyn Long","CALTEC-001-107","CALTEC-001-107","Fecal metagenome of lab mouse","QIAamp Fast DNA Stool Mini Kit","WGS","METAGENOMIC","RANDOM","paired","ILLUMINA","Illumina NovaSeq X Plus","435","3/7/25","DNA was isolated from one mouse stool sample pellet using the Qiagen FAST DNA stool mini kit following the manufacturers protocol. Libraries were prepared using the Illumina DNA Prep, (M) Tagmentation (96 Samples, IPB) kit (Illumina, #20060059). Sequencing was performed using Illumina NovaSeq X Plus aiming for 70 million reads per sample, with mean read length of 150 base pairs. Library preparation and Sequencing was performed by Prebiomics. Fastq files were uniformly processed using the curatedMetagenomicsNextflow pipeline (https://github.com/seandavi/curatedMetagenomicsNextflow) specifying the mouse reference genome in Trimmomatic.","fastq",NA,NA,NA,NA,NA,NA,"USA","34.1374596;-118.1268435","4/10/24",NA,NA,"WT",NA,NA,NA,NA,NA,"/shares/CIBIO-Storage/CM/scratch/data/meta/CM_caltec_001_1024/CALTEC-001-107/CALTEC-001-107_R1.fastq.gz;/shares/CIBIO-Storage/CM/scratch/data/meta/CM_caltec_001_1024/CALTEC-001-107/CALTEC-001-107_R2.fastq.gz;","e1cce951-8ffa-46f1-88cd-abc839ef4624","Mus Musculus","B1_C1_WT","55","1","1","collection",NA,NA,NA,NA,NA,NA,NA,NA,NA,NA,NA,NA,NA,NA,NA,NA,NA,NA,NA,NA,NA,NA,NA,NA,NA,NA,NA,NA,NA
"MazmanianS_DeCastroFonsecaM_2","CALTEC-001-108","CALTEC-001-108","Parkinson Disease","NCIT:C26845","feces","UBERON:0001988","Mus musculus","NCBITaxon:10090","Study Control","NCIT:C142703","55",NA,NA,"Day","NCIT:C25301",NA,NA,NA,NA,"Kaelyn Long","CALTEC-001-108","CALTEC-001-108","Fecal metagenome of lab mouse","QIAamp Fast DNA Stool Mini Kit","WGS","METAGENOMIC","RANDOM","paired","ILLUMINA","Illumina NovaSeq X Plus","435","3/7/25","DNA was isolated from one mouse stool sample pellet using the Qiagen FAST DNA stool mini kit following the manufacturers protocol. Libraries were prepared using the Illumina DNA Prep, (M) Tagmentation (96 Samples, IPB) kit (Illumina, #20060059). Sequencing was performed using Illumina NovaSeq X Plus aiming for 70 million reads per sample, with mean read length of 150 base pairs. Library preparation and Sequencing was performed by Prebiomics. Fastq files were uniformly processed using the curatedMetagenomicsNextflow pipeline (https://github.com/seandavi/curatedMetagenomicsNextflow) specifying the mouse reference genome in Trimmomatic.","fastq",NA,NA,NA,NA,NA,NA,"USA","34.1374596;-118.1268436","4/10/24",NA,NA,"WT",NA,NA,NA,NA,NA,"/shares/CIBIO-Storage/CM/scratch/data/meta/CM_caltec_001_1024/CALTEC-001-108/CALTEC-001-108_R1.fastq.gz;/shares/CIBIO-Storage/CM/scratch/data/meta/CM_caltec_001_1024/CALTEC-001-108/CALTEC-001-108_R2.fastq.gz;","57725d52-0eca-42c2-86e3-f85e2b8a077b","Mus Musculus","B2_C1_WT","55","1","2","collection",NA,NA,NA,NA,NA,NA,NA,NA,NA,NA,NA,NA,NA,NA,NA,NA,NA,NA,NA,NA,NA,NA,NA,NA,NA,NA,NA,NA,NA
"MazmanianS_DeCastroFonsecaM_2","CALTEC-001-109","CALTEC-001-109","Parkinson Disease","NCIT:C26845","feces","UBERON:0001988","Mus musculus","NCBITaxon:10090","Case","NCIT:C49152","55",NA,NA,"Day","NCIT:C25301",NA,NA,NA,NA,"Kaelyn Long","CALTEC-001-109","CALTEC-001-109","Fecal metagenome of lab mouse","QIAamp Fast DNA Stool Mini Kit","WGS","METAGENOMIC","RANDOM","paired","ILLUMINA","Illumina NovaSeq X Plus","435","3/7/25","DNA was isolated from one mouse stool sample pellet using the Qiagen FAST DNA stool mini kit following the manufacturers protocol. Libraries were prepared using the Illumina DNA Prep, (M) Tagmentation (96 Samples, IPB) kit (Illumina, #20060059). Sequencing was performed using Illumina NovaSeq X Plus aiming for 70 million reads per sample, with mean read length of 150 base pairs. Library preparation and Sequencing was performed by Prebiomics. Fastq files were uniformly processed using the curatedMetagenomicsNextflow pipeline (https://github.com/seandavi/curatedMetagenomicsNextflow) specifying the mouse reference genome in Trimmomatic.","fastq",NA,NA,NA,NA,NA,NA,"USA","34.1374596;-118.1268437","4/10/24",NA,NA,"ASO",NA,NA,NA,NA,NA,"/shares/CIBIO-Storage/CM/scratch/data/meta/CM_caltec_001_1024/CALTEC-001-109/CALTEC-001-109_R1.fastq.gz;/shares/CIBIO-Storage/CM/scratch/data/meta/CM_caltec_001_1024/CALTEC-001-109/CALTEC-001-109_R2.fastq.gz;","b0804c3f-22d4-40ca-bc84-dca152799978","Mus Musculus","B2_C1_ASO","55","1","2","collection",NA,NA,NA,NA,NA,NA,NA,NA,NA,NA,NA,NA,NA,NA,NA,NA,NA,NA,NA,NA,NA,NA,NA,NA,NA,NA,NA,NA,NA
"MazmanianS_DeCastroFonsecaM_2","CALTEC-001-110","CALTEC-001-110","Parkinson Disease","NCIT:C26845","feces","UBERON:0001988","Mus musculus","NCBITaxon:10090","Study Control","NCIT:C142703","55",NA,NA,"Day","NCIT:C25301",NA,NA,NA,NA,"Kaelyn Long","CALTEC-001-110","CALTEC-001-110","Fecal metagenome of lab mouse","QIAamp Fast DNA Stool Mini Kit","WGS","METAGENOMIC","RANDOM","paired","ILLUMINA","Illumina NovaSeq X Plus","435","3/7/25","DNA was isolated from one mouse stool sample pellet using the Qiagen FAST DNA stool mini kit following the manufacturers protocol. Libraries were prepared using the Illumina DNA Prep, (M) Tagmentation (96 Samples, IPB) kit (Illumina, #20060059). Sequencing was performed using Illumina NovaSeq X Plus aiming for 70 million reads per sample, with mean read length of 150 base pairs. Library preparation and Sequencing was performed by Prebiomics. Fastq files were uniformly processed using the curatedMetagenomicsNextflow pipeline (https://github.com/seandavi/curatedMetagenomicsNextflow) specifying the mouse reference genome in Trimmomatic.","fastq",NA,NA,NA,NA,NA,NA,"USA","34.1374596;-118.1268438","4/10/24",NA,NA,"WT",NA,NA,NA,NA,NA,"/shares/CIBIO-Storage/CM/scratch/data/meta/CM_caltec_001_1024/CALTEC-001-110/CALTEC-001-110_R1.fastq.gz;/shares/CIBIO-Storage/CM/scratch/data/meta/CM_caltec_001_1024/CALTEC-001-110/CALTEC-001-110_R2.fastq.gz;","be719380-a93c-4052-bac1-88380082401a","Mus Musculus","B2_C2_WT","55","2","2","collection",NA,NA,NA,NA,NA,NA,NA,NA,NA,NA,NA,NA,NA,NA,NA,NA,NA,NA,NA,NA,NA,NA,NA,NA,NA,NA,NA,NA,NA
"MazmanianS_DeCastroFonsecaM_2","CALTEC-001-111","CALTEC-001-111","Parkinson Disease","NCIT:C26845","feces","UBERON:0001988","Mus musculus","NCBITaxon:10090","Case","NCIT:C49152","55",NA,NA,"Day","NCIT:C25301",NA,NA,NA,NA,"Kaelyn Long","CALTEC-001-111","CALTEC-001-111","Fecal metagenome of lab mouse","QIAamp Fast DNA Stool Mini Kit","WGS","METAGENOMIC","RANDOM","paired","ILLUMINA","Illumina NovaSeq X Plus","435","3/7/25","DNA was isolated from one mouse stool sample pellet using the Qiagen FAST DNA stool mini kit following the manufacturers protocol. Libraries were prepared using the Illumina DNA Prep, (M) Tagmentation (96 Samples, IPB) kit (Illumina, #20060059). Sequencing was performed using Illumina NovaSeq X Plus aiming for 70 million reads per sample, with mean read length of 150 base pairs. Library preparation and Sequencing was performed by Prebiomics. Fastq files were uniformly processed using the curatedMetagenomicsNextflow pipeline (https://github.com/seandavi/curatedMetagenomicsNextflow) specifying the mouse reference genome in Trimmomatic.","fastq",NA,NA,NA,NA,NA,NA,"USA","34.1374596;-118.1268439","4/10/24",NA,NA,"ASO",NA,NA,NA,NA,NA,"/shares/CIBIO-Storage/CM/scratch/data/meta/CM_caltec_001_1024/CALTEC-001-111/CALTEC-001-111_R1.fastq.gz;/shares/CIBIO-Storage/CM/scratch/data/meta/CM_caltec_001_1024/CALTEC-001-111/CALTEC-001-111_R2.fastq.gz;","62602b07-4d63-4f8b-859a-ee46c699b86b","Mus Musculus","B2_C2_ASO","55","2","2","collection",NA,NA,NA,NA,NA,NA,NA,NA,NA,NA,NA,NA,NA,NA,NA,NA,NA,NA,NA,NA,NA,NA,NA,NA,NA,NA,NA,NA,NA
"MazmanianS_DeCastroFonsecaM_2","CALTEC-001-112","CALTEC-001-112","Parkinson Disease","NCIT:C26845","feces","UBERON:0001988","Mus musculus","NCBITaxon:10090","Case","NCIT:C49152","55",NA,NA,"Day","NCIT:C25301",NA,NA,NA,NA,"Kaelyn Long","CALTEC-001-112","CALTEC-001-112","Fecal metagenome of lab mouse","QIAamp Fast DNA Stool Mini Kit","WGS","METAGENOMIC","RANDOM","paired","ILLUMINA","Illumina NovaSeq X Plus","435","3/7/25","DNA was isolated from one mouse stool sample pellet using the Qiagen FAST DNA stool mini kit following the manufacturers protocol. Libraries were prepared using the Illumina DNA Prep, (M) Tagmentation (96 Samples, IPB) kit (Illumina, #20060059). Sequencing was performed using Illumina NovaSeq X Plus aiming for 70 million reads per sample, with mean read length of 150 base pairs. Library preparation and Sequencing was performed by Prebiomics. Fastq files were uniformly processed using the curatedMetagenomicsNextflow pipeline (https://github.com/seandavi/curatedMetagenomicsNextflow) specifying the mouse reference genome in Trimmomatic.","fastq",NA,NA,NA,NA,NA,NA,"USA","34.1374596;-118.1268440","4/10/24",NA,NA,"ASO",NA,NA,NA,NA,NA,"/shares/CIBIO-Storage/CM/scratch/data/meta/CM_caltec_001_1024/CALTEC-001-112/CALTEC-001-112_R1.fastq.gz;/shares/CIBIO-Storage/CM/scratch/data/meta/CM_caltec_001_1024/CALTEC-001-112/CALTEC-001-112_R2.fastq.gz;","0bd37db1-cc0b-4c34-b849-e1130ca852d1","Mus Musculus","B3_C4_ASO","55","4","3","collection",NA,NA,NA,NA,NA,NA,NA,NA,NA,NA,NA,NA,NA,NA,NA,NA,NA,NA,NA,NA,NA,NA,NA,NA,NA,NA,NA,NA,NA
"MazmanianS_DeCastroFonsecaM_2","CALTEC-001-113","CALTEC-001-113","Parkinson Disease","NCIT:C26845","feces","UBERON:0001988","Mus musculus","NCBITaxon:10090","Case","NCIT:C49152","55",NA,NA,"Day","NCIT:C25301",NA,NA,NA,NA,"Kaelyn Long","CALTEC-001-113","CALTEC-001-113","Fecal metagenome of lab mouse","QIAamp Fast DNA Stool Mini Kit","WGS","METAGENOMIC","RANDOM","paired","ILLUMINA","Illumina NovaSeq X Plus","435","3/7/25","DNA was isolated from one mouse stool sample pellet using the Qiagen FAST DNA stool mini kit following the manufacturers protocol. Libraries were prepared using the Illumina DNA Prep, (M) Tagmentation (96 Samples, IPB) kit (Illumina, #20060059). Sequencing was performed using Illumina NovaSeq X Plus aiming for 70 million reads per sample, with mean read length of 150 base pairs. Library preparation and Sequencing was performed by Prebiomics. Fastq files were uniformly processed using the curatedMetagenomicsNextflow pipeline (https://github.com/seandavi/curatedMetagenomicsNextflow) specifying the mouse reference genome in Trimmomatic.","fastq",NA,NA,NA,NA,NA,NA,"USA","34.1374596;-118.1268441","4/10/24",NA,NA,"ASO",NA,NA,NA,NA,NA,"/shares/CIBIO-Storage/CM/scratch/data/meta/CM_caltec_001_1024/CALTEC-001-113/CALTEC-001-113_R1.fastq.gz;/shares/CIBIO-Storage/CM/scratch/data/meta/CM_caltec_001_1024/CALTEC-001-113/CALTEC-001-113_R2.fastq.gz;","5b68a7c0-0a30-476c-a2f5-90732c6d716a","Mus Musculus","B3_C3_ASO","55","3","3","collection",NA,NA,NA,NA,NA,NA,NA,NA,NA,NA,NA,NA,NA,NA,NA,NA,NA,NA,NA,NA,NA,NA,NA,NA,NA,NA,NA,NA,NA
"MazmanianS_DeCastroFonsecaM_2","CALTEC-001-114","CALTEC-001-114","Parkinson Disease","NCIT:C26845","feces","UBERON:0001988","Mus musculus","NCBITaxon:10090","Case","NCIT:C49152","55",NA,NA,"Day","NCIT:C25301",NA,NA,NA,NA,"Kaelyn Long","CALTEC-001-114","CALTEC-001-114","Fecal metagenome of lab mouse","QIAamp Fast DNA Stool Mini Kit","WGS","METAGENOMIC","RANDOM","paired","ILLUMINA","Illumina NovaSeq X Plus","435","3/7/25","DNA was isolated from one mouse stool sample pellet using the Qiagen FAST DNA stool mini kit following the manufacturers protocol. Libraries were prepared using the Illumina DNA Prep, (M) Tagmentation (96 Samples, IPB) kit (Illumina, #20060059). Sequencing was performed using Illumina NovaSeq X Plus aiming for 70 million reads per sample, with mean read length of 150 base pairs. Library preparation and Sequencing was performed by Prebiomics. Fastq files were uniformly processed using the curatedMetagenomicsNextflow pipeline (https://github.com/seandavi/curatedMetagenomicsNextflow) specifying the mouse reference genome in Trimmomatic.","fastq",NA,NA,NA,NA,NA,NA,"USA","34.1374596;-118.1268442","4/10/24",NA,NA,"ASO",NA,NA,NA,NA,NA,"/shares/CIBIO-Storage/CM/scratch/data/meta/CM_caltec_001_1024/CALTEC-001-114/CALTEC-001-114_R1.fastq.gz;/shares/CIBIO-Storage/CM/scratch/data/meta/CM_caltec_001_1024/CALTEC-001-114/CALTEC-001-114_R2.fastq.gz;","973d8f45-7421-4f2c-9421-9ef8c8a823ff","Mus Musculus","B4_C3_ASO","55","3","4","collection",NA,NA,NA,NA,NA,NA,NA,NA,NA,NA,NA,NA,NA,NA,NA,NA,NA,NA,NA,NA,NA,NA,NA,NA,NA,NA,NA,NA,NA
"MazmanianS_DeCastroFonsecaM_2","CALTEC-001-115","CALTEC-001-115","Parkinson Disease","NCIT:C26845","feces","UBERON:0001988","Mus musculus","NCBITaxon:10090","Case","NCIT:C49152","55",NA,NA,"Day","NCIT:C25301",NA,NA,NA,NA,"Kaelyn Long","CALTEC-001-115","CALTEC-001-115","Fecal metagenome of lab mouse","QIAamp Fast DNA Stool Mini Kit","WGS","METAGENOMIC","RANDOM","paired","ILLUMINA","Illumina NovaSeq X Plus","435","3/7/25","DNA was isolated from one mouse stool sample pellet using the Qiagen FAST DNA stool mini kit following the manufacturers protocol. Libraries were prepared using the Illumina DNA Prep, (M) Tagmentation (96 Samples, IPB) kit (Illumina, #20060059). Sequencing was performed using Illumina NovaSeq X Plus aiming for 70 million reads per sample, with mean read length of 150 base pairs. Library preparation and Sequencing was performed by Prebiomics. Fastq files were uniformly processed using the curatedMetagenomicsNextflow pipeline (https://github.com/seandavi/curatedMetagenomicsNextflow) specifying the mouse reference genome in Trimmomatic.","fastq",NA,NA,NA,NA,NA,NA,"USA","34.1374596;-118.1268443","4/10/24",NA,NA,"ASO",NA,NA,NA,NA,NA,"/shares/CIBIO-Storage/CM/scratch/data/meta/CM_caltec_001_1024/CALTEC-001-115/CALTEC-001-115_R1.fastq.gz;/shares/CIBIO-Storage/CM/scratch/data/meta/CM_caltec_001_1024/CALTEC-001-115/CALTEC-001-115_R2.fastq.gz;","9cf09014-2ddf-4301-9d75-dee1977eeab9","Mus Musculus","B4_C4_ASO","55","4","4","collection",NA,NA,NA,NA,NA,NA,NA,NA,NA,NA,NA,NA,NA,NA,NA,NA,NA,NA,NA,NA,NA,NA,NA,NA,NA,NA,NA,NA,NA
"MazmanianS_DeCastroFonsecaM_2","CALTEC-001-116","CALTEC-001-116","Parkinson Disease","NCIT:C26845","feces","UBERON:0001988","Mus musculus","NCBITaxon:10090","Study Control","NCIT:C142703","55",NA,NA,"Day","NCIT:C25301",NA,NA,NA,NA,"Kaelyn Long","CALTEC-001-116","CALTEC-001-116","Fecal metagenome of lab mouse","QIAamp Fast DNA Stool Mini Kit","WGS","METAGENOMIC","RANDOM","paired","ILLUMINA","Illumina NovaSeq X Plus","439","3/18/25","DNA was isolated from one mouse stool sample pellet using the Qiagen FAST DNA stool mini kit following the manufacturers protocol. Libraries were prepared using the Illumina DNA Prep, (M) Tagmentation (96 Samples, IPB) kit (Illumina, #20060059). Sequencing was performed using Illumina NovaSeq X Plus aiming for 70 million reads per sample, with mean read length of 150 base pairs. Library preparation and Sequencing was performed by Prebiomics. Fastq files were uniformly processed using the curatedMetagenomicsNextflow pipeline (https://github.com/seandavi/curatedMetagenomicsNextflow) specifying the mouse reference genome in Trimmomatic.","fastq",NA,NA,NA,NA,NA,NA,"USA","34.1374596;-118.1268444","4/10/24",NA,NA,"WT",NA,NA,NA,NA,NA,"/shares/CIBIO-Storage/CM/scratch/data/meta/CM_caltec_001_1024/CALTEC-001-116/CALTEC-001-116_R1.fastq.gz;/shares/CIBIO-Storage/CM/scratch/data/meta/CM_caltec_001_1024/CALTEC-001-116/CALTEC-001-116_R2.fastq.gz;","6c348603-ea63-4911-9c90-2727c8b461f1","Mus Musculus","B4_C4_WT","55","4","4","collection",NA,NA,NA,NA,NA,NA,NA,NA,NA,NA,NA,NA,NA,NA,NA,NA,NA,NA,NA,NA,NA,NA,NA,NA,NA,NA,NA,NA,NA
"MazmanianS_DeCastroFonsecaM_2","CALTEC-001-117","CALTEC-001-117","Parkinson Disease","NCIT:C26845","feces","UBERON:0001988","Mus musculus","NCBITaxon:10090","Case","NCIT:C49152","57",NA,NA,"Day","NCIT:C25301",NA,NA,NA,NA,"Kaelyn Long","CALTEC-001-117","CALTEC-001-117","Fecal metagenome of lab mouse","QIAamp Fast DNA Stool Mini Kit","WGS","METAGENOMIC","RANDOM","paired","ILLUMINA","Illumina NovaSeq X Plus","439","3/18/25","DNA was isolated from one mouse stool sample pellet using the Qiagen FAST DNA stool mini kit following the manufacturers protocol. Libraries were prepared using the Illumina DNA Prep, (M) Tagmentation (96 Samples, IPB) kit (Illumina, #20060059). Sequencing was performed using Illumina NovaSeq X Plus aiming for 70 million reads per sample, with mean read length of 150 base pairs. Library preparation and Sequencing was performed by Prebiomics. Fastq files were uniformly processed using the curatedMetagenomicsNextflow pipeline (https://github.com/seandavi/curatedMetagenomicsNextflow) specifying the mouse reference genome in Trimmomatic.","fastq",NA,NA,NA,NA,NA,NA,"USA","34.1374596;-118.1268445","4/12/24",NA,NA,"ASO",NA,NA,NA,NA,NA,"/shares/CIBIO-Storage/CM/scratch/data/meta/CM_caltec_001_1024/CALTEC-001-117/CALTEC-001-117_R1.fastq.gz;/shares/CIBIO-Storage/CM/scratch/data/meta/CM_caltec_001_1024/CALTEC-001-117/CALTEC-001-117_R2.fastq.gz;","0c87e2b8-e667-4add-8289-e9e086797934","Mus Musculus","B1_C1_ASO","57","1","1","collection",NA,NA,NA,NA,NA,NA,NA,NA,NA,NA,NA,NA,NA,NA,NA,NA,NA,NA,NA,NA,NA,NA,NA,NA,NA,NA,NA,NA,NA
"MazmanianS_DeCastroFonsecaM_2","CALTEC-001-118","CALTEC-001-118","Parkinson Disease","NCIT:C26845","feces","UBERON:0001988","Mus musculus","NCBITaxon:10090","Study Control","NCIT:C142703","57",NA,NA,"Day","NCIT:C25301",NA,NA,NA,NA,"Kaelyn Long","CALTEC-001-118","CALTEC-001-118","Fecal metagenome of lab mouse","QIAamp Fast DNA Stool Mini Kit","WGS","METAGENOMIC","RANDOM","paired","ILLUMINA","Illumina NovaSeq X Plus","435","3/7/25","DNA was isolated from one mouse stool sample pellet using the Qiagen FAST DNA stool mini kit following the manufacturers protocol. Libraries were prepared using the Illumina DNA Prep, (M) Tagmentation (96 Samples, IPB) kit (Illumina, #20060059). Sequencing was performed using Illumina NovaSeq X Plus aiming for 70 million reads per sample, with mean read length of 150 base pairs. Library preparation and Sequencing was performed by Prebiomics. Fastq files were uniformly processed using the curatedMetagenomicsNextflow pipeline (https://github.com/seandavi/curatedMetagenomicsNextflow) specifying the mouse reference genome in Trimmomatic.","fastq",NA,NA,NA,NA,NA,NA,"USA","34.1374596;-118.1268446","4/12/24",NA,NA,"WT",NA,NA,NA,NA,NA,"/shares/CIBIO-Storage/CM/scratch/data/meta/CM_caltec_001_1024/CALTEC-001-118/CALTEC-001-118_R1.fastq.gz;/shares/CIBIO-Storage/CM/scratch/data/meta/CM_caltec_001_1024/CALTEC-001-118/CALTEC-001-118_R2.fastq.gz;","f6dabfc4-dcd5-4652-ab3a-a172392e6da8","Mus Musculus","B1_C1_WT","57","1","1","collection",NA,NA,NA,NA,NA,NA,NA,NA,NA,NA,NA,NA,NA,NA,NA,NA,NA,NA,NA,NA,NA,NA,NA,NA,NA,NA,NA,NA,NA
"MazmanianS_DeCastroFonsecaM_2","CALTEC-001-119","CALTEC-001-119","Parkinson Disease","NCIT:C26845","feces","UBERON:0001988","Mus musculus","NCBITaxon:10090","Study Control","NCIT:C142703","57",NA,NA,"Day","NCIT:C25301",NA,NA,NA,NA,"Kaelyn Long","CALTEC-001-119","CALTEC-001-119","Fecal metagenome of lab mouse","QIAamp Fast DNA Stool Mini Kit","WGS","METAGENOMIC","RANDOM","paired","ILLUMINA","Illumina NovaSeq X Plus","435","3/7/25","DNA was isolated from one mouse stool sample pellet using the Qiagen FAST DNA stool mini kit following the manufacturers protocol. Libraries were prepared using the Illumina DNA Prep, (M) Tagmentation (96 Samples, IPB) kit (Illumina, #20060059). Sequencing was performed using Illumina NovaSeq X Plus aiming for 70 million reads per sample, with mean read length of 150 base pairs. Library preparation and Sequencing was performed by Prebiomics. Fastq files were uniformly processed using the curatedMetagenomicsNextflow pipeline (https://github.com/seandavi/curatedMetagenomicsNextflow) specifying the mouse reference genome in Trimmomatic.","fastq",NA,NA,NA,NA,NA,NA,"USA","34.1374596;-118.1268447","4/12/24",NA,NA,"WT",NA,NA,NA,NA,NA,"/shares/CIBIO-Storage/CM/scratch/data/meta/CM_caltec_001_1024/CALTEC-001-119/CALTEC-001-119_R1.fastq.gz;/shares/CIBIO-Storage/CM/scratch/data/meta/CM_caltec_001_1024/CALTEC-001-119/CALTEC-001-119_R2.fastq.gz;","28f7623b-494a-47a6-9a0a-95e5c1b9edd0","Mus Musculus","B1_C2_WT","57","2","1","collection",NA,NA,NA,NA,NA,NA,NA,NA,NA,NA,NA,NA,NA,NA,NA,NA,NA,NA,NA,NA,NA,NA,NA,NA,NA,NA,NA,NA,NA
"MazmanianS_DeCastroFonsecaM_2","CALTEC-001-120","CALTEC-001-120","Parkinson Disease","NCIT:C26845","feces","UBERON:0001988","Mus musculus","NCBITaxon:10090","Case","NCIT:C49152","57",NA,NA,"Day","NCIT:C25301",NA,NA,NA,NA,"Kaelyn Long","CALTEC-001-120","CALTEC-001-120","Fecal metagenome of lab mouse","QIAamp Fast DNA Stool Mini Kit","WGS","METAGENOMIC","RANDOM","paired","ILLUMINA","Illumina NovaSeq X Plus","435","3/7/25","DNA was isolated from one mouse stool sample pellet using the Qiagen FAST DNA stool mini kit following the manufacturers protocol. Libraries were prepared using the Illumina DNA Prep, (M) Tagmentation (96 Samples, IPB) kit (Illumina, #20060059). Sequencing was performed using Illumina NovaSeq X Plus aiming for 70 million reads per sample, with mean read length of 150 base pairs. Library preparation and Sequencing was performed by Prebiomics. Fastq files were uniformly processed using the curatedMetagenomicsNextflow pipeline (https://github.com/seandavi/curatedMetagenomicsNextflow) specifying the mouse reference genome in Trimmomatic.","fastq",NA,NA,NA,NA,NA,NA,"USA","34.1374596;-118.1268448","4/12/24",NA,NA,"ASO",NA,NA,NA,NA,NA,"/shares/CIBIO-Storage/CM/scratch/data/meta/CM_caltec_001_1024/CALTEC-001-120/CALTEC-001-120_R1.fastq.gz;/shares/CIBIO-Storage/CM/scratch/data/meta/CM_caltec_001_1024/CALTEC-001-120/CALTEC-001-120_R2.fastq.gz;","ce15e650-9672-42b0-9e85-accea711ff67","Mus Musculus","B1_C2_ASO","57","2","1","collection",NA,NA,NA,NA,NA,NA,NA,NA,NA,NA,NA,NA,NA,NA,NA,NA,NA,NA,NA,NA,NA,NA,NA,NA,NA,NA,NA,NA,NA
"MazmanianS_DeCastroFonsecaM_2","CALTEC-001-121","CALTEC-001-121","Parkinson Disease","NCIT:C26845","feces","UBERON:0001988","Mus musculus","NCBITaxon:10090","Study Control","NCIT:C142703","57",NA,NA,"Day","NCIT:C25301",NA,NA,NA,NA,"Kaelyn Long","CALTEC-001-121","CALTEC-001-121","Fecal metagenome of lab mouse","QIAamp Fast DNA Stool Mini Kit","WGS","METAGENOMIC","RANDOM","paired","ILLUMINA","Illumina NovaSeq X Plus","439","3/18/25","DNA was isolated from one mouse stool sample pellet using the Qiagen FAST DNA stool mini kit following the manufacturers protocol. Libraries were prepared using the Illumina DNA Prep, (M) Tagmentation (96 Samples, IPB) kit (Illumina, #20060059). Sequencing was performed using Illumina NovaSeq X Plus aiming for 70 million reads per sample, with mean read length of 150 base pairs. Library preparation and Sequencing was performed by Prebiomics. Fastq files were uniformly processed using the curatedMetagenomicsNextflow pipeline (https://github.com/seandavi/curatedMetagenomicsNextflow) specifying the mouse reference genome in Trimmomatic.","fastq",NA,NA,NA,NA,NA,NA,"USA","34.1374596;-118.1268449","4/12/24",NA,NA,"WT",NA,NA,NA,NA,NA,"/shares/CIBIO-Storage/CM/scratch/data/meta/CM_caltec_001_1024/CALTEC-001-121/CALTEC-001-121_R1.fastq.gz;/shares/CIBIO-Storage/CM/scratch/data/meta/CM_caltec_001_1024/CALTEC-001-121/CALTEC-001-121_R2.fastq.gz;","4bd1e86b-b412-4e2f-8feb-bccba13467ab","Mus Musculus","B1_C1_WT","57","1","1","collection",NA,NA,NA,NA,NA,NA,NA,NA,NA,NA,NA,NA,NA,NA,NA,NA,NA,NA,NA,NA,NA,NA,NA,NA,NA,NA,NA,NA,NA
"MazmanianS_DeCastroFonsecaM_2","CALTEC-001-122","CALTEC-001-122","Parkinson Disease","NCIT:C26845","feces","UBERON:0001988","Mus musculus","NCBITaxon:10090","Study Control","NCIT:C142703","57",NA,NA,"Day","NCIT:C25301",NA,NA,NA,NA,"Kaelyn Long","CALTEC-001-122","CALTEC-001-122","Fecal metagenome of lab mouse","QIAamp Fast DNA Stool Mini Kit","WGS","METAGENOMIC","RANDOM","paired","ILLUMINA","Illumina NovaSeq X Plus","435","3/7/25","DNA was isolated from one mouse stool sample pellet using the Qiagen FAST DNA stool mini kit following the manufacturers protocol. Libraries were prepared using the Illumina DNA Prep, (M) Tagmentation (96 Samples, IPB) kit (Illumina, #20060059). Sequencing was performed using Illumina NovaSeq X Plus aiming for 70 million reads per sample, with mean read length of 150 base pairs. Library preparation and Sequencing was performed by Prebiomics. Fastq files were uniformly processed using the curatedMetagenomicsNextflow pipeline (https://github.com/seandavi/curatedMetagenomicsNextflow) specifying the mouse reference genome in Trimmomatic.","fastq",NA,NA,NA,NA,NA,NA,"USA","34.1374596;-118.1268450","4/12/24",NA,NA,"WT",NA,NA,NA,NA,NA,"/shares/CIBIO-Storage/CM/scratch/data/meta/CM_caltec_001_1024/CALTEC-001-122/CALTEC-001-122_R1.fastq.gz;/shares/CIBIO-Storage/CM/scratch/data/meta/CM_caltec_001_1024/CALTEC-001-122/CALTEC-001-122_R2.fastq.gz;","f3d0cc63-b18f-4011-aef5-345dac25ee41","Mus Musculus","B2_C1_WT","57","1","2","collection",NA,NA,NA,NA,NA,NA,NA,NA,NA,NA,NA,NA,NA,NA,NA,NA,NA,NA,NA,NA,NA,NA,NA,NA,NA,NA,NA,NA,NA
"MazmanianS_DeCastroFonsecaM_2","CALTEC-001-123","CALTEC-001-123","Parkinson Disease","NCIT:C26845","feces","UBERON:0001988","Mus musculus","NCBITaxon:10090","Case","NCIT:C49152","57",NA,NA,"Day","NCIT:C25301",NA,NA,NA,NA,"Kaelyn Long","CALTEC-001-123","CALTEC-001-123","Fecal metagenome of lab mouse","QIAamp Fast DNA Stool Mini Kit","WGS","METAGENOMIC","RANDOM","paired","ILLUMINA","Illumina NovaSeq X Plus","435","3/7/25","DNA was isolated from one mouse stool sample pellet using the Qiagen FAST DNA stool mini kit following the manufacturers protocol. Libraries were prepared using the Illumina DNA Prep, (M) Tagmentation (96 Samples, IPB) kit (Illumina, #20060059). Sequencing was performed using Illumina NovaSeq X Plus aiming for 70 million reads per sample, with mean read length of 150 base pairs. Library preparation and Sequencing was performed by Prebiomics. Fastq files were uniformly processed using the curatedMetagenomicsNextflow pipeline (https://github.com/seandavi/curatedMetagenomicsNextflow) specifying the mouse reference genome in Trimmomatic.","fastq",NA,NA,NA,NA,NA,NA,"USA","34.1374596;-118.1268451","4/12/24",NA,NA,"ASO",NA,NA,NA,NA,NA,"/shares/CIBIO-Storage/CM/scratch/data/meta/CM_caltec_001_1024/CALTEC-001-123/CALTEC-001-123_R1.fastq.gz;/shares/CIBIO-Storage/CM/scratch/data/meta/CM_caltec_001_1024/CALTEC-001-123/CALTEC-001-123_R2.fastq.gz;","1af08aae-f4f5-4344-a5d6-9b2d2a7d69c0","Mus Musculus","B2_C1_ASO","57","1","2","collection",NA,NA,NA,NA,NA,NA,NA,NA,NA,NA,NA,NA,NA,NA,NA,NA,NA,NA,NA,NA,NA,NA,NA,NA,NA,NA,NA,NA,NA
"MazmanianS_DeCastroFonsecaM_2","CALTEC-001-124","CALTEC-001-124","Parkinson Disease","NCIT:C26845","feces","UBERON:0001988","Mus musculus","NCBITaxon:10090","Study Control","NCIT:C142703","57",NA,NA,"Day","NCIT:C25301",NA,NA,NA,NA,"Kaelyn Long","CALTEC-001-124","CALTEC-001-124","Fecal metagenome of lab mouse","QIAamp Fast DNA Stool Mini Kit","WGS","METAGENOMIC","RANDOM","paired","ILLUMINA","Illumina NovaSeq X Plus","435","3/7/25","DNA was isolated from one mouse stool sample pellet using the Qiagen FAST DNA stool mini kit following the manufacturers protocol. Libraries were prepared using the Illumina DNA Prep, (M) Tagmentation (96 Samples, IPB) kit (Illumina, #20060059). Sequencing was performed using Illumina NovaSeq X Plus aiming for 70 million reads per sample, with mean read length of 150 base pairs. Library preparation and Sequencing was performed by Prebiomics. Fastq files were uniformly processed using the curatedMetagenomicsNextflow pipeline (https://github.com/seandavi/curatedMetagenomicsNextflow) specifying the mouse reference genome in Trimmomatic.","fastq",NA,NA,NA,NA,NA,NA,"USA","34.1374596;-118.1268452","4/12/24",NA,NA,"WT",NA,NA,NA,NA,NA,"/shares/CIBIO-Storage/CM/scratch/data/meta/CM_caltec_001_1024/CALTEC-001-124/CALTEC-001-124_R1.fastq.gz;/shares/CIBIO-Storage/CM/scratch/data/meta/CM_caltec_001_1024/CALTEC-001-124/CALTEC-001-124_R2.fastq.gz;","20cda72c-773d-41c4-b9e1-15ea5c867c01","Mus Musculus","B2_C2_WT","57","2","2","collection",NA,NA,NA,NA,NA,NA,NA,NA,NA,NA,NA,NA,NA,NA,NA,NA,NA,NA,NA,NA,NA,NA,NA,NA,NA,NA,NA,NA,NA
"MazmanianS_DeCastroFonsecaM_2","CALTEC-001-125","CALTEC-001-125","Parkinson Disease","NCIT:C26845","feces","UBERON:0001988","Mus musculus","NCBITaxon:10090","Case","NCIT:C49152","57",NA,NA,"Day","NCIT:C25301",NA,NA,NA,NA,"Kaelyn Long","CALTEC-001-125","CALTEC-001-125","Fecal metagenome of lab mouse","QIAamp Fast DNA Stool Mini Kit","WGS","METAGENOMIC","RANDOM","paired","ILLUMINA","Illumina NovaSeq X Plus","435","3/7/25","DNA was isolated from one mouse stool sample pellet using the Qiagen FAST DNA stool mini kit following the manufacturers protocol. Libraries were prepared using the Illumina DNA Prep, (M) Tagmentation (96 Samples, IPB) kit (Illumina, #20060059). Sequencing was performed using Illumina NovaSeq X Plus aiming for 70 million reads per sample, with mean read length of 150 base pairs. Library preparation and Sequencing was performed by Prebiomics. Fastq files were uniformly processed using the curatedMetagenomicsNextflow pipeline (https://github.com/seandavi/curatedMetagenomicsNextflow) specifying the mouse reference genome in Trimmomatic.","fastq",NA,NA,NA,NA,NA,NA,"USA","34.1374596;-118.1268453","4/12/24",NA,NA,"ASO",NA,NA,NA,NA,NA,"/shares/CIBIO-Storage/CM/scratch/data/meta/CM_caltec_001_1024/CALTEC-001-125/CALTEC-001-125_R1.fastq.gz;/shares/CIBIO-Storage/CM/scratch/data/meta/CM_caltec_001_1024/CALTEC-001-125/CALTEC-001-125_R2.fastq.gz;","3c4f8bfe-78bc-4b10-9f90-032d402a6716","Mus Musculus","B2_C2_ASO","57","2","2","collection",NA,NA,NA,NA,NA,NA,NA,NA,NA,NA,NA,NA,NA,NA,NA,NA,NA,NA,NA,NA,NA,NA,NA,NA,NA,NA,NA,NA,NA
"MazmanianS_DeCastroFonsecaM_2","CALTEC-001-126","CALTEC-001-126","Parkinson Disease","NCIT:C26845","feces","UBERON:0001988","Mus musculus","NCBITaxon:10090","Case","NCIT:C49152","57",NA,NA,"Day","NCIT:C25301",NA,NA,NA,NA,"Kaelyn Long","CALTEC-001-126","CALTEC-001-126","Fecal metagenome of lab mouse","QIAamp Fast DNA Stool Mini Kit","WGS","METAGENOMIC","RANDOM","paired","ILLUMINA","Illumina NovaSeq X Plus","435","3/7/25","DNA was isolated from one mouse stool sample pellet using the Qiagen FAST DNA stool mini kit following the manufacturers protocol. Libraries were prepared using the Illumina DNA Prep, (M) Tagmentation (96 Samples, IPB) kit (Illumina, #20060059). Sequencing was performed using Illumina NovaSeq X Plus aiming for 70 million reads per sample, with mean read length of 150 base pairs. Library preparation and Sequencing was performed by Prebiomics. Fastq files were uniformly processed using the curatedMetagenomicsNextflow pipeline (https://github.com/seandavi/curatedMetagenomicsNextflow) specifying the mouse reference genome in Trimmomatic.","fastq",NA,NA,NA,NA,NA,NA,"USA","34.1374596;-118.1268454","4/12/24",NA,NA,"ASO",NA,NA,NA,NA,NA,"/shares/CIBIO-Storage/CM/scratch/data/meta/CM_caltec_001_1024/CALTEC-001-126/CALTEC-001-126_R1.fastq.gz;/shares/CIBIO-Storage/CM/scratch/data/meta/CM_caltec_001_1024/CALTEC-001-126/CALTEC-001-126_R2.fastq.gz;","e1d3c0dc-cf25-4998-9faa-5d2b076c5439","Mus Musculus","B3_C4_ASO","57","4","3","collection",NA,NA,NA,NA,NA,NA,NA,NA,NA,NA,NA,NA,NA,NA,NA,NA,NA,NA,NA,NA,NA,NA,NA,NA,NA,NA,NA,NA,NA
"MazmanianS_DeCastroFonsecaM_2","CALTEC-001-127","CALTEC-001-127","Parkinson Disease","NCIT:C26845","feces","UBERON:0001988","Mus musculus","NCBITaxon:10090","Case","NCIT:C49152","57",NA,NA,"Day","NCIT:C25301",NA,NA,NA,NA,"Kaelyn Long","CALTEC-001-127","CALTEC-001-127","Fecal metagenome of lab mouse","QIAamp Fast DNA Stool Mini Kit","WGS","METAGENOMIC","RANDOM","paired","ILLUMINA","Illumina NovaSeq X Plus","435","3/7/25","DNA was isolated from one mouse stool sample pellet using the Qiagen FAST DNA stool mini kit following the manufacturers protocol. Libraries were prepared using the Illumina DNA Prep, (M) Tagmentation (96 Samples, IPB) kit (Illumina, #20060059). Sequencing was performed using Illumina NovaSeq X Plus aiming for 70 million reads per sample, with mean read length of 150 base pairs. Library preparation and Sequencing was performed by Prebiomics. Fastq files were uniformly processed using the curatedMetagenomicsNextflow pipeline (https://github.com/seandavi/curatedMetagenomicsNextflow) specifying the mouse reference genome in Trimmomatic.","fastq",NA,NA,NA,NA,NA,NA,"USA","34.1374596;-118.1268455","4/12/24",NA,NA,"ASO",NA,NA,NA,NA,NA,"/shares/CIBIO-Storage/CM/scratch/data/meta/CM_caltec_001_1024/CALTEC-001-127/CALTEC-001-127_R1.fastq.gz;/shares/CIBIO-Storage/CM/scratch/data/meta/CM_caltec_001_1024/CALTEC-001-127/CALTEC-001-127_R2.fastq.gz;","16de6591-9d91-464b-9561-b0898c151b7b","Mus Musculus","B3_C3_ASO","57","3","3","collection",NA,NA,NA,NA,NA,NA,NA,NA,NA,NA,NA,NA,NA,NA,NA,NA,NA,NA,NA,NA,NA,NA,NA,NA,NA,NA,NA,NA,NA
"MazmanianS_DeCastroFonsecaM_2","CALTEC-001-128","CALTEC-001-128","Parkinson Disease","NCIT:C26845","feces","UBERON:0001988","Mus musculus","NCBITaxon:10090","Case","NCIT:C49152","57",NA,NA,"Day","NCIT:C25301",NA,NA,NA,NA,"Kaelyn Long","CALTEC-001-128","CALTEC-001-128","Fecal metagenome of lab mouse","QIAamp Fast DNA Stool Mini Kit","WGS","METAGENOMIC","RANDOM","paired","ILLUMINA","Illumina NovaSeq X Plus","439","3/18/25","DNA was isolated from one mouse stool sample pellet using the Qiagen FAST DNA stool mini kit following the manufacturers protocol. Libraries were prepared using the Illumina DNA Prep, (M) Tagmentation (96 Samples, IPB) kit (Illumina, #20060059). Sequencing was performed using Illumina NovaSeq X Plus aiming for 70 million reads per sample, with mean read length of 150 base pairs. Library preparation and Sequencing was performed by Prebiomics. Fastq files were uniformly processed using the curatedMetagenomicsNextflow pipeline (https://github.com/seandavi/curatedMetagenomicsNextflow) specifying the mouse reference genome in Trimmomatic.","fastq",NA,NA,NA,NA,NA,NA,"USA","34.1374596;-118.1268456","4/12/24",NA,NA,"ASO",NA,NA,NA,NA,NA,"/shares/CIBIO-Storage/CM/scratch/data/meta/CM_caltec_001_1024/CALTEC-001-128/CALTEC-001-128_R1.fastq.gz;/shares/CIBIO-Storage/CM/scratch/data/meta/CM_caltec_001_1024/CALTEC-001-128/CALTEC-001-128_R2.fastq.gz;","280ff126-f9a9-445f-8e19-8f5f19c839f2","Mus Musculus","B4_C3_ASO","57","3","4","collection",NA,NA,NA,NA,NA,NA,NA,NA,NA,NA,NA,NA,NA,NA,NA,NA,NA,NA,NA,NA,NA,NA,NA,NA,NA,NA,NA,NA,NA
"MazmanianS_DeCastroFonsecaM_2","CALTEC-001-129","CALTEC-001-129","Parkinson Disease","NCIT:C26845","feces","UBERON:0001988","Mus musculus","NCBITaxon:10090","Case","NCIT:C49152","57",NA,NA,"Day","NCIT:C25301",NA,NA,NA,NA,"Kaelyn Long","CALTEC-001-129","CALTEC-001-129","Fecal metagenome of lab mouse","QIAamp Fast DNA Stool Mini Kit","WGS","METAGENOMIC","RANDOM","paired","ILLUMINA","Illumina NovaSeq X Plus","435","3/7/25","DNA was isolated from one mouse stool sample pellet using the Qiagen FAST DNA stool mini kit following the manufacturers protocol. Libraries were prepared using the Illumina DNA Prep, (M) Tagmentation (96 Samples, IPB) kit (Illumina, #20060059). Sequencing was performed using Illumina NovaSeq X Plus aiming for 70 million reads per sample, with mean read length of 150 base pairs. Library preparation and Sequencing was performed by Prebiomics. Fastq files were uniformly processed using the curatedMetagenomicsNextflow pipeline (https://github.com/seandavi/curatedMetagenomicsNextflow) specifying the mouse reference genome in Trimmomatic.","fastq",NA,NA,NA,NA,NA,NA,"USA","34.1374596;-118.1268457","4/12/24",NA,NA,"ASO",NA,NA,NA,NA,NA,"/shares/CIBIO-Storage/CM/scratch/data/meta/CM_caltec_001_1024/CALTEC-001-129/CALTEC-001-129_R1.fastq.gz;/shares/CIBIO-Storage/CM/scratch/data/meta/CM_caltec_001_1024/CALTEC-001-129/CALTEC-001-129_R2.fastq.gz;","87b0099e-7895-4ce3-8b6e-0bbc4fc08b2b","Mus Musculus","B4_C4_ASO","57","4","4","collection",NA,NA,NA,NA,NA,NA,NA,NA,NA,NA,NA,NA,NA,NA,NA,NA,NA,NA,NA,NA,NA,NA,NA,NA,NA,NA,NA,NA,NA
"MazmanianS_DeCastroFonsecaM_2","CALTEC-001-130","CALTEC-001-130","Parkinson Disease","NCIT:C26845","feces","UBERON:0001988","Mus musculus","NCBITaxon:10090","Study Control","NCIT:C142703","57",NA,NA,"Day","NCIT:C25301",NA,NA,NA,NA,"Kaelyn Long","CALTEC-001-130","CALTEC-001-130","Fecal metagenome of lab mouse","QIAamp Fast DNA Stool Mini Kit","WGS","METAGENOMIC","RANDOM","paired","ILLUMINA","Illumina NovaSeq X Plus","439","3/18/25","DNA was isolated from one mouse stool sample pellet using the Qiagen FAST DNA stool mini kit following the manufacturers protocol. Libraries were prepared using the Illumina DNA Prep, (M) Tagmentation (96 Samples, IPB) kit (Illumina, #20060059). Sequencing was performed using Illumina NovaSeq X Plus aiming for 70 million reads per sample, with mean read length of 150 base pairs. Library preparation and Sequencing was performed by Prebiomics. Fastq files were uniformly processed using the curatedMetagenomicsNextflow pipeline (https://github.com/seandavi/curatedMetagenomicsNextflow) specifying the mouse reference genome in Trimmomatic.","fastq",NA,NA,NA,NA,NA,NA,"USA","34.1374596;-118.1268458","4/12/24",NA,NA,"WT",NA,NA,NA,NA,NA,"/shares/CIBIO-Storage/CM/scratch/data/meta/CM_caltec_001_1024/CALTEC-001-130/CALTEC-001-130_R1.fastq.gz;/shares/CIBIO-Storage/CM/scratch/data/meta/CM_caltec_001_1024/CALTEC-001-130/CALTEC-001-130_R2.fastq.gz;","6d2011ed-9fd4-4a2d-81c2-ab6d46b72ab1","Mus Musculus","B4_C4_WT","57","4","4","collection",NA,NA,NA,NA,NA,NA,NA,NA,NA,NA,NA,NA,NA,NA,NA,NA,NA,NA,NA,NA,NA,NA,NA,NA,NA,NA,NA,NA,NA
"MazmanianS_DeCastroFonsecaM_2","CALTEC-001-131","CALTEC-001-131","Parkinson Disease","NCIT:C26845","feces","UBERON:0001988","Mus musculus","NCBITaxon:10090","Case","NCIT:C49152","60",NA,NA,"Day","NCIT:C25301",NA,NA,NA,NA,"Kaelyn Long","CALTEC-001-131","CALTEC-001-131","Fecal metagenome of lab mouse","QIAamp Fast DNA Stool Mini Kit","WGS","METAGENOMIC","RANDOM","paired","ILLUMINA","Illumina NovaSeq X Plus","435","3/7/25","DNA was isolated from one mouse stool sample pellet using the Qiagen FAST DNA stool mini kit following the manufacturers protocol. Libraries were prepared using the Illumina DNA Prep, (M) Tagmentation (96 Samples, IPB) kit (Illumina, #20060059). Sequencing was performed using Illumina NovaSeq X Plus aiming for 70 million reads per sample, with mean read length of 150 base pairs. Library preparation and Sequencing was performed by Prebiomics. Fastq files were uniformly processed using the curatedMetagenomicsNextflow pipeline (https://github.com/seandavi/curatedMetagenomicsNextflow) specifying the mouse reference genome in Trimmomatic.","fastq",NA,NA,NA,NA,NA,NA,"USA","34.1374596;-118.1268459","4/15/24",NA,NA,"ASO",NA,NA,NA,NA,NA,"/shares/CIBIO-Storage/CM/scratch/data/meta/CM_caltec_001_1024/CALTEC-001-131/CALTEC-001-131_R1.fastq.gz;/shares/CIBIO-Storage/CM/scratch/data/meta/CM_caltec_001_1024/CALTEC-001-131/CALTEC-001-131_R2.fastq.gz;","379b44ff-d88b-4c8e-9e7a-299000ffb04b","Mus Musculus","B1_C1_ASO","60","1","1","collection",NA,NA,NA,NA,NA,NA,NA,NA,NA,NA,NA,NA,NA,NA,NA,NA,NA,NA,NA,NA,NA,NA,NA,NA,NA,NA,NA,NA,NA
"MazmanianS_DeCastroFonsecaM_2","CALTEC-001-132","CALTEC-001-132","Parkinson Disease","NCIT:C26845","feces","UBERON:0001988","Mus musculus","NCBITaxon:10090","Study Control","NCIT:C142703","60",NA,NA,"Day","NCIT:C25301",NA,NA,NA,NA,"Kaelyn Long","CALTEC-001-132","CALTEC-001-132","Fecal metagenome of lab mouse","QIAamp Fast DNA Stool Mini Kit","WGS","METAGENOMIC","RANDOM","paired","ILLUMINA","Illumina NovaSeq X Plus","435","3/7/25","DNA was isolated from one mouse stool sample pellet using the Qiagen FAST DNA stool mini kit following the manufacturers protocol. Libraries were prepared using the Illumina DNA Prep, (M) Tagmentation (96 Samples, IPB) kit (Illumina, #20060059). Sequencing was performed using Illumina NovaSeq X Plus aiming for 70 million reads per sample, with mean read length of 150 base pairs. Library preparation and Sequencing was performed by Prebiomics. Fastq files were uniformly processed using the curatedMetagenomicsNextflow pipeline (https://github.com/seandavi/curatedMetagenomicsNextflow) specifying the mouse reference genome in Trimmomatic.","fastq",NA,NA,NA,NA,NA,NA,"USA","34.1374596;-118.1268460","4/15/24",NA,NA,"WT",NA,NA,NA,NA,NA,"/shares/CIBIO-Storage/CM/scratch/data/meta/CM_caltec_001_1024/CALTEC-001-132/CALTEC-001-132_R1.fastq.gz;/shares/CIBIO-Storage/CM/scratch/data/meta/CM_caltec_001_1024/CALTEC-001-132/CALTEC-001-132_R2.fastq.gz;","c99417ae-27cd-4e7b-bb84-e27b35944636","Mus Musculus","B1_C1_WT","60","1","1","collection",NA,NA,NA,NA,NA,NA,NA,NA,NA,NA,NA,NA,NA,NA,NA,NA,NA,NA,NA,NA,NA,NA,NA,NA,NA,NA,NA,NA,NA
"MazmanianS_DeCastroFonsecaM_2","CALTEC-001-133","CALTEC-001-133","Parkinson Disease","NCIT:C26845","feces","UBERON:0001988","Mus musculus","NCBITaxon:10090","Study Control","NCIT:C142703","60",NA,NA,"Day","NCIT:C25301",NA,NA,NA,NA,"Kaelyn Long","CALTEC-001-133","CALTEC-001-133","Fecal metagenome of lab mouse","QIAamp Fast DNA Stool Mini Kit","WGS","METAGENOMIC","RANDOM","paired","ILLUMINA","Illumina NovaSeq X Plus","435","3/7/25","DNA was isolated from one mouse stool sample pellet using the Qiagen FAST DNA stool mini kit following the manufacturers protocol. Libraries were prepared using the Illumina DNA Prep, (M) Tagmentation (96 Samples, IPB) kit (Illumina, #20060059). Sequencing was performed using Illumina NovaSeq X Plus aiming for 70 million reads per sample, with mean read length of 150 base pairs. Library preparation and Sequencing was performed by Prebiomics. Fastq files were uniformly processed using the curatedMetagenomicsNextflow pipeline (https://github.com/seandavi/curatedMetagenomicsNextflow) specifying the mouse reference genome in Trimmomatic.","fastq",NA,NA,NA,NA,NA,NA,"USA","34.1374596;-118.1268461","4/15/24",NA,NA,"WT",NA,NA,NA,NA,NA,"/shares/CIBIO-Storage/CM/scratch/data/meta/CM_caltec_001_1024/CALTEC-001-133/CALTEC-001-133_R1.fastq.gz;/shares/CIBIO-Storage/CM/scratch/data/meta/CM_caltec_001_1024/CALTEC-001-133/CALTEC-001-133_R2.fastq.gz;","2fef1451-5ce1-4f3f-ab4f-789b369b360a","Mus Musculus","B1_C2_WT","60","2","1","collection",NA,NA,NA,NA,NA,NA,NA,NA,NA,NA,NA,NA,NA,NA,NA,NA,NA,NA,NA,NA,NA,NA,NA,NA,NA,NA,NA,NA,NA
"MazmanianS_DeCastroFonsecaM_2","CALTEC-001-134","CALTEC-001-134","Parkinson Disease","NCIT:C26845","feces","UBERON:0001988","Mus musculus","NCBITaxon:10090","Case","NCIT:C49152","60",NA,NA,"Day","NCIT:C25301",NA,NA,NA,NA,"Kaelyn Long","CALTEC-001-134","CALTEC-001-134","Fecal metagenome of lab mouse","QIAamp Fast DNA Stool Mini Kit","WGS","METAGENOMIC","RANDOM","paired","ILLUMINA","Illumina NovaSeq X Plus","435","3/7/25","DNA was isolated from one mouse stool sample pellet using the Qiagen FAST DNA stool mini kit following the manufacturers protocol. Libraries were prepared using the Illumina DNA Prep, (M) Tagmentation (96 Samples, IPB) kit (Illumina, #20060059). Sequencing was performed using Illumina NovaSeq X Plus aiming for 70 million reads per sample, with mean read length of 150 base pairs. Library preparation and Sequencing was performed by Prebiomics. Fastq files were uniformly processed using the curatedMetagenomicsNextflow pipeline (https://github.com/seandavi/curatedMetagenomicsNextflow) specifying the mouse reference genome in Trimmomatic.","fastq",NA,NA,NA,NA,NA,NA,"USA","34.1374596;-118.1268462","4/15/24",NA,NA,"ASO",NA,NA,NA,NA,NA,"/shares/CIBIO-Storage/CM/scratch/data/meta/CM_caltec_001_1024/CALTEC-001-134/CALTEC-001-134_R1.fastq.gz;/shares/CIBIO-Storage/CM/scratch/data/meta/CM_caltec_001_1024/CALTEC-001-134/CALTEC-001-134_R2.fastq.gz;","19727002-8756-4b10-8ec5-1fd84989568b","Mus Musculus","B1_C2_ASO","60","2","1","collection",NA,NA,NA,NA,NA,NA,NA,NA,NA,NA,NA,NA,NA,NA,NA,NA,NA,NA,NA,NA,NA,NA,NA,NA,NA,NA,NA,NA,NA
"MazmanianS_DeCastroFonsecaM_2","CALTEC-001-135","CALTEC-001-135","Parkinson Disease","NCIT:C26845","feces","UBERON:0001988","Mus musculus","NCBITaxon:10090","Study Control","NCIT:C142703","60",NA,NA,"Day","NCIT:C25301",NA,NA,NA,NA,"Kaelyn Long","CALTEC-001-135","CALTEC-001-135","Fecal metagenome of lab mouse","QIAamp Fast DNA Stool Mini Kit","WGS","METAGENOMIC","RANDOM","paired","ILLUMINA","Illumina NovaSeq X Plus","435","3/7/25","DNA was isolated from one mouse stool sample pellet using the Qiagen FAST DNA stool mini kit following the manufacturers protocol. Libraries were prepared using the Illumina DNA Prep, (M) Tagmentation (96 Samples, IPB) kit (Illumina, #20060059). Sequencing was performed using Illumina NovaSeq X Plus aiming for 70 million reads per sample, with mean read length of 150 base pairs. Library preparation and Sequencing was performed by Prebiomics. Fastq files were uniformly processed using the curatedMetagenomicsNextflow pipeline (https://github.com/seandavi/curatedMetagenomicsNextflow) specifying the mouse reference genome in Trimmomatic.","fastq",NA,NA,NA,NA,NA,NA,"USA","34.1374596;-118.1268463","4/15/24",NA,NA,"WT",NA,NA,NA,NA,NA,"/shares/CIBIO-Storage/CM/scratch/data/meta/CM_caltec_001_1024/CALTEC-001-135/CALTEC-001-135_R1.fastq.gz;/shares/CIBIO-Storage/CM/scratch/data/meta/CM_caltec_001_1024/CALTEC-001-135/CALTEC-001-135_R2.fastq.gz;","561c7c32-7ead-41a4-b718-bcfdb9fb87e6","Mus Musculus","B1_C1_WT","60","1","1","collection",NA,NA,NA,NA,NA,NA,NA,NA,NA,NA,NA,NA,NA,NA,NA,NA,NA,NA,NA,NA,NA,NA,NA,NA,NA,NA,NA,NA,NA
"MazmanianS_DeCastroFonsecaM_2","CALTEC-001-136","CALTEC-001-136","Parkinson Disease","NCIT:C26845","feces","UBERON:0001988","Mus musculus","NCBITaxon:10090","Study Control","NCIT:C142703","60",NA,NA,"Day","NCIT:C25301",NA,NA,NA,NA,"Kaelyn Long","CALTEC-001-136","CALTEC-001-136","Fecal metagenome of lab mouse","QIAamp Fast DNA Stool Mini Kit","WGS","METAGENOMIC","RANDOM","paired","ILLUMINA","Illumina NovaSeq X Plus","439","3/18/25","DNA was isolated from one mouse stool sample pellet using the Qiagen FAST DNA stool mini kit following the manufacturers protocol. Libraries were prepared using the Illumina DNA Prep, (M) Tagmentation (96 Samples, IPB) kit (Illumina, #20060059). Sequencing was performed using Illumina NovaSeq X Plus aiming for 70 million reads per sample, with mean read length of 150 base pairs. Library preparation and Sequencing was performed by Prebiomics. Fastq files were uniformly processed using the curatedMetagenomicsNextflow pipeline (https://github.com/seandavi/curatedMetagenomicsNextflow) specifying the mouse reference genome in Trimmomatic.","fastq",NA,NA,NA,NA,NA,NA,"USA","34.1374596;-118.1268464","4/15/24",NA,NA,"WT",NA,NA,NA,NA,NA,"/shares/CIBIO-Storage/CM/scratch/data/meta/CM_caltec_001_1024/CALTEC-001-136/CALTEC-001-136_R1.fastq.gz;/shares/CIBIO-Storage/CM/scratch/data/meta/CM_caltec_001_1024/CALTEC-001-136/CALTEC-001-136_R2.fastq.gz;","0721af7f-1c17-4cbd-a603-c126034bd748","Mus Musculus","B2_C1_WT","60","1","2","collection",NA,NA,NA,NA,NA,NA,NA,NA,NA,NA,NA,NA,NA,NA,NA,NA,NA,NA,NA,NA,NA,NA,NA,NA,NA,NA,NA,NA,NA
"MazmanianS_DeCastroFonsecaM_2","CALTEC-001-137","CALTEC-001-137","Parkinson Disease","NCIT:C26845","feces","UBERON:0001988","Mus musculus","NCBITaxon:10090","Case","NCIT:C49152","60",NA,NA,"Day","NCIT:C25301",NA,NA,NA,NA,"Kaelyn Long","CALTEC-001-137","CALTEC-001-137","Fecal metagenome of lab mouse","QIAamp Fast DNA Stool Mini Kit","WGS","METAGENOMIC","RANDOM","paired","ILLUMINA","Illumina NovaSeq X Plus","435","3/7/25","DNA was isolated from one mouse stool sample pellet using the Qiagen FAST DNA stool mini kit following the manufacturers protocol. Libraries were prepared using the Illumina DNA Prep, (M) Tagmentation (96 Samples, IPB) kit (Illumina, #20060059). Sequencing was performed using Illumina NovaSeq X Plus aiming for 70 million reads per sample, with mean read length of 150 base pairs. Library preparation and Sequencing was performed by Prebiomics. Fastq files were uniformly processed using the curatedMetagenomicsNextflow pipeline (https://github.com/seandavi/curatedMetagenomicsNextflow) specifying the mouse reference genome in Trimmomatic.","fastq",NA,NA,NA,NA,NA,NA,"USA","34.1374596;-118.1268465","4/15/24",NA,NA,"ASO",NA,NA,NA,NA,NA,"/shares/CIBIO-Storage/CM/scratch/data/meta/CM_caltec_001_1024/CALTEC-001-137/CALTEC-001-137_R1.fastq.gz;/shares/CIBIO-Storage/CM/scratch/data/meta/CM_caltec_001_1024/CALTEC-001-137/CALTEC-001-137_R2.fastq.gz;","f985a5f2-9067-46ea-88ba-d3a9a0063c68","Mus Musculus","B2_C1_ASO","60","1","2","collection",NA,NA,NA,NA,NA,NA,NA,NA,NA,NA,NA,NA,NA,NA,NA,NA,NA,NA,NA,NA,NA,NA,NA,NA,NA,NA,NA,NA,NA
"MazmanianS_DeCastroFonsecaM_2","CALTEC-001-138","CALTEC-001-138","Parkinson Disease","NCIT:C26845","feces","UBERON:0001988","Mus musculus","NCBITaxon:10090","Study Control","NCIT:C142703","60",NA,NA,"Day","NCIT:C25301",NA,NA,NA,NA,"Kaelyn Long","CALTEC-001-138","CALTEC-001-138","Fecal metagenome of lab mouse","QIAamp Fast DNA Stool Mini Kit","WGS","METAGENOMIC","RANDOM","paired","ILLUMINA","Illumina NovaSeq X Plus","439","3/18/25","DNA was isolated from one mouse stool sample pellet using the Qiagen FAST DNA stool mini kit following the manufacturers protocol. Libraries were prepared using the Illumina DNA Prep, (M) Tagmentation (96 Samples, IPB) kit (Illumina, #20060059). Sequencing was performed using Illumina NovaSeq X Plus aiming for 70 million reads per sample, with mean read length of 150 base pairs. Library preparation and Sequencing was performed by Prebiomics. Fastq files were uniformly processed using the curatedMetagenomicsNextflow pipeline (https://github.com/seandavi/curatedMetagenomicsNextflow) specifying the mouse reference genome in Trimmomatic.","fastq",NA,NA,NA,NA,NA,NA,"USA","34.1374596;-118.1268466","4/15/24",NA,NA,"WT",NA,NA,NA,NA,NA,"/shares/CIBIO-Storage/CM/scratch/data/meta/CM_caltec_001_1024/CALTEC-001-138/CALTEC-001-138_R1.fastq.gz;/shares/CIBIO-Storage/CM/scratch/data/meta/CM_caltec_001_1024/CALTEC-001-138/CALTEC-001-138_R2.fastq.gz;","84917a19-9187-4d90-b46a-20a45055bd21","Mus Musculus","B2_C2_WT","60","2","2","collection",NA,NA,NA,NA,NA,NA,NA,NA,NA,NA,NA,NA,NA,NA,NA,NA,NA,NA,NA,NA,NA,NA,NA,NA,NA,NA,NA,NA,NA
"MazmanianS_DeCastroFonsecaM_2","CALTEC-001-139","CALTEC-001-139","Parkinson Disease","NCIT:C26845","feces","UBERON:0001988","Mus musculus","NCBITaxon:10090","Case","NCIT:C49152","60",NA,NA,"Day","NCIT:C25301",NA,NA,NA,NA,"Kaelyn Long","CALTEC-001-139","CALTEC-001-139","Fecal metagenome of lab mouse","QIAamp Fast DNA Stool Mini Kit","WGS","METAGENOMIC","RANDOM","paired","ILLUMINA","Illumina NovaSeq X Plus","439","3/18/25","DNA was isolated from one mouse stool sample pellet using the Qiagen FAST DNA stool mini kit following the manufacturers protocol. Libraries were prepared using the Illumina DNA Prep, (M) Tagmentation (96 Samples, IPB) kit (Illumina, #20060059). Sequencing was performed using Illumina NovaSeq X Plus aiming for 70 million reads per sample, with mean read length of 150 base pairs. Library preparation and Sequencing was performed by Prebiomics. Fastq files were uniformly processed using the curatedMetagenomicsNextflow pipeline (https://github.com/seandavi/curatedMetagenomicsNextflow) specifying the mouse reference genome in Trimmomatic.","fastq",NA,NA,NA,NA,NA,NA,"USA","34.1374596;-118.1268467","4/15/24",NA,NA,"ASO",NA,NA,NA,NA,NA,"/shares/CIBIO-Storage/CM/scratch/data/meta/CM_caltec_001_1024/CALTEC-001-139/CALTEC-001-139_R1.fastq.gz;/shares/CIBIO-Storage/CM/scratch/data/meta/CM_caltec_001_1024/CALTEC-001-139/CALTEC-001-139_R2.fastq.gz;","baa0ddde-2971-4a2c-9e04-bb2e9c61bcf6","Mus Musculus","B2_C2_ASO","60","2","2","collection",NA,NA,NA,NA,NA,NA,NA,NA,NA,NA,NA,NA,NA,NA,NA,NA,NA,NA,NA,NA,NA,NA,NA,NA,NA,NA,NA,NA,NA
"MazmanianS_DeCastroFonsecaM_2","CALTEC-001-140","CALTEC-001-140","Parkinson Disease","NCIT:C26845","feces","UBERON:0001988","Mus musculus","NCBITaxon:10090","Case","NCIT:C49152","60",NA,NA,"Day","NCIT:C25301",NA,NA,NA,NA,"Kaelyn Long","CALTEC-001-140","CALTEC-001-140","Fecal metagenome of lab mouse","QIAamp Fast DNA Stool Mini Kit","WGS","METAGENOMIC","RANDOM","paired","ILLUMINA","Illumina NovaSeq X Plus","435","3/7/25","DNA was isolated from one mouse stool sample pellet using the Qiagen FAST DNA stool mini kit following the manufacturers protocol. Libraries were prepared using the Illumina DNA Prep, (M) Tagmentation (96 Samples, IPB) kit (Illumina, #20060059). Sequencing was performed using Illumina NovaSeq X Plus aiming for 70 million reads per sample, with mean read length of 150 base pairs. Library preparation and Sequencing was performed by Prebiomics. Fastq files were uniformly processed using the curatedMetagenomicsNextflow pipeline (https://github.com/seandavi/curatedMetagenomicsNextflow) specifying the mouse reference genome in Trimmomatic.","fastq",NA,NA,NA,NA,NA,NA,"USA","34.1374596;-118.1268468","4/15/24",NA,NA,"ASO",NA,NA,NA,NA,NA,"/shares/CIBIO-Storage/CM/scratch/data/meta/CM_caltec_001_1024/CALTEC-001-140/CALTEC-001-140_R1.fastq.gz;/shares/CIBIO-Storage/CM/scratch/data/meta/CM_caltec_001_1024/CALTEC-001-140/CALTEC-001-140_R2.fastq.gz;","edcbd8c7-254f-439f-b83a-bfcc63dc4ba7","Mus Musculus","B3_C4_ASO","60","4","3","collection",NA,NA,NA,NA,NA,NA,NA,NA,NA,NA,NA,NA,NA,NA,NA,NA,NA,NA,NA,NA,NA,NA,NA,NA,NA,NA,NA,NA,NA
"MazmanianS_DeCastroFonsecaM_2","CALTEC-001-141","CALTEC-001-141","Parkinson Disease","NCIT:C26845","feces","UBERON:0001988","Mus musculus","NCBITaxon:10090","Case","NCIT:C49152","60",NA,NA,"Day","NCIT:C25301",NA,NA,NA,NA,"Kaelyn Long","CALTEC-001-141","CALTEC-001-141","Fecal metagenome of lab mouse","QIAamp Fast DNA Stool Mini Kit","WGS","METAGENOMIC","RANDOM","paired","ILLUMINA","Illumina NovaSeq X Plus","435","3/7/25","DNA was isolated from one mouse stool sample pellet using the Qiagen FAST DNA stool mini kit following the manufacturers protocol. Libraries were prepared using the Illumina DNA Prep, (M) Tagmentation (96 Samples, IPB) kit (Illumina, #20060059). Sequencing was performed using Illumina NovaSeq X Plus aiming for 70 million reads per sample, with mean read length of 150 base pairs. Library preparation and Sequencing was performed by Prebiomics. Fastq files were uniformly processed using the curatedMetagenomicsNextflow pipeline (https://github.com/seandavi/curatedMetagenomicsNextflow) specifying the mouse reference genome in Trimmomatic.","fastq",NA,NA,NA,NA,NA,NA,"USA","34.1374596;-118.1268469","4/15/24",NA,NA,"ASO",NA,NA,NA,NA,NA,"/shares/CIBIO-Storage/CM/scratch/data/meta/CM_caltec_001_1024/CALTEC-001-141/CALTEC-001-141_R1.fastq.gz;/shares/CIBIO-Storage/CM/scratch/data/meta/CM_caltec_001_1024/CALTEC-001-141/CALTEC-001-141_R2.fastq.gz;","5454258a-3552-4e58-9e0f-1c58cd759c0e","Mus Musculus","B3_C3_ASO","60","3","3","collection",NA,NA,NA,NA,NA,NA,NA,NA,NA,NA,NA,NA,NA,NA,NA,NA,NA,NA,NA,NA,NA,NA,NA,NA,NA,NA,NA,NA,NA
"MazmanianS_DeCastroFonsecaM_2","CALTEC-001-142","CALTEC-001-142","Parkinson Disease","NCIT:C26845","feces","UBERON:0001988","Mus musculus","NCBITaxon:10090","Case","NCIT:C49152","60",NA,NA,"Day","NCIT:C25301",NA,NA,NA,NA,"Kaelyn Long","CALTEC-001-142","CALTEC-001-142","Fecal metagenome of lab mouse","QIAamp Fast DNA Stool Mini Kit","WGS","METAGENOMIC","RANDOM","paired","ILLUMINA","Illumina NovaSeq X Plus","435","3/7/25","DNA was isolated from one mouse stool sample pellet using the Qiagen FAST DNA stool mini kit following the manufacturers protocol. Libraries were prepared using the Illumina DNA Prep, (M) Tagmentation (96 Samples, IPB) kit (Illumina, #20060059). Sequencing was performed using Illumina NovaSeq X Plus aiming for 70 million reads per sample, with mean read length of 150 base pairs. Library preparation and Sequencing was performed by Prebiomics. Fastq files were uniformly processed using the curatedMetagenomicsNextflow pipeline (https://github.com/seandavi/curatedMetagenomicsNextflow) specifying the mouse reference genome in Trimmomatic.","fastq",NA,NA,NA,NA,NA,NA,"USA","34.1374596;-118.1268470","4/15/24",NA,NA,"ASO",NA,NA,NA,NA,NA,"/shares/CIBIO-Storage/CM/scratch/data/meta/CM_caltec_001_1024/CALTEC-001-142/CALTEC-001-142_R1.fastq.gz;/shares/CIBIO-Storage/CM/scratch/data/meta/CM_caltec_001_1024/CALTEC-001-142/CALTEC-001-142_R2.fastq.gz;","8c8f3ff8-9ebe-4edb-944d-cf3f1efdb20f","Mus Musculus","B4_C3_ASO","60","3","4","collection",NA,NA,NA,NA,NA,NA,NA,NA,NA,NA,NA,NA,NA,NA,NA,NA,NA,NA,NA,NA,NA,NA,NA,NA,NA,NA,NA,NA,NA
"MazmanianS_DeCastroFonsecaM_2","CALTEC-001-143","CALTEC-001-143","Parkinson Disease","NCIT:C26845","feces","UBERON:0001988","Mus musculus","NCBITaxon:10090","Case","NCIT:C49152","60",NA,NA,"Day","NCIT:C25301",NA,NA,NA,NA,"Kaelyn Long","CALTEC-001-143","CALTEC-001-143","Fecal metagenome of lab mouse","QIAamp Fast DNA Stool Mini Kit","WGS","METAGENOMIC","RANDOM","paired","ILLUMINA","Illumina NovaSeq X Plus","435","3/7/25","DNA was isolated from one mouse stool sample pellet using the Qiagen FAST DNA stool mini kit following the manufacturers protocol. Libraries were prepared using the Illumina DNA Prep, (M) Tagmentation (96 Samples, IPB) kit (Illumina, #20060059). Sequencing was performed using Illumina NovaSeq X Plus aiming for 70 million reads per sample, with mean read length of 150 base pairs. Library preparation and Sequencing was performed by Prebiomics. Fastq files were uniformly processed using the curatedMetagenomicsNextflow pipeline (https://github.com/seandavi/curatedMetagenomicsNextflow) specifying the mouse reference genome in Trimmomatic.","fastq",NA,NA,NA,NA,NA,NA,"USA","34.1374596;-118.1268471","4/15/24",NA,NA,"ASO",NA,NA,NA,NA,NA,"/shares/CIBIO-Storage/CM/scratch/data/meta/CM_caltec_001_1024/CALTEC-001-143/CALTEC-001-143_R1.fastq.gz;/shares/CIBIO-Storage/CM/scratch/data/meta/CM_caltec_001_1024/CALTEC-001-143/CALTEC-001-143_R2.fastq.gz;","b3897254-8983-4409-8def-6bf220511457","Mus Musculus","B4_C4_ASO","60","4","4","collection",NA,NA,NA,NA,NA,NA,NA,NA,NA,NA,NA,NA,NA,NA,NA,NA,NA,NA,NA,NA,NA,NA,NA,NA,NA,NA,NA,NA,NA
"MazmanianS_DeCastroFonsecaM_2","CALTEC-001-144","CALTEC-001-144","Parkinson Disease","NCIT:C26845","feces","UBERON:0001988","Mus musculus","NCBITaxon:10090","Study Control","NCIT:C142703","60",NA,NA,"Day","NCIT:C25301",NA,NA,NA,NA,"Kaelyn Long","CALTEC-001-144","CALTEC-001-144","Fecal metagenome of lab mouse","QIAamp Fast DNA Stool Mini Kit","WGS","METAGENOMIC","RANDOM","paired","ILLUMINA","Illumina NovaSeq X Plus","435","3/7/25","DNA was isolated from one mouse stool sample pellet using the Qiagen FAST DNA stool mini kit following the manufacturers protocol. Libraries were prepared using the Illumina DNA Prep, (M) Tagmentation (96 Samples, IPB) kit (Illumina, #20060059). Sequencing was performed using Illumina NovaSeq X Plus aiming for 70 million reads per sample, with mean read length of 150 base pairs. Library preparation and Sequencing was performed by Prebiomics. Fastq files were uniformly processed using the curatedMetagenomicsNextflow pipeline (https://github.com/seandavi/curatedMetagenomicsNextflow) specifying the mouse reference genome in Trimmomatic.","fastq",NA,NA,NA,NA,NA,NA,"USA","34.1374596;-118.1268472","4/15/24",NA,NA,"WT",NA,NA,NA,NA,NA,"/shares/CIBIO-Storage/CM/scratch/data/meta/CM_caltec_001_1024/CALTEC-001-144/CALTEC-001-144_R1.fastq.gz;/shares/CIBIO-Storage/CM/scratch/data/meta/CM_caltec_001_1024/CALTEC-001-144/CALTEC-001-144_R2.fastq.gz;","bf627d34-d1fb-4a4a-b8c4-d0e4d59eab0e","Mus Musculus","B4_C4_WT","60","4","4","collection",NA,NA,NA,NA,NA,NA,NA,NA,NA,NA,NA,NA,NA,NA,NA,NA,NA,NA,NA,NA,NA,NA,NA,NA,NA,NA,NA,NA,NA
"MazmanianS_DeCastroFonsecaM_2","CALTEC-001-145","CALTEC-001-145","Parkinson Disease","NCIT:C26845","feces","UBERON:0001988","Mus musculus","NCBITaxon:10090","Case","NCIT:C49152","64",NA,NA,"Day","NCIT:C25301",NA,NA,NA,NA,"Kaelyn Long","CALTEC-001-145","CALTEC-001-145","Fecal metagenome of lab mouse","QIAamp Fast DNA Stool Mini Kit","WGS","METAGENOMIC","RANDOM","paired","ILLUMINA","Illumina NovaSeq X Plus","439","3/18/25","DNA was isolated from one mouse stool sample pellet using the Qiagen FAST DNA stool mini kit following the manufacturers protocol. Libraries were prepared using the Illumina DNA Prep, (M) Tagmentation (96 Samples, IPB) kit (Illumina, #20060059). Sequencing was performed using Illumina NovaSeq X Plus aiming for 70 million reads per sample, with mean read length of 150 base pairs. Library preparation and Sequencing was performed by Prebiomics. Fastq files were uniformly processed using the curatedMetagenomicsNextflow pipeline (https://github.com/seandavi/curatedMetagenomicsNextflow) specifying the mouse reference genome in Trimmomatic.","fastq",NA,NA,NA,NA,NA,NA,"USA","34.1374596;-118.1268473","4/19/24",NA,NA,"ASO",NA,NA,NA,NA,NA,"/shares/CIBIO-Storage/CM/scratch/data/meta/CM_caltec_001_1024/CALTEC-001-145/CALTEC-001-145_R1.fastq.gz;/shares/CIBIO-Storage/CM/scratch/data/meta/CM_caltec_001_1024/CALTEC-001-145/CALTEC-001-145_R2.fastq.gz;","015b3b0b-0674-45a2-8ed9-e45008752bc3","Mus Musculus","B1_C1_ASO","64","1","1","collection",NA,NA,NA,NA,NA,NA,NA,NA,NA,NA,NA,NA,NA,NA,NA,NA,NA,NA,NA,NA,NA,NA,NA,NA,NA,NA,NA,NA,NA
"MazmanianS_DeCastroFonsecaM_2","CALTEC-001-146","CALTEC-001-146","Parkinson Disease","NCIT:C26845","feces","UBERON:0001988","Mus musculus","NCBITaxon:10090","Study Control","NCIT:C142703","64",NA,NA,"Day","NCIT:C25301",NA,NA,NA,NA,"Kaelyn Long","CALTEC-001-146","CALTEC-001-146","Fecal metagenome of lab mouse","QIAamp Fast DNA Stool Mini Kit","WGS","METAGENOMIC","RANDOM","paired","ILLUMINA","Illumina NovaSeq X Plus","435","3/7/25","DNA was isolated from one mouse stool sample pellet using the Qiagen FAST DNA stool mini kit following the manufacturers protocol. Libraries were prepared using the Illumina DNA Prep, (M) Tagmentation (96 Samples, IPB) kit (Illumina, #20060059). Sequencing was performed using Illumina NovaSeq X Plus aiming for 70 million reads per sample, with mean read length of 150 base pairs. Library preparation and Sequencing was performed by Prebiomics. Fastq files were uniformly processed using the curatedMetagenomicsNextflow pipeline (https://github.com/seandavi/curatedMetagenomicsNextflow) specifying the mouse reference genome in Trimmomatic.","fastq",NA,NA,NA,NA,NA,NA,"USA","34.1374596;-118.1268474","4/19/24",NA,NA,"WT",NA,NA,NA,NA,NA,"/shares/CIBIO-Storage/CM/scratch/data/meta/CM_caltec_001_1024/CALTEC-001-146/CALTEC-001-146_R1.fastq.gz;/shares/CIBIO-Storage/CM/scratch/data/meta/CM_caltec_001_1024/CALTEC-001-146/CALTEC-001-146_R2.fastq.gz;","263b35b4-a16b-4021-96a1-9175c3baa4b3","Mus Musculus","B1_C1_WT","64","1","1","collection",NA,NA,NA,NA,NA,NA,NA,NA,NA,NA,NA,NA,NA,NA,NA,NA,NA,NA,NA,NA,NA,NA,NA,NA,NA,NA,NA,NA,NA
"MazmanianS_DeCastroFonsecaM_2","CALTEC-001-147","CALTEC-001-147","Parkinson Disease","NCIT:C26845","feces","UBERON:0001988","Mus musculus","NCBITaxon:10090","Study Control","NCIT:C142703","64",NA,NA,"Day","NCIT:C25301",NA,NA,NA,NA,"Kaelyn Long","CALTEC-001-147","CALTEC-001-147","Fecal metagenome of lab mouse","QIAamp Fast DNA Stool Mini Kit","WGS","METAGENOMIC","RANDOM","paired","ILLUMINA","Illumina NovaSeq X Plus","435","3/7/25","DNA was isolated from one mouse stool sample pellet using the Qiagen FAST DNA stool mini kit following the manufacturers protocol. Libraries were prepared using the Illumina DNA Prep, (M) Tagmentation (96 Samples, IPB) kit (Illumina, #20060059). Sequencing was performed using Illumina NovaSeq X Plus aiming for 70 million reads per sample, with mean read length of 150 base pairs. Library preparation and Sequencing was performed by Prebiomics. Fastq files were uniformly processed using the curatedMetagenomicsNextflow pipeline (https://github.com/seandavi/curatedMetagenomicsNextflow) specifying the mouse reference genome in Trimmomatic.","fastq",NA,NA,NA,NA,NA,NA,"USA","34.1374596;-118.1268475","4/19/24",NA,NA,"WT",NA,NA,NA,NA,NA,"/shares/CIBIO-Storage/CM/scratch/data/meta/CM_caltec_001_1024/CALTEC-001-147/CALTEC-001-147_R1.fastq.gz;/shares/CIBIO-Storage/CM/scratch/data/meta/CM_caltec_001_1024/CALTEC-001-147/CALTEC-001-147_R2.fastq.gz;","96fcd832-5160-48cc-b240-2a778646da8d","Mus Musculus","B1_C2_WT","64","2","1","collection",NA,NA,NA,NA,NA,NA,NA,NA,NA,NA,NA,NA,NA,NA,NA,NA,NA,NA,NA,NA,NA,NA,NA,NA,NA,NA,NA,NA,NA
"MazmanianS_DeCastroFonsecaM_2","CALTEC-001-148","CALTEC-001-148","Parkinson Disease","NCIT:C26845","feces","UBERON:0001988","Mus musculus","NCBITaxon:10090","Case","NCIT:C49152","64",NA,NA,"Day","NCIT:C25301",NA,NA,NA,NA,"Kaelyn Long","CALTEC-001-148","CALTEC-001-148","Fecal metagenome of lab mouse","QIAamp Fast DNA Stool Mini Kit","WGS","METAGENOMIC","RANDOM","paired","ILLUMINA","Illumina NovaSeq X Plus","435","3/7/25","DNA was isolated from one mouse stool sample pellet using the Qiagen FAST DNA stool mini kit following the manufacturers protocol. Libraries were prepared using the Illumina DNA Prep, (M) Tagmentation (96 Samples, IPB) kit (Illumina, #20060059). Sequencing was performed using Illumina NovaSeq X Plus aiming for 70 million reads per sample, with mean read length of 150 base pairs. Library preparation and Sequencing was performed by Prebiomics. Fastq files were uniformly processed using the curatedMetagenomicsNextflow pipeline (https://github.com/seandavi/curatedMetagenomicsNextflow) specifying the mouse reference genome in Trimmomatic.","fastq",NA,NA,NA,NA,NA,NA,"USA","34.1374596;-118.1268476","4/19/24",NA,NA,"ASO",NA,NA,NA,NA,NA,"/shares/CIBIO-Storage/CM/scratch/data/meta/CM_caltec_001_1024/CALTEC-001-148/CALTEC-001-148_R1.fastq.gz;/shares/CIBIO-Storage/CM/scratch/data/meta/CM_caltec_001_1024/CALTEC-001-148/CALTEC-001-148_R2.fastq.gz;","eb78b51e-3adf-4954-8b0e-f35f7c3867bd","Mus Musculus","B1_C2_ASO","64","2","1","collection",NA,NA,NA,NA,NA,NA,NA,NA,NA,NA,NA,NA,NA,NA,NA,NA,NA,NA,NA,NA,NA,NA,NA,NA,NA,NA,NA,NA,NA
"MazmanianS_DeCastroFonsecaM_2","CALTEC-001-149","CALTEC-001-149","Parkinson Disease","NCIT:C26845","feces","UBERON:0001988","Mus musculus","NCBITaxon:10090","Study Control","NCIT:C142703","64",NA,NA,"Day","NCIT:C25301",NA,NA,NA,NA,"Kaelyn Long","CALTEC-001-149","CALTEC-001-149","Fecal metagenome of lab mouse","QIAamp Fast DNA Stool Mini Kit","WGS","METAGENOMIC","RANDOM","paired","ILLUMINA","Illumina NovaSeq X Plus","435","3/7/25","DNA was isolated from one mouse stool sample pellet using the Qiagen FAST DNA stool mini kit following the manufacturers protocol. Libraries were prepared using the Illumina DNA Prep, (M) Tagmentation (96 Samples, IPB) kit (Illumina, #20060059). Sequencing was performed using Illumina NovaSeq X Plus aiming for 70 million reads per sample, with mean read length of 150 base pairs. Library preparation and Sequencing was performed by Prebiomics. Fastq files were uniformly processed using the curatedMetagenomicsNextflow pipeline (https://github.com/seandavi/curatedMetagenomicsNextflow) specifying the mouse reference genome in Trimmomatic.","fastq",NA,NA,NA,NA,NA,NA,"USA","34.1374596;-118.1268477","4/19/24",NA,NA,"WT",NA,NA,NA,NA,NA,"/shares/CIBIO-Storage/CM/scratch/data/meta/CM_caltec_001_1024/CALTEC-001-149/CALTEC-001-149_R1.fastq.gz;/shares/CIBIO-Storage/CM/scratch/data/meta/CM_caltec_001_1024/CALTEC-001-149/CALTEC-001-149_R2.fastq.gz;","0f2c14b4-1ecd-43f3-8be7-64faf5eaf6f4","Mus Musculus","B1_C1_WT","64","1","1","collection",NA,NA,NA,NA,NA,NA,NA,NA,NA,NA,NA,NA,NA,NA,NA,NA,NA,NA,NA,NA,NA,NA,NA,NA,NA,NA,NA,NA,NA
"MazmanianS_DeCastroFonsecaM_2","CALTEC-001-150","CALTEC-001-150","Parkinson Disease","NCIT:C26845","feces","UBERON:0001988","Mus musculus","NCBITaxon:10090","Study Control","NCIT:C142703","64",NA,NA,"Day","NCIT:C25301",NA,NA,NA,NA,"Kaelyn Long","CALTEC-001-150","CALTEC-001-150","Fecal metagenome of lab mouse","QIAamp Fast DNA Stool Mini Kit","WGS","METAGENOMIC","RANDOM","paired","ILLUMINA","Illumina NovaSeq X Plus","435","3/7/25","DNA was isolated from one mouse stool sample pellet using the Qiagen FAST DNA stool mini kit following the manufacturers protocol. Libraries were prepared using the Illumina DNA Prep, (M) Tagmentation (96 Samples, IPB) kit (Illumina, #20060059). Sequencing was performed using Illumina NovaSeq X Plus aiming for 70 million reads per sample, with mean read length of 150 base pairs. Library preparation and Sequencing was performed by Prebiomics. Fastq files were uniformly processed using the curatedMetagenomicsNextflow pipeline (https://github.com/seandavi/curatedMetagenomicsNextflow) specifying the mouse reference genome in Trimmomatic.","fastq",NA,NA,NA,NA,NA,NA,"USA","34.1374596;-118.1268478","4/19/24",NA,NA,"WT",NA,NA,NA,NA,NA,"/shares/CIBIO-Storage/CM/scratch/data/meta/CM_caltec_001_1024/CALTEC-001-150/CALTEC-001-150_R1.fastq.gz;/shares/CIBIO-Storage/CM/scratch/data/meta/CM_caltec_001_1024/CALTEC-001-150/CALTEC-001-150_R2.fastq.gz;","d7e10897-3956-4ba2-aaff-4e00f9131d98","Mus Musculus","B2_C1_WT","64","1","2","collection",NA,NA,NA,NA,NA,NA,NA,NA,NA,NA,NA,NA,NA,NA,NA,NA,NA,NA,NA,NA,NA,NA,NA,NA,NA,NA,NA,NA,NA
"MazmanianS_DeCastroFonsecaM_2","CALTEC-001-151","CALTEC-001-151","Parkinson Disease","NCIT:C26845","feces","UBERON:0001988","Mus musculus","NCBITaxon:10090","Case","NCIT:C49152","64",NA,NA,"Day","NCIT:C25301",NA,NA,NA,NA,"Kaelyn Long","CALTEC-001-151","CALTEC-001-151","Fecal metagenome of lab mouse","QIAamp Fast DNA Stool Mini Kit","WGS","METAGENOMIC","RANDOM","paired","ILLUMINA","Illumina NovaSeq X Plus","435","3/7/25","DNA was isolated from one mouse stool sample pellet using the Qiagen FAST DNA stool mini kit following the manufacturers protocol. Libraries were prepared using the Illumina DNA Prep, (M) Tagmentation (96 Samples, IPB) kit (Illumina, #20060059). Sequencing was performed using Illumina NovaSeq X Plus aiming for 70 million reads per sample, with mean read length of 150 base pairs. Library preparation and Sequencing was performed by Prebiomics. Fastq files were uniformly processed using the curatedMetagenomicsNextflow pipeline (https://github.com/seandavi/curatedMetagenomicsNextflow) specifying the mouse reference genome in Trimmomatic.","fastq",NA,NA,NA,NA,NA,NA,"USA","34.1374596;-118.1268479","4/19/24",NA,NA,"ASO",NA,NA,NA,NA,NA,"/shares/CIBIO-Storage/CM/scratch/data/meta/CM_caltec_001_1024/CALTEC-001-151/CALTEC-001-151_R1.fastq.gz;/shares/CIBIO-Storage/CM/scratch/data/meta/CM_caltec_001_1024/CALTEC-001-151/CALTEC-001-151_R2.fastq.gz;","38528a12-61c4-4514-aa15-66fba2a64f11","Mus Musculus","B2_C1_ASO","64","1","2","collection",NA,NA,NA,NA,NA,NA,NA,NA,NA,NA,NA,NA,NA,NA,NA,NA,NA,NA,NA,NA,NA,NA,NA,NA,NA,NA,NA,NA,NA
"MazmanianS_DeCastroFonsecaM_2","CALTEC-001-152","CALTEC-001-152","Parkinson Disease","NCIT:C26845","feces","UBERON:0001988","Mus musculus","NCBITaxon:10090","Study Control","NCIT:C142703","64",NA,NA,"Day","NCIT:C25301",NA,NA,NA,NA,"Kaelyn Long","CALTEC-001-152","CALTEC-001-152","Fecal metagenome of lab mouse","QIAamp Fast DNA Stool Mini Kit","WGS","METAGENOMIC","RANDOM","paired","ILLUMINA","Illumina NovaSeq X Plus","435","3/7/25","DNA was isolated from one mouse stool sample pellet using the Qiagen FAST DNA stool mini kit following the manufacturers protocol. Libraries were prepared using the Illumina DNA Prep, (M) Tagmentation (96 Samples, IPB) kit (Illumina, #20060059). Sequencing was performed using Illumina NovaSeq X Plus aiming for 70 million reads per sample, with mean read length of 150 base pairs. Library preparation and Sequencing was performed by Prebiomics. Fastq files were uniformly processed using the curatedMetagenomicsNextflow pipeline (https://github.com/seandavi/curatedMetagenomicsNextflow) specifying the mouse reference genome in Trimmomatic.","fastq",NA,NA,NA,NA,NA,NA,"USA","34.1374596;-118.1268480","4/19/24",NA,NA,"WT",NA,NA,NA,NA,NA,"/shares/CIBIO-Storage/CM/scratch/data/meta/CM_caltec_001_1024/CALTEC-001-152/CALTEC-001-152_R1.fastq.gz;/shares/CIBIO-Storage/CM/scratch/data/meta/CM_caltec_001_1024/CALTEC-001-152/CALTEC-001-152_R2.fastq.gz;","e6a84a98-36f8-478f-81bf-2e71dfd3189d","Mus Musculus","B2_C2_WT","64","2","2","collection",NA,NA,NA,NA,NA,NA,NA,NA,NA,NA,NA,NA,NA,NA,NA,NA,NA,NA,NA,NA,NA,NA,NA,NA,NA,NA,NA,NA,NA
"MazmanianS_DeCastroFonsecaM_2","CALTEC-001-153","CALTEC-001-153","Parkinson Disease","NCIT:C26845","feces","UBERON:0001988","Mus musculus","NCBITaxon:10090","Case","NCIT:C49152","64",NA,NA,"Day","NCIT:C25301",NA,NA,NA,NA,"Kaelyn Long","CALTEC-001-153","CALTEC-001-153","Fecal metagenome of lab mouse","QIAamp Fast DNA Stool Mini Kit","WGS","METAGENOMIC","RANDOM","paired","ILLUMINA","Illumina NovaSeq X Plus","435","3/7/25","DNA was isolated from one mouse stool sample pellet using the Qiagen FAST DNA stool mini kit following the manufacturers protocol. Libraries were prepared using the Illumina DNA Prep, (M) Tagmentation (96 Samples, IPB) kit (Illumina, #20060059). Sequencing was performed using Illumina NovaSeq X Plus aiming for 70 million reads per sample, with mean read length of 150 base pairs. Library preparation and Sequencing was performed by Prebiomics. Fastq files were uniformly processed using the curatedMetagenomicsNextflow pipeline (https://github.com/seandavi/curatedMetagenomicsNextflow) specifying the mouse reference genome in Trimmomatic.","fastq",NA,NA,NA,NA,NA,NA,"USA","34.1374596;-118.1268481","4/19/24",NA,NA,"ASO",NA,NA,NA,NA,NA,"/shares/CIBIO-Storage/CM/scratch/data/meta/CM_caltec_001_1024/CALTEC-001-153/CALTEC-001-153_R1.fastq.gz;/shares/CIBIO-Storage/CM/scratch/data/meta/CM_caltec_001_1024/CALTEC-001-153/CALTEC-001-153_R2.fastq.gz;","3470797e-9828-4624-817c-c729e0e06580","Mus Musculus","B2_C2_ASO","64","2","2","collection",NA,NA,NA,NA,NA,NA,NA,NA,NA,NA,NA,NA,NA,NA,NA,NA,NA,NA,NA,NA,NA,NA,NA,NA,NA,NA,NA,NA,NA
"MazmanianS_DeCastroFonsecaM_2","CALTEC-001-154","CALTEC-001-154","Parkinson Disease","NCIT:C26845","feces","UBERON:0001988","Mus musculus","NCBITaxon:10090","Case","NCIT:C49152","64",NA,NA,"Day","NCIT:C25301",NA,NA,NA,NA,"Kaelyn Long","CALTEC-001-154","CALTEC-001-154","Fecal metagenome of lab mouse","QIAamp Fast DNA Stool Mini Kit","WGS","METAGENOMIC","RANDOM","paired","ILLUMINA","Illumina NovaSeq X Plus","435","3/7/25","DNA was isolated from one mouse stool sample pellet using the Qiagen FAST DNA stool mini kit following the manufacturers protocol. Libraries were prepared using the Illumina DNA Prep, (M) Tagmentation (96 Samples, IPB) kit (Illumina, #20060059). Sequencing was performed using Illumina NovaSeq X Plus aiming for 70 million reads per sample, with mean read length of 150 base pairs. Library preparation and Sequencing was performed by Prebiomics. Fastq files were uniformly processed using the curatedMetagenomicsNextflow pipeline (https://github.com/seandavi/curatedMetagenomicsNextflow) specifying the mouse reference genome in Trimmomatic.","fastq",NA,NA,NA,NA,NA,NA,"USA","34.1374596;-118.1268482","4/19/24",NA,NA,"ASO",NA,NA,NA,NA,NA,"/shares/CIBIO-Storage/CM/scratch/data/meta/CM_caltec_001_1024/CALTEC-001-154/CALTEC-001-154_R1.fastq.gz;/shares/CIBIO-Storage/CM/scratch/data/meta/CM_caltec_001_1024/CALTEC-001-154/CALTEC-001-154_R2.fastq.gz;","978f0cc2-b95f-413c-9793-3878ac5a19e6","Mus Musculus","B3_C4_ASO","64","4","3","collection",NA,NA,NA,NA,NA,NA,NA,NA,NA,NA,NA,NA,NA,NA,NA,NA,NA,NA,NA,NA,NA,NA,NA,NA,NA,NA,NA,NA,NA
"MazmanianS_DeCastroFonsecaM_2","CALTEC-001-155","CALTEC-001-155","Parkinson Disease","NCIT:C26845","feces","UBERON:0001988","Mus musculus","NCBITaxon:10090","Case","NCIT:C49152","64",NA,NA,"Day","NCIT:C25301",NA,NA,NA,NA,"Kaelyn Long","CALTEC-001-155","CALTEC-001-155","Fecal metagenome of lab mouse","QIAamp Fast DNA Stool Mini Kit","WGS","METAGENOMIC","RANDOM","paired","ILLUMINA","Illumina NovaSeq X Plus","435","3/7/25","DNA was isolated from one mouse stool sample pellet using the Qiagen FAST DNA stool mini kit following the manufacturers protocol. Libraries were prepared using the Illumina DNA Prep, (M) Tagmentation (96 Samples, IPB) kit (Illumina, #20060059). Sequencing was performed using Illumina NovaSeq X Plus aiming for 70 million reads per sample, with mean read length of 150 base pairs. Library preparation and Sequencing was performed by Prebiomics. Fastq files were uniformly processed using the curatedMetagenomicsNextflow pipeline (https://github.com/seandavi/curatedMetagenomicsNextflow) specifying the mouse reference genome in Trimmomatic.","fastq",NA,NA,NA,NA,NA,NA,"USA","34.1374596;-118.1268483","4/19/24",NA,NA,"ASO",NA,NA,NA,NA,NA,"/shares/CIBIO-Storage/CM/scratch/data/meta/CM_caltec_001_1024/CALTEC-001-155/CALTEC-001-155_R1.fastq.gz;/shares/CIBIO-Storage/CM/scratch/data/meta/CM_caltec_001_1024/CALTEC-001-155/CALTEC-001-155_R2.fastq.gz;","512c3468-3c15-40fb-986b-e6b7c5646db3","Mus Musculus","B3_C3_ASO","64","3","3","collection",NA,NA,NA,NA,NA,NA,NA,NA,NA,NA,NA,NA,NA,NA,NA,NA,NA,NA,NA,NA,NA,NA,NA,NA,NA,NA,NA,NA,NA
"MazmanianS_DeCastroFonsecaM_2","CALTEC-001-156","CALTEC-001-156","Parkinson Disease","NCIT:C26845","feces","UBERON:0001988","Mus musculus","NCBITaxon:10090","Case","NCIT:C49152","64",NA,NA,"Day","NCIT:C25301",NA,NA,NA,NA,"Kaelyn Long","CALTEC-001-156","CALTEC-001-156","Fecal metagenome of lab mouse","QIAamp Fast DNA Stool Mini Kit","WGS","METAGENOMIC","RANDOM","paired","ILLUMINA","Illumina NovaSeq X Plus","435","3/7/25","DNA was isolated from one mouse stool sample pellet using the Qiagen FAST DNA stool mini kit following the manufacturers protocol. Libraries were prepared using the Illumina DNA Prep, (M) Tagmentation (96 Samples, IPB) kit (Illumina, #20060059). Sequencing was performed using Illumina NovaSeq X Plus aiming for 70 million reads per sample, with mean read length of 150 base pairs. Library preparation and Sequencing was performed by Prebiomics. Fastq files were uniformly processed using the curatedMetagenomicsNextflow pipeline (https://github.com/seandavi/curatedMetagenomicsNextflow) specifying the mouse reference genome in Trimmomatic.","fastq",NA,NA,NA,NA,NA,NA,"USA","34.1374596;-118.1268484","4/19/24",NA,NA,"ASO",NA,NA,NA,NA,NA,"/shares/CIBIO-Storage/CM/scratch/data/meta/CM_caltec_001_1024/CALTEC-001-156/CALTEC-001-156_R1.fastq.gz;/shares/CIBIO-Storage/CM/scratch/data/meta/CM_caltec_001_1024/CALTEC-001-156/CALTEC-001-156_R2.fastq.gz;","701b475f-ffa0-4d4c-88a2-c91fe43c8b7a","Mus Musculus","B4_C3_ASO","64","3","4","collection",NA,NA,NA,NA,NA,NA,NA,NA,NA,NA,NA,NA,NA,NA,NA,NA,NA,NA,NA,NA,NA,NA,NA,NA,NA,NA,NA,NA,NA
"MazmanianS_DeCastroFonsecaM_2","CALTEC-001-157","CALTEC-001-157","Parkinson Disease","NCIT:C26845","feces","UBERON:0001988","Mus musculus","NCBITaxon:10090","Case","NCIT:C49152","64",NA,NA,"Day","NCIT:C25301",NA,NA,NA,NA,"Kaelyn Long","CALTEC-001-157","CALTEC-001-157","Fecal metagenome of lab mouse","QIAamp Fast DNA Stool Mini Kit","WGS","METAGENOMIC","RANDOM","paired","ILLUMINA","Illumina NovaSeq X Plus","435","3/7/25","DNA was isolated from one mouse stool sample pellet using the Qiagen FAST DNA stool mini kit following the manufacturers protocol. Libraries were prepared using the Illumina DNA Prep, (M) Tagmentation (96 Samples, IPB) kit (Illumina, #20060059). Sequencing was performed using Illumina NovaSeq X Plus aiming for 70 million reads per sample, with mean read length of 150 base pairs. Library preparation and Sequencing was performed by Prebiomics. Fastq files were uniformly processed using the curatedMetagenomicsNextflow pipeline (https://github.com/seandavi/curatedMetagenomicsNextflow) specifying the mouse reference genome in Trimmomatic.","fastq",NA,NA,NA,NA,NA,NA,"USA","34.1374596;-118.1268485","4/19/24",NA,NA,"ASO",NA,NA,NA,NA,NA,"/shares/CIBIO-Storage/CM/scratch/data/meta/CM_caltec_001_1024/CALTEC-001-157/CALTEC-001-157_R1.fastq.gz;/shares/CIBIO-Storage/CM/scratch/data/meta/CM_caltec_001_1024/CALTEC-001-157/CALTEC-001-157_R2.fastq.gz;","5bf53ad4-3029-418a-a261-b133fc5c32a8","Mus Musculus","B4_C4_ASO","64","4","4","collection",NA,NA,NA,NA,NA,NA,NA,NA,NA,NA,NA,NA,NA,NA,NA,NA,NA,NA,NA,NA,NA,NA,NA,NA,NA,NA,NA,NA,NA
"MazmanianS_DeCastroFonsecaM_2","CALTEC-001-158","CALTEC-001-158","Parkinson Disease","NCIT:C26845","feces","UBERON:0001988","Mus musculus","NCBITaxon:10090","Study Control","NCIT:C142703","64",NA,NA,"Day","NCIT:C25301",NA,NA,NA,NA,"Kaelyn Long","CALTEC-001-158","CALTEC-001-158","Fecal metagenome of lab mouse","QIAamp Fast DNA Stool Mini Kit","WGS","METAGENOMIC","RANDOM","paired","ILLUMINA","Illumina NovaSeq X Plus","435","3/7/25","DNA was isolated from one mouse stool sample pellet using the Qiagen FAST DNA stool mini kit following the manufacturers protocol. Libraries were prepared using the Illumina DNA Prep, (M) Tagmentation (96 Samples, IPB) kit (Illumina, #20060059). Sequencing was performed using Illumina NovaSeq X Plus aiming for 70 million reads per sample, with mean read length of 150 base pairs. Library preparation and Sequencing was performed by Prebiomics. Fastq files were uniformly processed using the curatedMetagenomicsNextflow pipeline (https://github.com/seandavi/curatedMetagenomicsNextflow) specifying the mouse reference genome in Trimmomatic.","fastq",NA,NA,NA,NA,NA,NA,"USA","34.1374596;-118.1268486","4/19/24",NA,NA,"WT",NA,NA,NA,NA,NA,"/shares/CIBIO-Storage/CM/scratch/data/meta/CM_caltec_001_1024/CALTEC-001-158/CALTEC-001-158_R1.fastq.gz;/shares/CIBIO-Storage/CM/scratch/data/meta/CM_caltec_001_1024/CALTEC-001-158/CALTEC-001-158_R2.fastq.gz;","8ce39722-392e-4544-b341-33369e48df4a","Mus Musculus","B4_C4_WT","64","4","4","collection",NA,NA,NA,NA,NA,NA,NA,NA,NA,NA,NA,NA,NA,NA,NA,NA,NA,NA,NA,NA,NA,NA,NA,NA,NA,NA,NA,NA,NA
"MazmanianS_DeCastroFonsecaM_2","CALTEC-001-159","CALTEC-001-159","Parkinson Disease","NCIT:C26845","feces","UBERON:0001988","Mus musculus","NCBITaxon:10090","Case","NCIT:C49152","68",NA,NA,"Day","NCIT:C25301",NA,NA,NA,NA,"Kaelyn Long","CALTEC-001-159","CALTEC-001-159","Fecal metagenome of lab mouse","QIAamp Fast DNA Stool Mini Kit","WGS","METAGENOMIC","RANDOM","paired","ILLUMINA","Illumina NovaSeq X Plus","435","3/7/25","DNA was isolated from one mouse stool sample pellet using the Qiagen FAST DNA stool mini kit following the manufacturers protocol. Libraries were prepared using the Illumina DNA Prep, (M) Tagmentation (96 Samples, IPB) kit (Illumina, #20060059). Sequencing was performed using Illumina NovaSeq X Plus aiming for 70 million reads per sample, with mean read length of 150 base pairs. Library preparation and Sequencing was performed by Prebiomics. Fastq files were uniformly processed using the curatedMetagenomicsNextflow pipeline (https://github.com/seandavi/curatedMetagenomicsNextflow) specifying the mouse reference genome in Trimmomatic.","fastq",NA,NA,NA,NA,NA,NA,"USA","34.1374596;-118.1268487","4/23/24",NA,NA,"ASO",NA,NA,NA,NA,NA,"/shares/CIBIO-Storage/CM/scratch/data/meta/CM_caltec_001_1024/CALTEC-001-159/CALTEC-001-159_R1.fastq.gz;/shares/CIBIO-Storage/CM/scratch/data/meta/CM_caltec_001_1024/CALTEC-001-159/CALTEC-001-159_R2.fastq.gz;","0fa9886c-6b6b-4f3c-b506-288d3350661b","Mus Musculus","B1_C1_ASO","68","1","1","collection",NA,NA,NA,NA,NA,NA,NA,NA,NA,NA,NA,NA,NA,NA,NA,NA,NA,NA,NA,NA,NA,NA,NA,NA,NA,NA,NA,NA,NA
"MazmanianS_DeCastroFonsecaM_2","CALTEC-001-160","CALTEC-001-160","Parkinson Disease","NCIT:C26845","feces","UBERON:0001988","Mus musculus","NCBITaxon:10090","Study Control","NCIT:C142703","68",NA,NA,"Day","NCIT:C25301",NA,NA,NA,NA,"Kaelyn Long","CALTEC-001-160","CALTEC-001-160","Fecal metagenome of lab mouse","QIAamp Fast DNA Stool Mini Kit","WGS","METAGENOMIC","RANDOM","paired","ILLUMINA","Illumina NovaSeq X Plus","435","3/7/25","DNA was isolated from one mouse stool sample pellet using the Qiagen FAST DNA stool mini kit following the manufacturers protocol. Libraries were prepared using the Illumina DNA Prep, (M) Tagmentation (96 Samples, IPB) kit (Illumina, #20060059). Sequencing was performed using Illumina NovaSeq X Plus aiming for 70 million reads per sample, with mean read length of 150 base pairs. Library preparation and Sequencing was performed by Prebiomics. Fastq files were uniformly processed using the curatedMetagenomicsNextflow pipeline (https://github.com/seandavi/curatedMetagenomicsNextflow) specifying the mouse reference genome in Trimmomatic.","fastq",NA,NA,NA,NA,NA,NA,"USA","34.1374596;-118.1268488","4/23/24",NA,NA,"WT",NA,NA,NA,NA,NA,"/shares/CIBIO-Storage/CM/scratch/data/meta/CM_caltec_001_1024/CALTEC-001-160/CALTEC-001-160_R1.fastq.gz;/shares/CIBIO-Storage/CM/scratch/data/meta/CM_caltec_001_1024/CALTEC-001-160/CALTEC-001-160_R2.fastq.gz;","353f1113-7733-4cf0-8b18-706255260d9d","Mus Musculus","B1_C1_WT","68","1","1","collection",NA,NA,NA,NA,NA,NA,NA,NA,NA,NA,NA,NA,NA,NA,NA,NA,NA,NA,NA,NA,NA,NA,NA,NA,NA,NA,NA,NA,NA
"MazmanianS_DeCastroFonsecaM_2","CALTEC-001-161","CALTEC-001-161","Parkinson Disease","NCIT:C26845","feces","UBERON:0001988","Mus musculus","NCBITaxon:10090","Study Control","NCIT:C142703","68",NA,NA,"Day","NCIT:C25301",NA,NA,NA,NA,"Kaelyn Long","CALTEC-001-161","CALTEC-001-161","Fecal metagenome of lab mouse","QIAamp Fast DNA Stool Mini Kit","WGS","METAGENOMIC","RANDOM","paired","ILLUMINA","Illumina NovaSeq X Plus","435","3/7/25","DNA was isolated from one mouse stool sample pellet using the Qiagen FAST DNA stool mini kit following the manufacturers protocol. Libraries were prepared using the Illumina DNA Prep, (M) Tagmentation (96 Samples, IPB) kit (Illumina, #20060059). Sequencing was performed using Illumina NovaSeq X Plus aiming for 70 million reads per sample, with mean read length of 150 base pairs. Library preparation and Sequencing was performed by Prebiomics. Fastq files were uniformly processed using the curatedMetagenomicsNextflow pipeline (https://github.com/seandavi/curatedMetagenomicsNextflow) specifying the mouse reference genome in Trimmomatic.","fastq",NA,NA,NA,NA,NA,NA,"USA","34.1374596;-118.1268489","4/23/24",NA,NA,"WT",NA,NA,NA,NA,NA,"/shares/CIBIO-Storage/CM/scratch/data/meta/CM_caltec_001_1024/CALTEC-001-161/CALTEC-001-161_R1.fastq.gz;/shares/CIBIO-Storage/CM/scratch/data/meta/CM_caltec_001_1024/CALTEC-001-161/CALTEC-001-161_R2.fastq.gz;","bb54e075-35d0-4184-a68a-db55848ea6f1","Mus Musculus","B1_C2_WT","68","2","1","collection",NA,NA,NA,NA,NA,NA,NA,NA,NA,NA,NA,NA,NA,NA,NA,NA,NA,NA,NA,NA,NA,NA,NA,NA,NA,NA,NA,NA,NA
"MazmanianS_DeCastroFonsecaM_2","CALTEC-001-162","CALTEC-001-162","Parkinson Disease","NCIT:C26845","feces","UBERON:0001988","Mus musculus","NCBITaxon:10090","Case","NCIT:C49152","68",NA,NA,"Day","NCIT:C25301",NA,NA,NA,NA,"Kaelyn Long","CALTEC-001-162","CALTEC-001-162","Fecal metagenome of lab mouse","QIAamp Fast DNA Stool Mini Kit","WGS","METAGENOMIC","RANDOM","paired","ILLUMINA","Illumina NovaSeq X Plus","435","3/7/25","DNA was isolated from one mouse stool sample pellet using the Qiagen FAST DNA stool mini kit following the manufacturers protocol. Libraries were prepared using the Illumina DNA Prep, (M) Tagmentation (96 Samples, IPB) kit (Illumina, #20060059). Sequencing was performed using Illumina NovaSeq X Plus aiming for 70 million reads per sample, with mean read length of 150 base pairs. Library preparation and Sequencing was performed by Prebiomics. Fastq files were uniformly processed using the curatedMetagenomicsNextflow pipeline (https://github.com/seandavi/curatedMetagenomicsNextflow) specifying the mouse reference genome in Trimmomatic.","fastq",NA,NA,NA,NA,NA,NA,"USA","34.1374596;-118.1268490","4/23/24",NA,NA,"ASO",NA,NA,NA,NA,NA,"/shares/CIBIO-Storage/CM/scratch/data/meta/CM_caltec_001_1024/CALTEC-001-162/CALTEC-001-162_R1.fastq.gz;/shares/CIBIO-Storage/CM/scratch/data/meta/CM_caltec_001_1024/CALTEC-001-162/CALTEC-001-162_R2.fastq.gz;","b76a0bd2-aeee-4e08-be4e-b80ed4a64df4","Mus Musculus","B1_C2_ASO","68","2","1","collection",NA,NA,NA,NA,NA,NA,NA,NA,NA,NA,NA,NA,NA,NA,NA,NA,NA,NA,NA,NA,NA,NA,NA,NA,NA,NA,NA,NA,NA
"MazmanianS_DeCastroFonsecaM_2","CALTEC-001-163","CALTEC-001-163","Parkinson Disease","NCIT:C26845","feces","UBERON:0001988","Mus musculus","NCBITaxon:10090","Study Control","NCIT:C142703","68",NA,NA,"Day","NCIT:C25301",NA,NA,NA,NA,"Kaelyn Long","CALTEC-001-163","CALTEC-001-163","Fecal metagenome of lab mouse","QIAamp Fast DNA Stool Mini Kit","WGS","METAGENOMIC","RANDOM","paired","ILLUMINA","Illumina NovaSeq X Plus","435","3/7/25","DNA was isolated from one mouse stool sample pellet using the Qiagen FAST DNA stool mini kit following the manufacturers protocol. Libraries were prepared using the Illumina DNA Prep, (M) Tagmentation (96 Samples, IPB) kit (Illumina, #20060059). Sequencing was performed using Illumina NovaSeq X Plus aiming for 70 million reads per sample, with mean read length of 150 base pairs. Library preparation and Sequencing was performed by Prebiomics. Fastq files were uniformly processed using the curatedMetagenomicsNextflow pipeline (https://github.com/seandavi/curatedMetagenomicsNextflow) specifying the mouse reference genome in Trimmomatic.","fastq",NA,NA,NA,NA,NA,NA,"USA","34.1374596;-118.1268491","4/23/24",NA,NA,"WT",NA,NA,NA,NA,NA,"/shares/CIBIO-Storage/CM/scratch/data/meta/CM_caltec_001_1024/CALTEC-001-163/CALTEC-001-163_R1.fastq.gz;/shares/CIBIO-Storage/CM/scratch/data/meta/CM_caltec_001_1024/CALTEC-001-163/CALTEC-001-163_R2.fastq.gz;","1910ec35-5ad6-4e74-a1a2-19a8289df10b","Mus Musculus","B1_C1_WT","68","1","1","collection",NA,NA,NA,NA,NA,NA,NA,NA,NA,NA,NA,NA,NA,NA,NA,NA,NA,NA,NA,NA,NA,NA,NA,NA,NA,NA,NA,NA,NA
"MazmanianS_DeCastroFonsecaM_2","CALTEC-001-164","CALTEC-001-164","Parkinson Disease","NCIT:C26845","feces","UBERON:0001988","Mus musculus","NCBITaxon:10090","Study Control","NCIT:C142703","68",NA,NA,"Day","NCIT:C25301",NA,NA,NA,NA,"Kaelyn Long","CALTEC-001-164","CALTEC-001-164","Fecal metagenome of lab mouse","QIAamp Fast DNA Stool Mini Kit","WGS","METAGENOMIC","RANDOM","paired","ILLUMINA","Illumina NovaSeq X Plus","435","3/7/25","DNA was isolated from one mouse stool sample pellet using the Qiagen FAST DNA stool mini kit following the manufacturers protocol. Libraries were prepared using the Illumina DNA Prep, (M) Tagmentation (96 Samples, IPB) kit (Illumina, #20060059). Sequencing was performed using Illumina NovaSeq X Plus aiming for 70 million reads per sample, with mean read length of 150 base pairs. Library preparation and Sequencing was performed by Prebiomics. Fastq files were uniformly processed using the curatedMetagenomicsNextflow pipeline (https://github.com/seandavi/curatedMetagenomicsNextflow) specifying the mouse reference genome in Trimmomatic.","fastq",NA,NA,NA,NA,NA,NA,"USA","34.1374596;-118.1268492","4/23/24",NA,NA,"WT",NA,NA,NA,NA,NA,"/shares/CIBIO-Storage/CM/scratch/data/meta/CM_caltec_001_1024/CALTEC-001-164/CALTEC-001-164_R1.fastq.gz;/shares/CIBIO-Storage/CM/scratch/data/meta/CM_caltec_001_1024/CALTEC-001-164/CALTEC-001-164_R2.fastq.gz;","daa94f43-b7b9-4d37-95d5-d02bbfb5b179","Mus Musculus","B2_C1_WT","68","1","2","collection",NA,NA,NA,NA,NA,NA,NA,NA,NA,NA,NA,NA,NA,NA,NA,NA,NA,NA,NA,NA,NA,NA,NA,NA,NA,NA,NA,NA,NA
"MazmanianS_DeCastroFonsecaM_2","CALTEC-001-165","CALTEC-001-165","Parkinson Disease","NCIT:C26845","feces","UBERON:0001988","Mus musculus","NCBITaxon:10090","Case","NCIT:C49152","68",NA,NA,"Day","NCIT:C25301",NA,NA,NA,NA,"Kaelyn Long","CALTEC-001-165","CALTEC-001-165","Fecal metagenome of lab mouse","QIAamp Fast DNA Stool Mini Kit","WGS","METAGENOMIC","RANDOM","paired","ILLUMINA","Illumina NovaSeq X Plus","435","3/7/25","DNA was isolated from one mouse stool sample pellet using the Qiagen FAST DNA stool mini kit following the manufacturers protocol. Libraries were prepared using the Illumina DNA Prep, (M) Tagmentation (96 Samples, IPB) kit (Illumina, #20060059). Sequencing was performed using Illumina NovaSeq X Plus aiming for 70 million reads per sample, with mean read length of 150 base pairs. Library preparation and Sequencing was performed by Prebiomics. Fastq files were uniformly processed using the curatedMetagenomicsNextflow pipeline (https://github.com/seandavi/curatedMetagenomicsNextflow) specifying the mouse reference genome in Trimmomatic.","fastq",NA,NA,NA,NA,NA,NA,"USA","34.1374596;-118.1268493","4/23/24",NA,NA,"ASO",NA,NA,NA,NA,NA,"/shares/CIBIO-Storage/CM/scratch/data/meta/CM_caltec_001_1024/CALTEC-001-165/CALTEC-001-165_R1.fastq.gz;/shares/CIBIO-Storage/CM/scratch/data/meta/CM_caltec_001_1024/CALTEC-001-165/CALTEC-001-165_R2.fastq.gz;","90a18698-3bb6-4237-8bfb-52f5e828213d","Mus Musculus","B2_C1_ASO","68","1","2","collection",NA,NA,NA,NA,NA,NA,NA,NA,NA,NA,NA,NA,NA,NA,NA,NA,NA,NA,NA,NA,NA,NA,NA,NA,NA,NA,NA,NA,NA
"MazmanianS_DeCastroFonsecaM_2","CALTEC-001-166","CALTEC-001-166","Parkinson Disease","NCIT:C26845","feces","UBERON:0001988","Mus musculus","NCBITaxon:10090","Study Control","NCIT:C142703","68",NA,NA,"Day","NCIT:C25301",NA,NA,NA,NA,"Kaelyn Long","CALTEC-001-166","CALTEC-001-166","Fecal metagenome of lab mouse","QIAamp Fast DNA Stool Mini Kit","WGS","METAGENOMIC","RANDOM","paired","ILLUMINA","Illumina NovaSeq X Plus","435","3/7/25","DNA was isolated from one mouse stool sample pellet using the Qiagen FAST DNA stool mini kit following the manufacturers protocol. Libraries were prepared using the Illumina DNA Prep, (M) Tagmentation (96 Samples, IPB) kit (Illumina, #20060059). Sequencing was performed using Illumina NovaSeq X Plus aiming for 70 million reads per sample, with mean read length of 150 base pairs. Library preparation and Sequencing was performed by Prebiomics. Fastq files were uniformly processed using the curatedMetagenomicsNextflow pipeline (https://github.com/seandavi/curatedMetagenomicsNextflow) specifying the mouse reference genome in Trimmomatic.","fastq",NA,NA,NA,NA,NA,NA,"USA","34.1374596;-118.1268494","4/23/24",NA,NA,"WT",NA,NA,NA,NA,NA,"/shares/CIBIO-Storage/CM/scratch/data/meta/CM_caltec_001_1024/CALTEC-001-166/CALTEC-001-166_R1.fastq.gz;/shares/CIBIO-Storage/CM/scratch/data/meta/CM_caltec_001_1024/CALTEC-001-166/CALTEC-001-166_R2.fastq.gz;","53048b2e-cad8-415d-96fa-4f49d25c6f22","Mus Musculus","B2_C2_WT","68","2","2","collection",NA,NA,NA,NA,NA,NA,NA,NA,NA,NA,NA,NA,NA,NA,NA,NA,NA,NA,NA,NA,NA,NA,NA,NA,NA,NA,NA,NA,NA
"MazmanianS_DeCastroFonsecaM_2","CALTEC-001-167","CALTEC-001-167","Parkinson Disease","NCIT:C26845","feces","UBERON:0001988","Mus musculus","NCBITaxon:10090","Case","NCIT:C49152","68",NA,NA,"Day","NCIT:C25301",NA,NA,NA,NA,"Kaelyn Long","CALTEC-001-167","CALTEC-001-167","Fecal metagenome of lab mouse","QIAamp Fast DNA Stool Mini Kit","WGS","METAGENOMIC","RANDOM","paired","ILLUMINA","Illumina NovaSeq X Plus","435","3/7/25","DNA was isolated from one mouse stool sample pellet using the Qiagen FAST DNA stool mini kit following the manufacturers protocol. Libraries were prepared using the Illumina DNA Prep, (M) Tagmentation (96 Samples, IPB) kit (Illumina, #20060059). Sequencing was performed using Illumina NovaSeq X Plus aiming for 70 million reads per sample, with mean read length of 150 base pairs. Library preparation and Sequencing was performed by Prebiomics. Fastq files were uniformly processed using the curatedMetagenomicsNextflow pipeline (https://github.com/seandavi/curatedMetagenomicsNextflow) specifying the mouse reference genome in Trimmomatic.","fastq",NA,NA,NA,NA,NA,NA,"USA","34.1374596;-118.1268495","4/23/24",NA,NA,"ASO",NA,NA,NA,NA,NA,"/shares/CIBIO-Storage/CM/scratch/data/meta/CM_caltec_001_1024/CALTEC-001-167/CALTEC-001-167_R1.fastq.gz;/shares/CIBIO-Storage/CM/scratch/data/meta/CM_caltec_001_1024/CALTEC-001-167/CALTEC-001-167_R2.fastq.gz;","c7e25a28-8b23-4128-a50e-f62b4d1b192a","Mus Musculus","B2_C2_ASO","68","2","2","collection",NA,NA,NA,NA,NA,NA,NA,NA,NA,NA,NA,NA,NA,NA,NA,NA,NA,NA,NA,NA,NA,NA,NA,NA,NA,NA,NA,NA,NA
"MazmanianS_DeCastroFonsecaM_2","CALTEC-001-168","CALTEC-001-168","Parkinson Disease","NCIT:C26845","feces","UBERON:0001988","Mus musculus","NCBITaxon:10090","Case","NCIT:C49152","68",NA,NA,"Day","NCIT:C25301",NA,NA,NA,NA,"Kaelyn Long","CALTEC-001-168","CALTEC-001-168","Fecal metagenome of lab mouse","QIAamp Fast DNA Stool Mini Kit","WGS","METAGENOMIC","RANDOM","paired","ILLUMINA","Illumina NovaSeq X Plus","435","3/7/25","DNA was isolated from one mouse stool sample pellet using the Qiagen FAST DNA stool mini kit following the manufacturers protocol. Libraries were prepared using the Illumina DNA Prep, (M) Tagmentation (96 Samples, IPB) kit (Illumina, #20060059). Sequencing was performed using Illumina NovaSeq X Plus aiming for 70 million reads per sample, with mean read length of 150 base pairs. Library preparation and Sequencing was performed by Prebiomics. Fastq files were uniformly processed using the curatedMetagenomicsNextflow pipeline (https://github.com/seandavi/curatedMetagenomicsNextflow) specifying the mouse reference genome in Trimmomatic.","fastq",NA,NA,NA,NA,NA,NA,"USA","34.1374596;-118.1268496","4/23/24",NA,NA,"ASO",NA,NA,NA,NA,NA,"/shares/CIBIO-Storage/CM/scratch/data/meta/CM_caltec_001_1024/CALTEC-001-168/CALTEC-001-168_R1.fastq.gz;/shares/CIBIO-Storage/CM/scratch/data/meta/CM_caltec_001_1024/CALTEC-001-168/CALTEC-001-168_R2.fastq.gz;","9d3c3d4b-0f50-4fdd-884d-84bc65cec11b","Mus Musculus","B3_C4_ASO","68","4","3","collection",NA,NA,NA,NA,NA,NA,NA,NA,NA,NA,NA,NA,NA,NA,NA,NA,NA,NA,NA,NA,NA,NA,NA,NA,NA,NA,NA,NA,NA
"MazmanianS_DeCastroFonsecaM_2","CALTEC-001-169","CALTEC-001-169","Parkinson Disease","NCIT:C26845","feces","UBERON:0001988","Mus musculus","NCBITaxon:10090","Case","NCIT:C49152","68",NA,NA,"Day","NCIT:C25301",NA,NA,NA,NA,"Kaelyn Long","CALTEC-001-169","CALTEC-001-169","Fecal metagenome of lab mouse","QIAamp Fast DNA Stool Mini Kit","WGS","METAGENOMIC","RANDOM","paired","ILLUMINA","Illumina NovaSeq X Plus","435","3/7/25","DNA was isolated from one mouse stool sample pellet using the Qiagen FAST DNA stool mini kit following the manufacturers protocol. Libraries were prepared using the Illumina DNA Prep, (M) Tagmentation (96 Samples, IPB) kit (Illumina, #20060059). Sequencing was performed using Illumina NovaSeq X Plus aiming for 70 million reads per sample, with mean read length of 150 base pairs. Library preparation and Sequencing was performed by Prebiomics. Fastq files were uniformly processed using the curatedMetagenomicsNextflow pipeline (https://github.com/seandavi/curatedMetagenomicsNextflow) specifying the mouse reference genome in Trimmomatic.","fastq",NA,NA,NA,NA,NA,NA,"USA","34.1374596;-118.1268497","4/23/24",NA,NA,"ASO",NA,NA,NA,NA,NA,"/shares/CIBIO-Storage/CM/scratch/data/meta/CM_caltec_001_1024/CALTEC-001-169/CALTEC-001-169_R1.fastq.gz;/shares/CIBIO-Storage/CM/scratch/data/meta/CM_caltec_001_1024/CALTEC-001-169/CALTEC-001-169_R2.fastq.gz;","971dd400-e268-4868-85ed-8126b532bfe0","Mus Musculus","B3_C3_ASO","68","3","3","collection",NA,NA,NA,NA,NA,NA,NA,NA,NA,NA,NA,NA,NA,NA,NA,NA,NA,NA,NA,NA,NA,NA,NA,NA,NA,NA,NA,NA,NA
"MazmanianS_DeCastroFonsecaM_2","CALTEC-001-170","CALTEC-001-170","Parkinson Disease","NCIT:C26845","feces","UBERON:0001988","Mus musculus","NCBITaxon:10090","Case","NCIT:C49152","68",NA,NA,"Day","NCIT:C25301",NA,NA,NA,NA,"Kaelyn Long","CALTEC-001-170","CALTEC-001-170","Fecal metagenome of lab mouse","QIAamp Fast DNA Stool Mini Kit","WGS","METAGENOMIC","RANDOM","paired","ILLUMINA","Illumina NovaSeq X Plus","435","3/7/25","DNA was isolated from one mouse stool sample pellet using the Qiagen FAST DNA stool mini kit following the manufacturers protocol. Libraries were prepared using the Illumina DNA Prep, (M) Tagmentation (96 Samples, IPB) kit (Illumina, #20060059). Sequencing was performed using Illumina NovaSeq X Plus aiming for 70 million reads per sample, with mean read length of 150 base pairs. Library preparation and Sequencing was performed by Prebiomics. Fastq files were uniformly processed using the curatedMetagenomicsNextflow pipeline (https://github.com/seandavi/curatedMetagenomicsNextflow) specifying the mouse reference genome in Trimmomatic.","fastq",NA,NA,NA,NA,NA,NA,"USA","34.1374596;-118.1268498","4/23/24",NA,NA,"ASO",NA,NA,NA,NA,NA,"/shares/CIBIO-Storage/CM/scratch/data/meta/CM_caltec_001_1024/CALTEC-001-170/CALTEC-001-170_R1.fastq.gz;/shares/CIBIO-Storage/CM/scratch/data/meta/CM_caltec_001_1024/CALTEC-001-170/CALTEC-001-170_R2.fastq.gz;","8e21f860-08ef-45a7-a5b5-b4d328a422f1","Mus Musculus","B4_C3_ASO","68","3","4","collection",NA,NA,NA,NA,NA,NA,NA,NA,NA,NA,NA,NA,NA,NA,NA,NA,NA,NA,NA,NA,NA,NA,NA,NA,NA,NA,NA,NA,NA
"MazmanianS_DeCastroFonsecaM_2","CALTEC-001-171","CALTEC-001-171","Parkinson Disease","NCIT:C26845","feces","UBERON:0001988","Mus musculus","NCBITaxon:10090","Case","NCIT:C49152","68",NA,NA,"Day","NCIT:C25301",NA,NA,NA,NA,"Kaelyn Long","CALTEC-001-171","CALTEC-001-171","Fecal metagenome of lab mouse","QIAamp Fast DNA Stool Mini Kit","WGS","METAGENOMIC","RANDOM","paired","ILLUMINA","Illumina NovaSeq X Plus","435","3/7/25","DNA was isolated from one mouse stool sample pellet using the Qiagen FAST DNA stool mini kit following the manufacturers protocol. Libraries were prepared using the Illumina DNA Prep, (M) Tagmentation (96 Samples, IPB) kit (Illumina, #20060059). Sequencing was performed using Illumina NovaSeq X Plus aiming for 70 million reads per sample, with mean read length of 150 base pairs. Library preparation and Sequencing was performed by Prebiomics. Fastq files were uniformly processed using the curatedMetagenomicsNextflow pipeline (https://github.com/seandavi/curatedMetagenomicsNextflow) specifying the mouse reference genome in Trimmomatic.","fastq",NA,NA,NA,NA,NA,NA,"USA","34.1374596;-118.1268499","4/23/24",NA,NA,"ASO",NA,NA,NA,NA,NA,"/shares/CIBIO-Storage/CM/scratch/data/meta/CM_caltec_001_1024/CALTEC-001-171/CALTEC-001-171_R1.fastq.gz;/shares/CIBIO-Storage/CM/scratch/data/meta/CM_caltec_001_1024/CALTEC-001-171/CALTEC-001-171_R2.fastq.gz;","85db1888-9bd7-439a-ac5f-9b341146a71d","Mus Musculus","B4_C4_ASO","68","4","4","collection",NA,NA,NA,NA,NA,NA,NA,NA,NA,NA,NA,NA,NA,NA,NA,NA,NA,NA,NA,NA,NA,NA,NA,NA,NA,NA,NA,NA,NA
"MazmanianS_DeCastroFonsecaM_2","CALTEC-001-172","CALTEC-001-172","Parkinson Disease","NCIT:C26845","feces","UBERON:0001988","Mus musculus","NCBITaxon:10090","Study Control","NCIT:C142703","68",NA,NA,"Day","NCIT:C25301",NA,NA,NA,NA,"Kaelyn Long","CALTEC-001-172","CALTEC-001-172","Fecal metagenome of lab mouse","QIAamp Fast DNA Stool Mini Kit","WGS","METAGENOMIC","RANDOM","paired","ILLUMINA","Illumina NovaSeq X Plus","435","3/7/25","DNA was isolated from one mouse stool sample pellet using the Qiagen FAST DNA stool mini kit following the manufacturers protocol. Libraries were prepared using the Illumina DNA Prep, (M) Tagmentation (96 Samples, IPB) kit (Illumina, #20060059). Sequencing was performed using Illumina NovaSeq X Plus aiming for 70 million reads per sample, with mean read length of 150 base pairs. Library preparation and Sequencing was performed by Prebiomics. Fastq files were uniformly processed using the curatedMetagenomicsNextflow pipeline (https://github.com/seandavi/curatedMetagenomicsNextflow) specifying the mouse reference genome in Trimmomatic.","fastq",NA,NA,NA,NA,NA,NA,"USA","34.1374596;-118.1268500","4/23/24",NA,NA,"WT",NA,NA,NA,NA,NA,"/shares/CIBIO-Storage/CM/scratch/data/meta/CM_caltec_001_1024/CALTEC-001-172/CALTEC-001-172_R1.fastq.gz;/shares/CIBIO-Storage/CM/scratch/data/meta/CM_caltec_001_1024/CALTEC-001-172/CALTEC-001-172_R2.fastq.gz;","4335467b-ce4b-4d68-8e3c-6463abdcb55d","Mus Musculus","B4_C4_WT","68","4","4","collection",NA,NA,NA,NA,NA,NA,NA,NA,NA,NA,NA,NA,NA,NA,NA,NA,NA,NA,NA,NA,NA,NA,NA,NA,NA,NA,NA,NA,NA
"MazmanianS_DeCastroFonsecaM_2","CALTEC-001-173","CALTEC-001-173","Parkinson Disease","NCIT:C26845","feces","UBERON:0001988","Mus musculus","NCBITaxon:10090","Case","NCIT:C49152","70",NA,NA,"Day","NCIT:C25301",NA,NA,NA,NA,"Kaelyn Long","CALTEC-001-173","CALTEC-001-173","Fecal metagenome of lab mouse","QIAamp Fast DNA Stool Mini Kit","WGS","METAGENOMIC","RANDOM","paired","ILLUMINA","Illumina NovaSeq X Plus","435","3/7/25","DNA was isolated from one mouse stool sample pellet using the Qiagen FAST DNA stool mini kit following the manufacturers protocol. Libraries were prepared using the Illumina DNA Prep, (M) Tagmentation (96 Samples, IPB) kit (Illumina, #20060059). Sequencing was performed using Illumina NovaSeq X Plus aiming for 70 million reads per sample, with mean read length of 150 base pairs. Library preparation and Sequencing was performed by Prebiomics. Fastq files were uniformly processed using the curatedMetagenomicsNextflow pipeline (https://github.com/seandavi/curatedMetagenomicsNextflow) specifying the mouse reference genome in Trimmomatic.","fastq",NA,NA,NA,NA,NA,NA,"USA","34.1374596;-118.1268501","4/25/24",NA,NA,"ASO",NA,NA,NA,NA,NA,"/shares/CIBIO-Storage/CM/scratch/data/meta/CM_caltec_001_1024/CALTEC-001-173/CALTEC-001-173_R1.fastq.gz;/shares/CIBIO-Storage/CM/scratch/data/meta/CM_caltec_001_1024/CALTEC-001-173/CALTEC-001-173_R2.fastq.gz;","36b8cabd-0708-4751-a2b8-919bc8b67fb7","Mus Musculus","B1_C1_ASO","70","1","1","collection",NA,NA,NA,NA,NA,NA,NA,NA,NA,NA,NA,NA,NA,NA,NA,NA,NA,NA,NA,NA,NA,NA,NA,NA,NA,NA,NA,NA,NA
"MazmanianS_DeCastroFonsecaM_2","CALTEC-001-174","CALTEC-001-174","Parkinson Disease","NCIT:C26845","feces","UBERON:0001988","Mus musculus","NCBITaxon:10090","Study Control","NCIT:C142703","70",NA,NA,"Day","NCIT:C25301",NA,NA,NA,NA,"Kaelyn Long","CALTEC-001-174","CALTEC-001-174","Fecal metagenome of lab mouse","QIAamp Fast DNA Stool Mini Kit","WGS","METAGENOMIC","RANDOM","paired","ILLUMINA","Illumina NovaSeq X Plus","435","3/7/25","DNA was isolated from one mouse stool sample pellet using the Qiagen FAST DNA stool mini kit following the manufacturers protocol. Libraries were prepared using the Illumina DNA Prep, (M) Tagmentation (96 Samples, IPB) kit (Illumina, #20060059). Sequencing was performed using Illumina NovaSeq X Plus aiming for 70 million reads per sample, with mean read length of 150 base pairs. Library preparation and Sequencing was performed by Prebiomics. Fastq files were uniformly processed using the curatedMetagenomicsNextflow pipeline (https://github.com/seandavi/curatedMetagenomicsNextflow) specifying the mouse reference genome in Trimmomatic.","fastq",NA,NA,NA,NA,NA,NA,"USA","34.1374596;-118.1268502","4/25/24",NA,NA,"WT",NA,NA,NA,NA,NA,"/shares/CIBIO-Storage/CM/scratch/data/meta/CM_caltec_001_1024/CALTEC-001-174/CALTEC-001-174_R1.fastq.gz;/shares/CIBIO-Storage/CM/scratch/data/meta/CM_caltec_001_1024/CALTEC-001-174/CALTEC-001-174_R2.fastq.gz;","bbdbce2e-b4ce-42ab-a940-e09dbedc0656","Mus Musculus","B1_C1_WT","70","1","1","collection",NA,NA,NA,NA,NA,NA,NA,NA,NA,NA,NA,NA,NA,NA,NA,NA,NA,NA,NA,NA,NA,NA,NA,NA,NA,NA,NA,NA,NA
"MazmanianS_DeCastroFonsecaM_2","CALTEC-001-175","CALTEC-001-175","Parkinson Disease","NCIT:C26845","feces","UBERON:0001988","Mus musculus","NCBITaxon:10090","Study Control","NCIT:C142703","70",NA,NA,"Day","NCIT:C25301",NA,NA,NA,NA,"Kaelyn Long","CALTEC-001-175","CALTEC-001-175","Fecal metagenome of lab mouse","QIAamp Fast DNA Stool Mini Kit","WGS","METAGENOMIC","RANDOM","paired","ILLUMINA","Illumina NovaSeq X Plus","435","3/7/25","DNA was isolated from one mouse stool sample pellet using the Qiagen FAST DNA stool mini kit following the manufacturers protocol. Libraries were prepared using the Illumina DNA Prep, (M) Tagmentation (96 Samples, IPB) kit (Illumina, #20060059). Sequencing was performed using Illumina NovaSeq X Plus aiming for 70 million reads per sample, with mean read length of 150 base pairs. Library preparation and Sequencing was performed by Prebiomics. Fastq files were uniformly processed using the curatedMetagenomicsNextflow pipeline (https://github.com/seandavi/curatedMetagenomicsNextflow) specifying the mouse reference genome in Trimmomatic.","fastq",NA,NA,NA,NA,NA,NA,"USA","34.1374596;-118.1268503","4/25/24",NA,NA,"WT",NA,NA,NA,NA,NA,"/shares/CIBIO-Storage/CM/scratch/data/meta/CM_caltec_001_1024/CALTEC-001-175/CALTEC-001-175_R1.fastq.gz;/shares/CIBIO-Storage/CM/scratch/data/meta/CM_caltec_001_1024/CALTEC-001-175/CALTEC-001-175_R2.fastq.gz;","d4022a3e-d849-4377-8af1-b23d4a6db7e9","Mus Musculus","B1_C2_WT","70","2","1","collection",NA,NA,NA,NA,NA,NA,NA,NA,NA,NA,NA,NA,NA,NA,NA,NA,NA,NA,NA,NA,NA,NA,NA,NA,NA,NA,NA,NA,NA
"MazmanianS_DeCastroFonsecaM_2","CALTEC-001-176","CALTEC-001-176","Parkinson Disease","NCIT:C26845","feces","UBERON:0001988","Mus musculus","NCBITaxon:10090","Case","NCIT:C49152","70",NA,NA,"Day","NCIT:C25301",NA,NA,NA,NA,"Kaelyn Long","CALTEC-001-176","CALTEC-001-176","Fecal metagenome of lab mouse","QIAamp Fast DNA Stool Mini Kit","WGS","METAGENOMIC","RANDOM","paired","ILLUMINA","Illumina NovaSeq X Plus","435","3/7/25","DNA was isolated from one mouse stool sample pellet using the Qiagen FAST DNA stool mini kit following the manufacturers protocol. Libraries were prepared using the Illumina DNA Prep, (M) Tagmentation (96 Samples, IPB) kit (Illumina, #20060059). Sequencing was performed using Illumina NovaSeq X Plus aiming for 70 million reads per sample, with mean read length of 150 base pairs. Library preparation and Sequencing was performed by Prebiomics. Fastq files were uniformly processed using the curatedMetagenomicsNextflow pipeline (https://github.com/seandavi/curatedMetagenomicsNextflow) specifying the mouse reference genome in Trimmomatic.","fastq",NA,NA,NA,NA,NA,NA,"USA","34.1374596;-118.1268504","4/25/24",NA,NA,"ASO",NA,NA,NA,NA,NA,"/shares/CIBIO-Storage/CM/scratch/data/meta/CM_caltec_001_1024/CALTEC-001-176/CALTEC-001-176_R1.fastq.gz;/shares/CIBIO-Storage/CM/scratch/data/meta/CM_caltec_001_1024/CALTEC-001-176/CALTEC-001-176_R2.fastq.gz;","405cbf85-785b-4e41-be78-81c5e48e679c","Mus Musculus","B1_C2_ASO","70","2","1","collection",NA,NA,NA,NA,NA,NA,NA,NA,NA,NA,NA,NA,NA,NA,NA,NA,NA,NA,NA,NA,NA,NA,NA,NA,NA,NA,NA,NA,NA
"MazmanianS_DeCastroFonsecaM_2","CALTEC-001-177","CALTEC-001-177","Parkinson Disease","NCIT:C26845","feces","UBERON:0001988","Mus musculus","NCBITaxon:10090","Study Control","NCIT:C142703","70",NA,NA,"Day","NCIT:C25301",NA,NA,NA,NA,"Kaelyn Long","CALTEC-001-177","CALTEC-001-177","Fecal metagenome of lab mouse","QIAamp Fast DNA Stool Mini Kit","WGS","METAGENOMIC","RANDOM","paired","ILLUMINA","Illumina NovaSeq X Plus","435","3/7/25","DNA was isolated from one mouse stool sample pellet using the Qiagen FAST DNA stool mini kit following the manufacturers protocol. Libraries were prepared using the Illumina DNA Prep, (M) Tagmentation (96 Samples, IPB) kit (Illumina, #20060059). Sequencing was performed using Illumina NovaSeq X Plus aiming for 70 million reads per sample, with mean read length of 150 base pairs. Library preparation and Sequencing was performed by Prebiomics. Fastq files were uniformly processed using the curatedMetagenomicsNextflow pipeline (https://github.com/seandavi/curatedMetagenomicsNextflow) specifying the mouse reference genome in Trimmomatic.","fastq",NA,NA,NA,NA,NA,NA,"USA","34.1374596;-118.1268505","4/25/24",NA,NA,"WT",NA,NA,NA,NA,NA,"/shares/CIBIO-Storage/CM/scratch/data/meta/CM_caltec_001_1024/CALTEC-001-177/CALTEC-001-177_R1.fastq.gz;/shares/CIBIO-Storage/CM/scratch/data/meta/CM_caltec_001_1024/CALTEC-001-177/CALTEC-001-177_R2.fastq.gz;","b193951c-75a9-41ef-9c92-63a89381d35e","Mus Musculus","B1_C1_WT","70","1","1","collection",NA,NA,NA,NA,NA,NA,NA,NA,NA,NA,NA,NA,NA,NA,NA,NA,NA,NA,NA,NA,NA,NA,NA,NA,NA,NA,NA,NA,NA
"MazmanianS_DeCastroFonsecaM_2","CALTEC-001-178","CALTEC-001-178","Parkinson Disease","NCIT:C26845","feces","UBERON:0001988","Mus musculus","NCBITaxon:10090","Study Control","NCIT:C142703","70",NA,NA,"Day","NCIT:C25301",NA,NA,NA,NA,"Kaelyn Long","CALTEC-001-178","CALTEC-001-178","Fecal metagenome of lab mouse","QIAamp Fast DNA Stool Mini Kit","WGS","METAGENOMIC","RANDOM","paired","ILLUMINA","Illumina NovaSeq X Plus","435","3/7/25","DNA was isolated from one mouse stool sample pellet using the Qiagen FAST DNA stool mini kit following the manufacturers protocol. Libraries were prepared using the Illumina DNA Prep, (M) Tagmentation (96 Samples, IPB) kit (Illumina, #20060059). Sequencing was performed using Illumina NovaSeq X Plus aiming for 70 million reads per sample, with mean read length of 150 base pairs. Library preparation and Sequencing was performed by Prebiomics. Fastq files were uniformly processed using the curatedMetagenomicsNextflow pipeline (https://github.com/seandavi/curatedMetagenomicsNextflow) specifying the mouse reference genome in Trimmomatic.","fastq",NA,NA,NA,NA,NA,NA,"USA","34.1374596;-118.1268506","4/25/24",NA,NA,"WT",NA,NA,NA,NA,NA,"/shares/CIBIO-Storage/CM/scratch/data/meta/CM_caltec_001_1024/CALTEC-001-178/CALTEC-001-178_R1.fastq.gz;/shares/CIBIO-Storage/CM/scratch/data/meta/CM_caltec_001_1024/CALTEC-001-178/CALTEC-001-178_R2.fastq.gz;","3d470bef-983d-4894-80a0-115472f79487","Mus Musculus","B2_C1_WT","70","1","2","collection",NA,NA,NA,NA,NA,NA,NA,NA,NA,NA,NA,NA,NA,NA,NA,NA,NA,NA,NA,NA,NA,NA,NA,NA,NA,NA,NA,NA,NA
"MazmanianS_DeCastroFonsecaM_2","CALTEC-001-179","CALTEC-001-179","Parkinson Disease","NCIT:C26845","feces","UBERON:0001988","Mus musculus","NCBITaxon:10090","Case","NCIT:C49152","70",NA,NA,"Day","NCIT:C25301",NA,NA,NA,NA,"Kaelyn Long","CALTEC-001-179","CALTEC-001-179","Fecal metagenome of lab mouse","QIAamp Fast DNA Stool Mini Kit","WGS","METAGENOMIC","RANDOM","paired","ILLUMINA","Illumina NovaSeq X Plus","435","3/7/25","DNA was isolated from one mouse stool sample pellet using the Qiagen FAST DNA stool mini kit following the manufacturers protocol. Libraries were prepared using the Illumina DNA Prep, (M) Tagmentation (96 Samples, IPB) kit (Illumina, #20060059). Sequencing was performed using Illumina NovaSeq X Plus aiming for 70 million reads per sample, with mean read length of 150 base pairs. Library preparation and Sequencing was performed by Prebiomics. Fastq files were uniformly processed using the curatedMetagenomicsNextflow pipeline (https://github.com/seandavi/curatedMetagenomicsNextflow) specifying the mouse reference genome in Trimmomatic.","fastq",NA,NA,NA,NA,NA,NA,"USA","34.1374596;-118.1268507","4/25/24",NA,NA,"ASO",NA,NA,NA,NA,NA,"/shares/CIBIO-Storage/CM/scratch/data/meta/CM_caltec_001_1024/CALTEC-001-179/CALTEC-001-179_R1.fastq.gz;/shares/CIBIO-Storage/CM/scratch/data/meta/CM_caltec_001_1024/CALTEC-001-179/CALTEC-001-179_R2.fastq.gz;","a15e5e57-b3d2-4d1f-8dd8-a7c18f1ffae6","Mus Musculus","B2_C1_ASO","70","1","2","collection",NA,NA,NA,NA,NA,NA,NA,NA,NA,NA,NA,NA,NA,NA,NA,NA,NA,NA,NA,NA,NA,NA,NA,NA,NA,NA,NA,NA,NA
"MazmanianS_DeCastroFonsecaM_2","CALTEC-001-180","CALTEC-001-180","Parkinson Disease","NCIT:C26845","feces","UBERON:0001988","Mus musculus","NCBITaxon:10090","Study Control","NCIT:C142703","70",NA,NA,"Day","NCIT:C25301",NA,NA,NA,NA,"Kaelyn Long","CALTEC-001-180","CALTEC-001-180","Fecal metagenome of lab mouse","QIAamp Fast DNA Stool Mini Kit","WGS","METAGENOMIC","RANDOM","paired","ILLUMINA","Illumina NovaSeq X Plus","435","3/7/25","DNA was isolated from one mouse stool sample pellet using the Qiagen FAST DNA stool mini kit following the manufacturers protocol. Libraries were prepared using the Illumina DNA Prep, (M) Tagmentation (96 Samples, IPB) kit (Illumina, #20060059). Sequencing was performed using Illumina NovaSeq X Plus aiming for 70 million reads per sample, with mean read length of 150 base pairs. Library preparation and Sequencing was performed by Prebiomics. Fastq files were uniformly processed using the curatedMetagenomicsNextflow pipeline (https://github.com/seandavi/curatedMetagenomicsNextflow) specifying the mouse reference genome in Trimmomatic.","fastq",NA,NA,NA,NA,NA,NA,"USA","34.1374596;-118.1268508","4/25/24",NA,NA,"WT",NA,NA,NA,NA,NA,"/shares/CIBIO-Storage/CM/scratch/data/meta/CM_caltec_001_1024/CALTEC-001-180/CALTEC-001-180_R1.fastq.gz;/shares/CIBIO-Storage/CM/scratch/data/meta/CM_caltec_001_1024/CALTEC-001-180/CALTEC-001-180_R2.fastq.gz;","baeceb40-6ea8-4eae-a95f-141031d85651","Mus Musculus","B2_C2_WT","70","2","2","collection",NA,NA,NA,NA,NA,NA,NA,NA,NA,NA,NA,NA,NA,NA,NA,NA,NA,NA,NA,NA,NA,NA,NA,NA,NA,NA,NA,NA,NA
"MazmanianS_DeCastroFonsecaM_2","CALTEC-001-181","CALTEC-001-181","Parkinson Disease","NCIT:C26845","feces","UBERON:0001988","Mus musculus","NCBITaxon:10090","Case","NCIT:C49152","70",NA,NA,"Day","NCIT:C25301",NA,NA,NA,NA,"Kaelyn Long","CALTEC-001-181","CALTEC-001-181","Fecal metagenome of lab mouse","QIAamp Fast DNA Stool Mini Kit","WGS","METAGENOMIC","RANDOM","paired","ILLUMINA","Illumina NovaSeq X Plus","435","3/7/25","DNA was isolated from one mouse stool sample pellet using the Qiagen FAST DNA stool mini kit following the manufacturers protocol. Libraries were prepared using the Illumina DNA Prep, (M) Tagmentation (96 Samples, IPB) kit (Illumina, #20060059). Sequencing was performed using Illumina NovaSeq X Plus aiming for 70 million reads per sample, with mean read length of 150 base pairs. Library preparation and Sequencing was performed by Prebiomics. Fastq files were uniformly processed using the curatedMetagenomicsNextflow pipeline (https://github.com/seandavi/curatedMetagenomicsNextflow) specifying the mouse reference genome in Trimmomatic.","fastq",NA,NA,NA,NA,NA,NA,"USA","34.1374596;-118.1268509","4/25/24",NA,NA,"ASO",NA,NA,NA,NA,NA,"/shares/CIBIO-Storage/CM/scratch/data/meta/CM_caltec_001_1024/CALTEC-001-181/CALTEC-001-181_R1.fastq.gz;/shares/CIBIO-Storage/CM/scratch/data/meta/CM_caltec_001_1024/CALTEC-001-181/CALTEC-001-181_R2.fastq.gz;","80ea47dd-69f5-4537-bad8-0fdc3d8f4806","Mus Musculus","B2_C2_ASO","70","2","2","collection",NA,NA,NA,NA,NA,NA,NA,NA,NA,NA,NA,NA,NA,NA,NA,NA,NA,NA,NA,NA,NA,NA,NA,NA,NA,NA,NA,NA,NA
"MazmanianS_DeCastroFonsecaM_2","CALTEC-001-182","CALTEC-001-182","Parkinson Disease","NCIT:C26845","feces","UBERON:0001988","Mus musculus","NCBITaxon:10090","Case","NCIT:C49152","70",NA,NA,"Day","NCIT:C25301",NA,NA,NA,NA,"Kaelyn Long","CALTEC-001-182","CALTEC-001-182","Fecal metagenome of lab mouse","QIAamp Fast DNA Stool Mini Kit","WGS","METAGENOMIC","RANDOM","paired","ILLUMINA","Illumina NovaSeq X Plus","435","3/7/25","DNA was isolated from one mouse stool sample pellet using the Qiagen FAST DNA stool mini kit following the manufacturers protocol. Libraries were prepared using the Illumina DNA Prep, (M) Tagmentation (96 Samples, IPB) kit (Illumina, #20060059). Sequencing was performed using Illumina NovaSeq X Plus aiming for 70 million reads per sample, with mean read length of 150 base pairs. Library preparation and Sequencing was performed by Prebiomics. Fastq files were uniformly processed using the curatedMetagenomicsNextflow pipeline (https://github.com/seandavi/curatedMetagenomicsNextflow) specifying the mouse reference genome in Trimmomatic.","fastq",NA,NA,NA,NA,NA,NA,"USA","34.1374596;-118.1268510","4/25/24",NA,NA,"ASO",NA,NA,NA,NA,NA,"/shares/CIBIO-Storage/CM/scratch/data/meta/CM_caltec_001_1024/CALTEC-001-182/CALTEC-001-182_R1.fastq.gz;/shares/CIBIO-Storage/CM/scratch/data/meta/CM_caltec_001_1024/CALTEC-001-182/CALTEC-001-182_R2.fastq.gz;","801c78e2-007a-4c34-b11b-ef393b594a3e","Mus Musculus","B3_C4_ASO","70","4","3","collection",NA,NA,NA,NA,NA,NA,NA,NA,NA,NA,NA,NA,NA,NA,NA,NA,NA,NA,NA,NA,NA,NA,NA,NA,NA,NA,NA,NA,NA
"MazmanianS_DeCastroFonsecaM_2","CALTEC-001-183","CALTEC-001-183","Parkinson Disease","NCIT:C26845","feces","UBERON:0001988","Mus musculus","NCBITaxon:10090","Case","NCIT:C49152","70",NA,NA,"Day","NCIT:C25301",NA,NA,NA,NA,"Kaelyn Long","CALTEC-001-183","CALTEC-001-183","Fecal metagenome of lab mouse","QIAamp Fast DNA Stool Mini Kit","WGS","METAGENOMIC","RANDOM","paired","ILLUMINA","Illumina NovaSeq X Plus","435","3/7/25","DNA was isolated from one mouse stool sample pellet using the Qiagen FAST DNA stool mini kit following the manufacturers protocol. Libraries were prepared using the Illumina DNA Prep, (M) Tagmentation (96 Samples, IPB) kit (Illumina, #20060059). Sequencing was performed using Illumina NovaSeq X Plus aiming for 70 million reads per sample, with mean read length of 150 base pairs. Library preparation and Sequencing was performed by Prebiomics. Fastq files were uniformly processed using the curatedMetagenomicsNextflow pipeline (https://github.com/seandavi/curatedMetagenomicsNextflow) specifying the mouse reference genome in Trimmomatic.","fastq",NA,NA,NA,NA,NA,NA,"USA","34.1374596;-118.1268511","4/25/24",NA,NA,"ASO",NA,NA,NA,NA,NA,"/shares/CIBIO-Storage/CM/scratch/data/meta/CM_caltec_001_1024/CALTEC-001-183/CALTEC-001-183_R1.fastq.gz;/shares/CIBIO-Storage/CM/scratch/data/meta/CM_caltec_001_1024/CALTEC-001-183/CALTEC-001-183_R2.fastq.gz;","de242b5b-5da9-41aa-bde7-97dfb3617a54","Mus Musculus","B3_C3_ASO","70","3","3","collection",NA,NA,NA,NA,NA,NA,NA,NA,NA,NA,NA,NA,NA,NA,NA,NA,NA,NA,NA,NA,NA,NA,NA,NA,NA,NA,NA,NA,NA
"MazmanianS_DeCastroFonsecaM_2","CALTEC-001-184","CALTEC-001-184","Parkinson Disease","NCIT:C26845","feces","UBERON:0001988","Mus musculus","NCBITaxon:10090","Case","NCIT:C49152","70",NA,NA,"Day","NCIT:C25301",NA,NA,NA,NA,"Kaelyn Long","CALTEC-001-184","CALTEC-001-184","Fecal metagenome of lab mouse","QIAamp Fast DNA Stool Mini Kit","WGS","METAGENOMIC","RANDOM","paired","ILLUMINA","Illumina NovaSeq X Plus","435","3/7/25","DNA was isolated from one mouse stool sample pellet using the Qiagen FAST DNA stool mini kit following the manufacturers protocol. Libraries were prepared using the Illumina DNA Prep, (M) Tagmentation (96 Samples, IPB) kit (Illumina, #20060059). Sequencing was performed using Illumina NovaSeq X Plus aiming for 70 million reads per sample, with mean read length of 150 base pairs. Library preparation and Sequencing was performed by Prebiomics. Fastq files were uniformly processed using the curatedMetagenomicsNextflow pipeline (https://github.com/seandavi/curatedMetagenomicsNextflow) specifying the mouse reference genome in Trimmomatic.","fastq",NA,NA,NA,NA,NA,NA,"USA","34.1374596;-118.1268512","4/25/24",NA,NA,"ASO",NA,NA,NA,NA,NA,"/shares/CIBIO-Storage/CM/scratch/data/meta/CM_caltec_001_1024/CALTEC-001-184/CALTEC-001-184_R1.fastq.gz;/shares/CIBIO-Storage/CM/scratch/data/meta/CM_caltec_001_1024/CALTEC-001-184/CALTEC-001-184_R2.fastq.gz;","cb29c85d-57a8-447a-a18e-cb124f70a090","Mus Musculus","B4_C3_ASO","70","3","4","collection",NA,NA,NA,NA,NA,NA,NA,NA,NA,NA,NA,NA,NA,NA,NA,NA,NA,NA,NA,NA,NA,NA,NA,NA,NA,NA,NA,NA,NA
"MazmanianS_DeCastroFonsecaM_2","CALTEC-001-185","CALTEC-001-185","Parkinson Disease","NCIT:C26845","feces","UBERON:0001988","Mus musculus","NCBITaxon:10090","Case","NCIT:C49152","70",NA,NA,"Day","NCIT:C25301",NA,NA,NA,NA,"Kaelyn Long","CALTEC-001-185","CALTEC-001-185","Fecal metagenome of lab mouse","QIAamp Fast DNA Stool Mini Kit","WGS","METAGENOMIC","RANDOM","paired","ILLUMINA","Illumina NovaSeq X Plus","435","3/7/25","DNA was isolated from one mouse stool sample pellet using the Qiagen FAST DNA stool mini kit following the manufacturers protocol. Libraries were prepared using the Illumina DNA Prep, (M) Tagmentation (96 Samples, IPB) kit (Illumina, #20060059). Sequencing was performed using Illumina NovaSeq X Plus aiming for 70 million reads per sample, with mean read length of 150 base pairs. Library preparation and Sequencing was performed by Prebiomics. Fastq files were uniformly processed using the curatedMetagenomicsNextflow pipeline (https://github.com/seandavi/curatedMetagenomicsNextflow) specifying the mouse reference genome in Trimmomatic.","fastq",NA,NA,NA,NA,NA,NA,"USA","34.1374596;-118.1268513","4/25/24",NA,NA,"ASO",NA,NA,NA,NA,NA,"/shares/CIBIO-Storage/CM/scratch/data/meta/CM_caltec_001_1024/CALTEC-001-185/CALTEC-001-185_R1.fastq.gz;/shares/CIBIO-Storage/CM/scratch/data/meta/CM_caltec_001_1024/CALTEC-001-185/CALTEC-001-185_R2.fastq.gz;","fb8f431e-2556-4960-a2a4-4c55576db05e","Mus Musculus","B4_C4_ASO","70","4","4","collection",NA,NA,NA,NA,NA,NA,NA,NA,NA,NA,NA,NA,NA,NA,NA,NA,NA,NA,NA,NA,NA,NA,NA,NA,NA,NA,NA,NA,NA
"MazmanianS_DeCastroFonsecaM_2","CALTEC-001-186","CALTEC-001-186","Parkinson Disease","NCIT:C26845","feces","UBERON:0001988","Mus musculus","NCBITaxon:10090","Study Control","NCIT:C142703","70",NA,NA,"Day","NCIT:C25301",NA,NA,NA,NA,"Kaelyn Long","CALTEC-001-186","CALTEC-001-186","Fecal metagenome of lab mouse","QIAamp Fast DNA Stool Mini Kit","WGS","METAGENOMIC","RANDOM","paired","ILLUMINA","Illumina NovaSeq X Plus","435","3/7/25","DNA was isolated from one mouse stool sample pellet using the Qiagen FAST DNA stool mini kit following the manufacturers protocol. Libraries were prepared using the Illumina DNA Prep, (M) Tagmentation (96 Samples, IPB) kit (Illumina, #20060059). Sequencing was performed using Illumina NovaSeq X Plus aiming for 70 million reads per sample, with mean read length of 150 base pairs. Library preparation and Sequencing was performed by Prebiomics. Fastq files were uniformly processed using the curatedMetagenomicsNextflow pipeline (https://github.com/seandavi/curatedMetagenomicsNextflow) specifying the mouse reference genome in Trimmomatic.","fastq",NA,NA,NA,NA,NA,NA,"USA","34.1374596;-118.1268514","4/25/24",NA,NA,"WT",NA,NA,NA,NA,NA,"/shares/CIBIO-Storage/CM/scratch/data/meta/CM_caltec_001_1024/CALTEC-001-186/CALTEC-001-186_R1.fastq.gz;/shares/CIBIO-Storage/CM/scratch/data/meta/CM_caltec_001_1024/CALTEC-001-186/CALTEC-001-186_R2.fastq.gz;","0c1646b3-e07b-47b2-881c-435eb0184b1d","Mus Musculus","B4_C4_WT","70","4","4","collection",NA,NA,NA,NA,NA,NA,NA,NA,NA,NA,NA,NA,NA,NA,NA,NA,NA,NA,NA,NA,NA,NA,NA,NA,NA,NA,NA,NA,NA
"MazmanianS_DeCastroFonsecaM_2","CALTEC-001-187","CALTEC-001-187","Parkinson Disease","NCIT:C26845","feces","UBERON:0001988","Mus musculus","NCBITaxon:10090","Case","NCIT:C49152","78",NA,NA,"Day","NCIT:C25301",NA,NA,NA,NA,"Kaelyn Long","CALTEC-001-187","CALTEC-001-187","Fecal metagenome of lab mouse","QIAamp Fast DNA Stool Mini Kit","WGS","METAGENOMIC","RANDOM","paired","ILLUMINA","Illumina NovaSeq X Plus","435","3/7/25","DNA was isolated from one mouse stool sample pellet using the Qiagen FAST DNA stool mini kit following the manufacturers protocol. Libraries were prepared using the Illumina DNA Prep, (M) Tagmentation (96 Samples, IPB) kit (Illumina, #20060059). Sequencing was performed using Illumina NovaSeq X Plus aiming for 70 million reads per sample, with mean read length of 150 base pairs. Library preparation and Sequencing was performed by Prebiomics. Fastq files were uniformly processed using the curatedMetagenomicsNextflow pipeline (https://github.com/seandavi/curatedMetagenomicsNextflow) specifying the mouse reference genome in Trimmomatic.","fastq",NA,NA,NA,NA,NA,NA,"USA","34.1374596;-118.1268515","5/3/24",NA,NA,"ASO",NA,NA,NA,NA,NA,"/shares/CIBIO-Storage/CM/scratch/data/meta/CM_caltec_001_1024/CALTEC-001-187/CALTEC-001-187_R1.fastq.gz;/shares/CIBIO-Storage/CM/scratch/data/meta/CM_caltec_001_1024/CALTEC-001-187/CALTEC-001-187_R2.fastq.gz;","2981f811-cd41-4174-92bf-7f52177f30d3","Mus Musculus","B1_C1_ASO","78","1","1","collection",NA,NA,NA,NA,NA,NA,NA,NA,NA,NA,NA,NA,NA,NA,NA,NA,NA,NA,NA,NA,NA,NA,NA,NA,NA,NA,NA,NA,NA
"MazmanianS_DeCastroFonsecaM_2","CALTEC-001-188","CALTEC-001-188","Parkinson Disease","NCIT:C26845","feces","UBERON:0001988","Mus musculus","NCBITaxon:10090","Study Control","NCIT:C142703","78",NA,NA,"Day","NCIT:C25301",NA,NA,NA,NA,"Kaelyn Long","CALTEC-001-188","CALTEC-001-188","Fecal metagenome of lab mouse","QIAamp Fast DNA Stool Mini Kit","WGS","METAGENOMIC","RANDOM","paired","ILLUMINA","Illumina NovaSeq X Plus","435","3/7/25","DNA was isolated from one mouse stool sample pellet using the Qiagen FAST DNA stool mini kit following the manufacturers protocol. Libraries were prepared using the Illumina DNA Prep, (M) Tagmentation (96 Samples, IPB) kit (Illumina, #20060059). Sequencing was performed using Illumina NovaSeq X Plus aiming for 70 million reads per sample, with mean read length of 150 base pairs. Library preparation and Sequencing was performed by Prebiomics. Fastq files were uniformly processed using the curatedMetagenomicsNextflow pipeline (https://github.com/seandavi/curatedMetagenomicsNextflow) specifying the mouse reference genome in Trimmomatic.","fastq",NA,NA,NA,NA,NA,NA,"USA","34.1374596;-118.1268516","5/3/24",NA,NA,"WT",NA,NA,NA,NA,NA,"/shares/CIBIO-Storage/CM/scratch/data/meta/CM_caltec_001_1024/CALTEC-001-188/CALTEC-001-188_R1.fastq.gz;/shares/CIBIO-Storage/CM/scratch/data/meta/CM_caltec_001_1024/CALTEC-001-188/CALTEC-001-188_R2.fastq.gz;","234ecef7-66de-447d-b732-1055261fa98c","Mus Musculus","B1_C1_WT","78","1","1","collection",NA,NA,NA,NA,NA,NA,NA,NA,NA,NA,NA,NA,NA,NA,NA,NA,NA,NA,NA,NA,NA,NA,NA,NA,NA,NA,NA,NA,NA
"MazmanianS_DeCastroFonsecaM_2","CALTEC-001-189","CALTEC-001-189","Parkinson Disease","NCIT:C26845","feces","UBERON:0001988","Mus musculus","NCBITaxon:10090","Study Control","NCIT:C142703","78",NA,NA,"Day","NCIT:C25301",NA,NA,NA,NA,"Kaelyn Long","CALTEC-001-189","CALTEC-001-189","Fecal metagenome of lab mouse","QIAamp Fast DNA Stool Mini Kit","WGS","METAGENOMIC","RANDOM","paired","ILLUMINA","Illumina NovaSeq X Plus","435","3/7/25","DNA was isolated from one mouse stool sample pellet using the Qiagen FAST DNA stool mini kit following the manufacturers protocol. Libraries were prepared using the Illumina DNA Prep, (M) Tagmentation (96 Samples, IPB) kit (Illumina, #20060059). Sequencing was performed using Illumina NovaSeq X Plus aiming for 70 million reads per sample, with mean read length of 150 base pairs. Library preparation and Sequencing was performed by Prebiomics. Fastq files were uniformly processed using the curatedMetagenomicsNextflow pipeline (https://github.com/seandavi/curatedMetagenomicsNextflow) specifying the mouse reference genome in Trimmomatic.","fastq",NA,NA,NA,NA,NA,NA,"USA","34.1374596;-118.1268517","5/3/24",NA,NA,"WT",NA,NA,NA,NA,NA,"/shares/CIBIO-Storage/CM/scratch/data/meta/CM_caltec_001_1024/CALTEC-001-189/CALTEC-001-189_R1.fastq.gz;/shares/CIBIO-Storage/CM/scratch/data/meta/CM_caltec_001_1024/CALTEC-001-189/CALTEC-001-189_R2.fastq.gz;","22c11cc1-a1d4-4b7c-94eb-acbc7637b4ed","Mus Musculus","B1_C2_WT","78","2","1","collection",NA,NA,NA,NA,NA,NA,NA,NA,NA,NA,NA,NA,NA,NA,NA,NA,NA,NA,NA,NA,NA,NA,NA,NA,NA,NA,NA,NA,NA
"MazmanianS_DeCastroFonsecaM_2","CALTEC-001-190","CALTEC-001-190","Parkinson Disease","NCIT:C26845","feces","UBERON:0001988","Mus musculus","NCBITaxon:10090","Case","NCIT:C49152","78",NA,NA,"Day","NCIT:C25301",NA,NA,NA,NA,"Kaelyn Long","CALTEC-001-190","CALTEC-001-190","Fecal metagenome of lab mouse","QIAamp Fast DNA Stool Mini Kit","WGS","METAGENOMIC","RANDOM","paired","ILLUMINA","Illumina NovaSeq X Plus","435","3/7/25","DNA was isolated from one mouse stool sample pellet using the Qiagen FAST DNA stool mini kit following the manufacturers protocol. Libraries were prepared using the Illumina DNA Prep, (M) Tagmentation (96 Samples, IPB) kit (Illumina, #20060059). Sequencing was performed using Illumina NovaSeq X Plus aiming for 70 million reads per sample, with mean read length of 150 base pairs. Library preparation and Sequencing was performed by Prebiomics. Fastq files were uniformly processed using the curatedMetagenomicsNextflow pipeline (https://github.com/seandavi/curatedMetagenomicsNextflow) specifying the mouse reference genome in Trimmomatic.","fastq",NA,NA,NA,NA,NA,NA,"USA","34.1374596;-118.1268518","5/3/24",NA,NA,"ASO",NA,NA,NA,NA,NA,"/shares/CIBIO-Storage/CM/scratch/data/meta/CM_caltec_001_1024/CALTEC-001-190/CALTEC-001-190_R1.fastq.gz;/shares/CIBIO-Storage/CM/scratch/data/meta/CM_caltec_001_1024/CALTEC-001-190/CALTEC-001-190_R2.fastq.gz;","edd8426f-399d-4857-8ef9-6cb7c59bece9","Mus Musculus","B1_C2_ASO","78","2","1","collection",NA,NA,NA,NA,NA,NA,NA,NA,NA,NA,NA,NA,NA,NA,NA,NA,NA,NA,NA,NA,NA,NA,NA,NA,NA,NA,NA,NA,NA
"MazmanianS_DeCastroFonsecaM_2","CALTEC-001-191","CALTEC-001-191","Parkinson Disease","NCIT:C26845","feces","UBERON:0001988","Mus musculus","NCBITaxon:10090","Study Control","NCIT:C142703","78",NA,NA,"Day","NCIT:C25301",NA,NA,NA,NA,"Kaelyn Long","CALTEC-001-191","CALTEC-001-191","Fecal metagenome of lab mouse","QIAamp Fast DNA Stool Mini Kit","WGS","METAGENOMIC","RANDOM","paired","ILLUMINA","Illumina NovaSeq X Plus","435","3/7/25","DNA was isolated from one mouse stool sample pellet using the Qiagen FAST DNA stool mini kit following the manufacturers protocol. Libraries were prepared using the Illumina DNA Prep, (M) Tagmentation (96 Samples, IPB) kit (Illumina, #20060059). Sequencing was performed using Illumina NovaSeq X Plus aiming for 70 million reads per sample, with mean read length of 150 base pairs. Library preparation and Sequencing was performed by Prebiomics. Fastq files were uniformly processed using the curatedMetagenomicsNextflow pipeline (https://github.com/seandavi/curatedMetagenomicsNextflow) specifying the mouse reference genome in Trimmomatic.","fastq",NA,NA,NA,NA,NA,NA,"USA","34.1374596;-118.1268519","5/3/24",NA,NA,"WT",NA,NA,NA,NA,NA,"/shares/CIBIO-Storage/CM/scratch/data/meta/CM_caltec_001_1024/CALTEC-001-191/CALTEC-001-191_R1.fastq.gz;/shares/CIBIO-Storage/CM/scratch/data/meta/CM_caltec_001_1024/CALTEC-001-191/CALTEC-001-191_R2.fastq.gz;","e5fc1c09-5014-46ac-a61b-93bb329d7c3e","Mus Musculus","B1_C1_WT","78","1","1","collection",NA,NA,NA,NA,NA,NA,NA,NA,NA,NA,NA,NA,NA,NA,NA,NA,NA,NA,NA,NA,NA,NA,NA,NA,NA,NA,NA,NA,NA
"MazmanianS_DeCastroFonsecaM_2","CALTEC-001-192","CALTEC-001-192","Parkinson Disease","NCIT:C26845","feces","UBERON:0001988","Mus musculus","NCBITaxon:10090","Study Control","NCIT:C142703","78",NA,NA,"Day","NCIT:C25301",NA,NA,NA,NA,"Kaelyn Long","CALTEC-001-192","CALTEC-001-192","Fecal metagenome of lab mouse","QIAamp Fast DNA Stool Mini Kit","WGS","METAGENOMIC","RANDOM","paired","ILLUMINA","Illumina NovaSeq X Plus","435","3/7/25","DNA was isolated from one mouse stool sample pellet using the Qiagen FAST DNA stool mini kit following the manufacturers protocol. Libraries were prepared using the Illumina DNA Prep, (M) Tagmentation (96 Samples, IPB) kit (Illumina, #20060059). Sequencing was performed using Illumina NovaSeq X Plus aiming for 70 million reads per sample, with mean read length of 150 base pairs. Library preparation and Sequencing was performed by Prebiomics. Fastq files were uniformly processed using the curatedMetagenomicsNextflow pipeline (https://github.com/seandavi/curatedMetagenomicsNextflow) specifying the mouse reference genome in Trimmomatic.","fastq",NA,NA,NA,NA,NA,NA,"USA","34.1374596;-118.1268520","5/3/24",NA,NA,"WT",NA,NA,NA,NA,NA,"/shares/CIBIO-Storage/CM/scratch/data/meta/CM_caltec_001_1024/CALTEC-001-192/CALTEC-001-192_R1.fastq.gz;/shares/CIBIO-Storage/CM/scratch/data/meta/CM_caltec_001_1024/CALTEC-001-192/CALTEC-001-192_R2.fastq.gz;","01a71c01-47b0-47ed-952f-8337ab63d02c","Mus Musculus","B2_C1_WT","78","1","2","collection",NA,NA,NA,NA,NA,NA,NA,NA,NA,NA,NA,NA,NA,NA,NA,NA,NA,NA,NA,NA,NA,NA,NA,NA,NA,NA,NA,NA,NA
"MazmanianS_DeCastroFonsecaM_2","CALTEC-001-193","CALTEC-001-193","Parkinson Disease","NCIT:C26845","feces","UBERON:0001988","Mus musculus","NCBITaxon:10090","Case","NCIT:C49152","78",NA,NA,"Day","NCIT:C25301",NA,NA,NA,NA,"Kaelyn Long","CALTEC-001-193","CALTEC-001-193","Fecal metagenome of lab mouse","QIAamp Fast DNA Stool Mini Kit","WGS","METAGENOMIC","RANDOM","paired","ILLUMINA","Illumina NovaSeq X Plus","435","3/7/25","DNA was isolated from one mouse stool sample pellet using the Qiagen FAST DNA stool mini kit following the manufacturers protocol. Libraries were prepared using the Illumina DNA Prep, (M) Tagmentation (96 Samples, IPB) kit (Illumina, #20060059). Sequencing was performed using Illumina NovaSeq X Plus aiming for 70 million reads per sample, with mean read length of 150 base pairs. Library preparation and Sequencing was performed by Prebiomics. Fastq files were uniformly processed using the curatedMetagenomicsNextflow pipeline (https://github.com/seandavi/curatedMetagenomicsNextflow) specifying the mouse reference genome in Trimmomatic.","fastq",NA,NA,NA,NA,NA,NA,"USA","34.1374596;-118.1268521","5/3/24",NA,NA,"ASO",NA,NA,NA,NA,NA,"/shares/CIBIO-Storage/CM/scratch/data/meta/CM_caltec_001_1024/CALTEC-001-193/CALTEC-001-193_R1.fastq.gz;/shares/CIBIO-Storage/CM/scratch/data/meta/CM_caltec_001_1024/CALTEC-001-193/CALTEC-001-193_R2.fastq.gz;","6ae9a6a1-df44-4416-abe2-45da6fc988ab","Mus Musculus","B2_C1_ASO","78","1","2","collection",NA,NA,NA,NA,NA,NA,NA,NA,NA,NA,NA,NA,NA,NA,NA,NA,NA,NA,NA,NA,NA,NA,NA,NA,NA,NA,NA,NA,NA
"MazmanianS_DeCastroFonsecaM_2","CALTEC-001-194","CALTEC-001-194","Parkinson Disease","NCIT:C26845","feces","UBERON:0001988","Mus musculus","NCBITaxon:10090","Study Control","NCIT:C142703","78",NA,NA,"Day","NCIT:C25301",NA,NA,NA,NA,"Kaelyn Long","CALTEC-001-194","CALTEC-001-194","Fecal metagenome of lab mouse","QIAamp Fast DNA Stool Mini Kit","WGS","METAGENOMIC","RANDOM","paired","ILLUMINA","Illumina NovaSeq X Plus","435","3/7/25","DNA was isolated from one mouse stool sample pellet using the Qiagen FAST DNA stool mini kit following the manufacturers protocol. Libraries were prepared using the Illumina DNA Prep, (M) Tagmentation (96 Samples, IPB) kit (Illumina, #20060059). Sequencing was performed using Illumina NovaSeq X Plus aiming for 70 million reads per sample, with mean read length of 150 base pairs. Library preparation and Sequencing was performed by Prebiomics. Fastq files were uniformly processed using the curatedMetagenomicsNextflow pipeline (https://github.com/seandavi/curatedMetagenomicsNextflow) specifying the mouse reference genome in Trimmomatic.","fastq",NA,NA,NA,NA,NA,NA,"USA","34.1374596;-118.1268522","5/3/24",NA,NA,"WT",NA,NA,NA,NA,NA,"/shares/CIBIO-Storage/CM/scratch/data/meta/CM_caltec_001_1024/CALTEC-001-194/CALTEC-001-194_R1.fastq.gz;/shares/CIBIO-Storage/CM/scratch/data/meta/CM_caltec_001_1024/CALTEC-001-194/CALTEC-001-194_R2.fastq.gz;","ee43b963-fdb8-430f-b5c8-7e79ecc7c7e2","Mus Musculus","B2_C2_WT","78","2","2","collection",NA,NA,NA,NA,NA,NA,NA,NA,NA,NA,NA,NA,NA,NA,NA,NA,NA,NA,NA,NA,NA,NA,NA,NA,NA,NA,NA,NA,NA
"MazmanianS_DeCastroFonsecaM_2","CALTEC-001-195","CALTEC-001-195","Parkinson Disease","NCIT:C26845","feces","UBERON:0001988","Mus musculus","NCBITaxon:10090","Case","NCIT:C49152","78",NA,NA,"Day","NCIT:C25301",NA,NA,NA,NA,"Kaelyn Long","CALTEC-001-195","CALTEC-001-195","Fecal metagenome of lab mouse","QIAamp Fast DNA Stool Mini Kit","WGS","METAGENOMIC","RANDOM","paired","ILLUMINA","Illumina NovaSeq X Plus","435","3/7/25","DNA was isolated from one mouse stool sample pellet using the Qiagen FAST DNA stool mini kit following the manufacturers protocol. Libraries were prepared using the Illumina DNA Prep, (M) Tagmentation (96 Samples, IPB) kit (Illumina, #20060059). Sequencing was performed using Illumina NovaSeq X Plus aiming for 70 million reads per sample, with mean read length of 150 base pairs. Library preparation and Sequencing was performed by Prebiomics. Fastq files were uniformly processed using the curatedMetagenomicsNextflow pipeline (https://github.com/seandavi/curatedMetagenomicsNextflow) specifying the mouse reference genome in Trimmomatic.","fastq",NA,NA,NA,NA,NA,NA,"USA","34.1374596;-118.1268523","5/3/24",NA,NA,"ASO",NA,NA,NA,NA,NA,"/shares/CIBIO-Storage/CM/scratch/data/meta/CM_caltec_001_1024/CALTEC-001-195/CALTEC-001-195_R1.fastq.gz;/shares/CIBIO-Storage/CM/scratch/data/meta/CM_caltec_001_1024/CALTEC-001-195/CALTEC-001-195_R2.fastq.gz;","07057358-ad06-4a76-8d3d-57ce36d3f42f","Mus Musculus","B2_C2_ASO","78","2","2","collection",NA,NA,NA,NA,NA,NA,NA,NA,NA,NA,NA,NA,NA,NA,NA,NA,NA,NA,NA,NA,NA,NA,NA,NA,NA,NA,NA,NA,NA
"MazmanianS_DeCastroFonsecaM_2","CALTEC-001-196","CALTEC-001-196","Parkinson Disease","NCIT:C26845","feces","UBERON:0001988","Mus musculus","NCBITaxon:10090","Case","NCIT:C49152","78",NA,NA,"Day","NCIT:C25301",NA,NA,NA,NA,"Kaelyn Long","CALTEC-001-196","CALTEC-001-196","Fecal metagenome of lab mouse","QIAamp Fast DNA Stool Mini Kit","WGS","METAGENOMIC","RANDOM","paired","ILLUMINA","Illumina NovaSeq X Plus","435","3/7/25","DNA was isolated from one mouse stool sample pellet using the Qiagen FAST DNA stool mini kit following the manufacturers protocol. Libraries were prepared using the Illumina DNA Prep, (M) Tagmentation (96 Samples, IPB) kit (Illumina, #20060059). Sequencing was performed using Illumina NovaSeq X Plus aiming for 70 million reads per sample, with mean read length of 150 base pairs. Library preparation and Sequencing was performed by Prebiomics. Fastq files were uniformly processed using the curatedMetagenomicsNextflow pipeline (https://github.com/seandavi/curatedMetagenomicsNextflow) specifying the mouse reference genome in Trimmomatic.","fastq",NA,NA,NA,NA,NA,NA,"USA","34.1374596;-118.1268524","5/3/24",NA,NA,"ASO",NA,NA,NA,NA,NA,"/shares/CIBIO-Storage/CM/scratch/data/meta/CM_caltec_001_1024/CALTEC-001-196/CALTEC-001-196_R1.fastq.gz;/shares/CIBIO-Storage/CM/scratch/data/meta/CM_caltec_001_1024/CALTEC-001-196/CALTEC-001-196_R2.fastq.gz;","86880a68-300f-4ccc-88d3-ce65a6857cfe","Mus Musculus","B3_C4_ASO","78","4","3","collection",NA,NA,NA,NA,NA,NA,NA,NA,NA,NA,NA,NA,NA,NA,NA,NA,NA,NA,NA,NA,NA,NA,NA,NA,NA,NA,NA,NA,NA
"MazmanianS_DeCastroFonsecaM_2","CALTEC-001-197","CALTEC-001-197","Parkinson Disease","NCIT:C26845","feces","UBERON:0001988","Mus musculus","NCBITaxon:10090","Case","NCIT:C49152","78",NA,NA,"Day","NCIT:C25301",NA,NA,NA,NA,"Kaelyn Long","CALTEC-001-197","CALTEC-001-197","Fecal metagenome of lab mouse","QIAamp Fast DNA Stool Mini Kit","WGS","METAGENOMIC","RANDOM","paired","ILLUMINA","Illumina NovaSeq X Plus","435","3/7/25","DNA was isolated from one mouse stool sample pellet using the Qiagen FAST DNA stool mini kit following the manufacturers protocol. Libraries were prepared using the Illumina DNA Prep, (M) Tagmentation (96 Samples, IPB) kit (Illumina, #20060059). Sequencing was performed using Illumina NovaSeq X Plus aiming for 70 million reads per sample, with mean read length of 150 base pairs. Library preparation and Sequencing was performed by Prebiomics. Fastq files were uniformly processed using the curatedMetagenomicsNextflow pipeline (https://github.com/seandavi/curatedMetagenomicsNextflow) specifying the mouse reference genome in Trimmomatic.","fastq",NA,NA,NA,NA,NA,NA,"USA","34.1374596;-118.1268525","5/3/24",NA,NA,"ASO",NA,NA,NA,NA,NA,"/shares/CIBIO-Storage/CM/scratch/data/meta/CM_caltec_001_1024/CALTEC-001-197/CALTEC-001-197_R1.fastq.gz;/shares/CIBIO-Storage/CM/scratch/data/meta/CM_caltec_001_1024/CALTEC-001-197/CALTEC-001-197_R2.fastq.gz;","9f5bcc32-80ef-485c-bd72-fce5bde1edab","Mus Musculus","B3_C3_ASO","78","3","3","collection",NA,NA,NA,NA,NA,NA,NA,NA,NA,NA,NA,NA,NA,NA,NA,NA,NA,NA,NA,NA,NA,NA,NA,NA,NA,NA,NA,NA,NA
"MazmanianS_DeCastroFonsecaM_2","CALTEC-001-198","CALTEC-001-198","Parkinson Disease","NCIT:C26845","feces","UBERON:0001988","Mus musculus","NCBITaxon:10090","Case","NCIT:C49152","78",NA,NA,"Day","NCIT:C25301",NA,NA,NA,NA,"Kaelyn Long","CALTEC-001-198","CALTEC-001-198","Fecal metagenome of lab mouse","QIAamp Fast DNA Stool Mini Kit","WGS","METAGENOMIC","RANDOM","paired","ILLUMINA","Illumina NovaSeq X Plus","435","3/7/25","DNA was isolated from one mouse stool sample pellet using the Qiagen FAST DNA stool mini kit following the manufacturers protocol. Libraries were prepared using the Illumina DNA Prep, (M) Tagmentation (96 Samples, IPB) kit (Illumina, #20060059). Sequencing was performed using Illumina NovaSeq X Plus aiming for 70 million reads per sample, with mean read length of 150 base pairs. Library preparation and Sequencing was performed by Prebiomics. Fastq files were uniformly processed using the curatedMetagenomicsNextflow pipeline (https://github.com/seandavi/curatedMetagenomicsNextflow) specifying the mouse reference genome in Trimmomatic.","fastq",NA,NA,NA,NA,NA,NA,"USA","34.1374596;-118.1268526","5/3/24",NA,NA,"ASO",NA,NA,NA,NA,NA,"/shares/CIBIO-Storage/CM/scratch/data/meta/CM_caltec_001_1024/CALTEC-001-198/CALTEC-001-198_R1.fastq.gz;/shares/CIBIO-Storage/CM/scratch/data/meta/CM_caltec_001_1024/CALTEC-001-198/CALTEC-001-198_R2.fastq.gz;","cff40957-68f6-45f5-9c40-7232b8ec993d","Mus Musculus","B4_C3_ASO","78","3","4","collection",NA,NA,NA,NA,NA,NA,NA,NA,NA,NA,NA,NA,NA,NA,NA,NA,NA,NA,NA,NA,NA,NA,NA,NA,NA,NA,NA,NA,NA
"MazmanianS_DeCastroFonsecaM_2","CALTEC-001-199","CALTEC-001-199","Parkinson Disease","NCIT:C26845","feces","UBERON:0001988","Mus musculus","NCBITaxon:10090","Case","NCIT:C49152","78",NA,NA,"Day","NCIT:C25301",NA,NA,NA,NA,"Kaelyn Long","CALTEC-001-199","CALTEC-001-199","Fecal metagenome of lab mouse","QIAamp Fast DNA Stool Mini Kit","WGS","METAGENOMIC","RANDOM","paired","ILLUMINA","Illumina NovaSeq X Plus","435","3/7/25","DNA was isolated from one mouse stool sample pellet using the Qiagen FAST DNA stool mini kit following the manufacturers protocol. Libraries were prepared using the Illumina DNA Prep, (M) Tagmentation (96 Samples, IPB) kit (Illumina, #20060059). Sequencing was performed using Illumina NovaSeq X Plus aiming for 70 million reads per sample, with mean read length of 150 base pairs. Library preparation and Sequencing was performed by Prebiomics. Fastq files were uniformly processed using the curatedMetagenomicsNextflow pipeline (https://github.com/seandavi/curatedMetagenomicsNextflow) specifying the mouse reference genome in Trimmomatic.","fastq",NA,NA,NA,NA,NA,NA,"USA","34.1374596;-118.1268527","5/3/24",NA,NA,"ASO",NA,NA,NA,NA,NA,"/shares/CIBIO-Storage/CM/scratch/data/meta/CM_caltec_001_1024/CALTEC-001-199/CALTEC-001-199_R1.fastq.gz;/shares/CIBIO-Storage/CM/scratch/data/meta/CM_caltec_001_1024/CALTEC-001-199/CALTEC-001-199_R2.fastq.gz;","2e95543b-8305-4a2f-b550-188c7e95dc96","Mus Musculus","B4_C4_ASO","78","4","4","collection",NA,NA,NA,NA,NA,NA,NA,NA,NA,NA,NA,NA,NA,NA,NA,NA,NA,NA,NA,NA,NA,NA,NA,NA,NA,NA,NA,NA,NA
"MazmanianS_DeCastroFonsecaM_2","CALTEC-001-200","CALTEC-001-200","Parkinson Disease","NCIT:C26845","feces","UBERON:0001988","Mus musculus","NCBITaxon:10090","Study Control","NCIT:C142703","78",NA,NA,"Day","NCIT:C25301",NA,NA,NA,NA,"Kaelyn Long","CALTEC-001-200","CALTEC-001-200","Fecal metagenome of lab mouse","QIAamp Fast DNA Stool Mini Kit","WGS","METAGENOMIC","RANDOM","paired","ILLUMINA","Illumina NovaSeq X Plus","435","3/7/25","DNA was isolated from one mouse stool sample pellet using the Qiagen FAST DNA stool mini kit following the manufacturers protocol. Libraries were prepared using the Illumina DNA Prep, (M) Tagmentation (96 Samples, IPB) kit (Illumina, #20060059). Sequencing was performed using Illumina NovaSeq X Plus aiming for 70 million reads per sample, with mean read length of 150 base pairs. Library preparation and Sequencing was performed by Prebiomics. Fastq files were uniformly processed using the curatedMetagenomicsNextflow pipeline (https://github.com/seandavi/curatedMetagenomicsNextflow) specifying the mouse reference genome in Trimmomatic.","fastq",NA,NA,NA,NA,NA,NA,"USA","34.1374596;-118.1268528","5/3/24",NA,NA,"WT",NA,NA,NA,NA,NA,"/shares/CIBIO-Storage/CM/scratch/data/meta/CM_caltec_001_1024/CALTEC-001-200/CALTEC-001-200_R1.fastq.gz;/shares/CIBIO-Storage/CM/scratch/data/meta/CM_caltec_001_1024/CALTEC-001-200/CALTEC-001-200_R2.fastq.gz;","ed75c734-7411-44c2-949d-8d8df59541f7","Mus Musculus","B4_C4_WT","78","4","4","collection",NA,NA,NA,NA,NA,NA,NA,NA,NA,NA,NA,NA,NA,NA,NA,NA,NA,NA,NA,NA,NA,NA,NA,NA,NA,NA,NA,NA,NA
"MazmanianS_DeCastroFonsecaM_3","CALTEC-001-ASO1_5mo_aFMT","CALTEC-001-ASO1_5mo_aFMT","Parkinson Disease","NCIT:C26845","feces","UBERON:0001988","Mus musculus","NCBITaxon:10090","Case","NCIT:C49152","5",NA,NA,"Month","NCIT:C29846",NA,NA,NA,NA,"Kaelyn Long","CALTEC-001-ASO1_5mo_aFMT","CALTEC-001-ASO1_5mo_aFMT","Fecal metagenome of a mouse model overexpressing human alpha-synuclein (ASO)","QIAamp Fast DNA Stool Mini Kit","WGS","METAGENOMIC","RANDOM","paired","ILLUMINA","Illumina NovaSeq X Plus","435","3/7/25","DNA was isolated from one mouse stool sample pellet using the Qiagen FAST DNA stool mini kit following the manufacturers protocol. Libraries were prepared using the Illumina DNA Prep, (M) Tagmentation (96 Samples, IPB) kit (Illumina, #20060059). Sequencing was performed using Illumina NovaSeq X Plus aiming for 70 million reads per sample, with mean read length of 150 base pairs. Library preparation and Sequencing was performed by Prebiomics. Fastq files were uniformly processed using the curatedMetagenomicsNextflow pipeline (https://github.com/seandavi/curatedMetagenomicsNextflow) specifying the mouse reference genome in Trimmomatic.","fastq",NA,NA,NA,NA,NA,NA,"USA","34.1374596;-118.1268371","2024",NA,NA,"ASO","5","60","15.8","13.31","7.06","/shares/CIBIO-Storage/CM/scratch/data/meta/CM_caltec_001_1024/CALTEC-001-ASO1_5mo_aFMT/CALTEC-001-ASO1_5mo_aFMT_R1.fastq.gz;/shares/CIBIO-Storage/CM/scratch/data/meta/CM_caltec_001_1024/CALTEC-001-ASO1_5mo_aFMT/CALTEC-001-ASO1_5mo_aFMT_R2.fastq.gz;","8ec930da-22e6-41bd-99d5-4bc1d8e980c4","Mus musculus",NA,NA,"1",NA,NA,"ASO 5 months","33","22.85044","10","3",NA,NA,NA,NA,NA,NA,NA,NA,NA,NA,NA,NA,NA,NA,NA,NA,NA,NA,NA,NA,NA,NA,NA,NA
"MazmanianS_DeCastroFonsecaM_3","CALTEC-001-ASO2_5mo_aFMT","CALTEC-001-ASO2_5mo_aFMT","Parkinson Disease","NCIT:C26845","feces","UBERON:0001988","Mus musculus","NCBITaxon:10090","Case","NCIT:C49152","5",NA,NA,"Month","NCIT:C29846",NA,NA,NA,NA,"Kaelyn Long","CALTEC-001-ASO2_5mo_aFMT","CALTEC-001-ASO2_5mo_aFMT","Fecal metagenome of a mouse model overexpressing human alpha-synuclein (ASO)","QIAamp Fast DNA Stool Mini Kit","WGS","METAGENOMIC","RANDOM","paired","ILLUMINA","Illumina NovaSeq X Plus","435","3/7/25","DNA was isolated from one mouse stool sample pellet using the Qiagen FAST DNA stool mini kit following the manufacturers protocol. Libraries were prepared using the Illumina DNA Prep, (M) Tagmentation (96 Samples, IPB) kit (Illumina, #20060059). Sequencing was performed using Illumina NovaSeq X Plus aiming for 70 million reads per sample, with mean read length of 150 base pairs. Library preparation and Sequencing was performed by Prebiomics. Fastq files were uniformly processed using the curatedMetagenomicsNextflow pipeline (https://github.com/seandavi/curatedMetagenomicsNextflow) specifying the mouse reference genome in Trimmomatic.","fastq",NA,NA,NA,NA,NA,NA,"USA","34.1374596;-118.1268372","2024",NA,NA,"ASO","5","13.84","37.7","30","6.07","/shares/CIBIO-Storage/CM/scratch/data/meta/CM_caltec_001_1024/CALTEC-001-ASO2_5mo_aFMT/CALTEC-001-ASO2_5mo_aFMT_R1.fastq.gz;/shares/CIBIO-Storage/CM/scratch/data/meta/CM_caltec_001_1024/CALTEC-001-ASO2_5mo_aFMT/CALTEC-001-ASO2_5mo_aFMT_R2.fastq.gz;","046cc27e-0ea6-4f02-bd3e-60f07a314b5b","Mus musculus",NA,NA,"1",NA,NA,"ASO 5 months","27","31.48981","10","7",NA,NA,NA,NA,NA,NA,NA,NA,NA,NA,NA,NA,NA,NA,NA,NA,NA,NA,NA,NA,NA,NA,NA,NA
"MazmanianS_DeCastroFonsecaM_3","CALTEC-001-ASO3_5mo_aFMT","CALTEC-001-ASO3_5mo_aFMT","Parkinson Disease","NCIT:C26845","feces","UBERON:0001988","Mus musculus","NCBITaxon:10090","Case","NCIT:C49152","5",NA,NA,"Month","NCIT:C29846",NA,NA,NA,NA,"Kaelyn Long","CALTEC-001-ASO3_5mo_aFMT","CALTEC-001-ASO3_5mo_aFMT","Fecal metagenome of a mouse model overexpressing human alpha-synuclein (ASO)","QIAamp Fast DNA Stool Mini Kit","WGS","METAGENOMIC","RANDOM","paired","ILLUMINA","Illumina NovaSeq X Plus","435","3/7/25","DNA was isolated from one mouse stool sample pellet using the Qiagen FAST DNA stool mini kit following the manufacturers protocol. Libraries were prepared using the Illumina DNA Prep, (M) Tagmentation (96 Samples, IPB) kit (Illumina, #20060059). Sequencing was performed using Illumina NovaSeq X Plus aiming for 70 million reads per sample, with mean read length of 150 base pairs. Library preparation and Sequencing was performed by Prebiomics. Fastq files were uniformly processed using the curatedMetagenomicsNextflow pipeline (https://github.com/seandavi/curatedMetagenomicsNextflow) specifying the mouse reference genome in Trimmomatic.","fastq",NA,NA,NA,NA,NA,NA,"USA","34.1374596;-118.1268373","2024",NA,NA,"ASO","5","60","13.75","19.84","0","/shares/CIBIO-Storage/CM/scratch/data/meta/CM_caltec_001_1024/CALTEC-001-ASO3_5mo_aFMT/CALTEC-001-ASO3_5mo_aFMT_R1.fastq.gz;/shares/CIBIO-Storage/CM/scratch/data/meta/CM_caltec_001_1024/CALTEC-001-ASO3_5mo_aFMT/CALTEC-001-ASO3_5mo_aFMT_R2.fastq.gz;","f45b2c5a-6fed-4d52-84cb-6cf52b444bc5","Mus musculus",NA,NA,"1",NA,NA,"ASO 5 months","33","30.37313","9","5",NA,NA,NA,NA,NA,NA,NA,NA,NA,NA,NA,NA,NA,NA,NA,NA,NA,NA,NA,NA,NA,NA,NA,NA
"MazmanianS_DeCastroFonsecaM_3","CALTEC-001-ASO4_5mo_aFMT","CALTEC-001-ASO4_5mo_aFMT","Parkinson Disease","NCIT:C26845","feces","UBERON:0001988","Mus musculus","NCBITaxon:10090","Case","NCIT:C49152","5",NA,NA,"Month","NCIT:C29846",NA,NA,NA,NA,"Kaelyn Long","CALTEC-001-ASO4_5mo_aFMT","CALTEC-001-ASO4_5mo_aFMT","Fecal metagenome of a mouse model overexpressing human alpha-synuclein (ASO)","QIAamp Fast DNA Stool Mini Kit","WGS","METAGENOMIC","RANDOM","paired","ILLUMINA","Illumina NovaSeq X Plus","435","3/7/25","DNA was isolated from one mouse stool sample pellet using the Qiagen FAST DNA stool mini kit following the manufacturers protocol. Libraries were prepared using the Illumina DNA Prep, (M) Tagmentation (96 Samples, IPB) kit (Illumina, #20060059). Sequencing was performed using Illumina NovaSeq X Plus aiming for 70 million reads per sample, with mean read length of 150 base pairs. Library preparation and Sequencing was performed by Prebiomics. Fastq files were uniformly processed using the curatedMetagenomicsNextflow pipeline (https://github.com/seandavi/curatedMetagenomicsNextflow) specifying the mouse reference genome in Trimmomatic.","fastq",NA,NA,NA,NA,NA,NA,"USA","34.1374596;-118.1268374","2024",NA,NA,"ASO","5","16.51","6.47","13.84","3","/shares/CIBIO-Storage/CM/scratch/data/meta/CM_caltec_001_1024/CALTEC-001-ASO4_5mo_aFMT/CALTEC-001-ASO4_5mo_aFMT_R1.fastq.gz;/shares/CIBIO-Storage/CM/scratch/data/meta/CM_caltec_001_1024/CALTEC-001-ASO4_5mo_aFMT/CALTEC-001-ASO4_5mo_aFMT_R2.fastq.gz;","7c4400b3-aa88-4bd4-b2ba-bc3975701253","Mus musculus",NA,NA,"1",NA,NA,"ASO 5 months","36","37.66328","6","6",NA,NA,NA,NA,NA,NA,NA,NA,NA,NA,NA,NA,NA,NA,NA,NA,NA,NA,NA,NA,NA,NA,NA,NA
"MazmanianS_DeCastroFonsecaM_3","CALTEC-001-ASO5_5mo_aFMT","CALTEC-001-ASO5_5mo_aFMT","Parkinson Disease","NCIT:C26845","feces","UBERON:0001988","Mus musculus","NCBITaxon:10090","Case","NCIT:C49152","5",NA,NA,"Month","NCIT:C29846",NA,NA,NA,NA,"Kaelyn Long","CALTEC-001-ASO5_5mo_aFMT","CALTEC-001-ASO5_5mo_aFMT","Fecal metagenome of a mouse model overexpressing human alpha-synuclein (ASO)","QIAamp Fast DNA Stool Mini Kit","WGS","METAGENOMIC","RANDOM","paired","ILLUMINA","Illumina NovaSeq X Plus","435","3/7/25","DNA was isolated from one mouse stool sample pellet using the Qiagen FAST DNA stool mini kit following the manufacturers protocol. Libraries were prepared using the Illumina DNA Prep, (M) Tagmentation (96 Samples, IPB) kit (Illumina, #20060059). Sequencing was performed using Illumina NovaSeq X Plus aiming for 70 million reads per sample, with mean read length of 150 base pairs. Library preparation and Sequencing was performed by Prebiomics. Fastq files were uniformly processed using the curatedMetagenomicsNextflow pipeline (https://github.com/seandavi/curatedMetagenomicsNextflow) specifying the mouse reference genome in Trimmomatic.","fastq",NA,NA,NA,NA,NA,NA,"USA","34.1374596;-118.1268375","2024",NA,NA,"ASO","5","17.26","30.51","30","9","/shares/CIBIO-Storage/CM/scratch/data/meta/CM_caltec_001_1024/CALTEC-001-ASO5_5mo_aFMT/CALTEC-001-ASO5_5mo_aFMT_R1.fastq.gz;/shares/CIBIO-Storage/CM/scratch/data/meta/CM_caltec_001_1024/CALTEC-001-ASO5_5mo_aFMT/CALTEC-001-ASO5_5mo_aFMT_R2.fastq.gz;","c499f32f-f520-4cf9-8ca8-f5c1312af77b","Mus musculus",NA,NA,"1",NA,NA,"ASO 5 months","30","46.48045","6","0",NA,NA,NA,NA,NA,NA,NA,NA,NA,NA,NA,NA,NA,NA,NA,NA,NA,NA,NA,NA,NA,NA,NA,NA
"MazmanianS_DeCastroFonsecaM_3","CALTEC-001-ASO6_5mo_aFMT","CALTEC-001-ASO6_5mo_aFMT","Parkinson Disease","NCIT:C26845","feces","UBERON:0001988","Mus musculus","NCBITaxon:10090","Case","NCIT:C49152","5",NA,NA,"Month","NCIT:C29846",NA,NA,NA,NA,"Kaelyn Long","CALTEC-001-ASO6_5mo_aFMT","CALTEC-001-ASO6_5mo_aFMT","Fecal metagenome of a mouse model overexpressing human alpha-synuclein (ASO)","QIAamp Fast DNA Stool Mini Kit","WGS","METAGENOMIC","RANDOM","paired","ILLUMINA","Illumina NovaSeq X Plus","435","3/7/25","DNA was isolated from one mouse stool sample pellet using the Qiagen FAST DNA stool mini kit following the manufacturers protocol. Libraries were prepared using the Illumina DNA Prep, (M) Tagmentation (96 Samples, IPB) kit (Illumina, #20060059). Sequencing was performed using Illumina NovaSeq X Plus aiming for 70 million reads per sample, with mean read length of 150 base pairs. Library preparation and Sequencing was performed by Prebiomics. Fastq files were uniformly processed using the curatedMetagenomicsNextflow pipeline (https://github.com/seandavi/curatedMetagenomicsNextflow) specifying the mouse reference genome in Trimmomatic.","fastq",NA,NA,NA,NA,NA,NA,"USA","34.1374596;-118.1268376","2024",NA,NA,"ASO","5","49.42","18.08","16.51","7","/shares/CIBIO-Storage/CM/scratch/data/meta/CM_caltec_001_1024/CALTEC-001-ASO6_5mo_aFMT/CALTEC-001-ASO6_5mo_aFMT_R1.fastq.gz;/shares/CIBIO-Storage/CM/scratch/data/meta/CM_caltec_001_1024/CALTEC-001-ASO6_5mo_aFMT/CALTEC-001-ASO6_5mo_aFMT_R2.fastq.gz;","d6e9dbb7-236c-4887-8585-a8630de791bd","Mus musculus",NA,NA,"2",NA,NA,"ASO 5 months","32","32.03964","12","5",NA,NA,NA,NA,NA,NA,NA,NA,NA,NA,NA,NA,NA,NA,NA,NA,NA,NA,NA,NA,NA,NA,NA,NA
"MazmanianS_DeCastroFonsecaM_3","CALTEC-001-ASO7_5mo_aFMT","CALTEC-001-ASO7_5mo_aFMT","Parkinson Disease","NCIT:C26845","feces","UBERON:0001988","Mus musculus","NCBITaxon:10090","Case","NCIT:C49152","5",NA,NA,"Month","NCIT:C29846",NA,NA,NA,NA,"Kaelyn Long","CALTEC-001-ASO7_5mo_aFMT","CALTEC-001-ASO7_5mo_aFMT","Fecal metagenome of a mouse model overexpressing human alpha-synuclein (ASO)","QIAamp Fast DNA Stool Mini Kit","WGS","METAGENOMIC","RANDOM","paired","ILLUMINA","Illumina NovaSeq X Plus","435","3/7/25","DNA was isolated from one mouse stool sample pellet using the Qiagen FAST DNA stool mini kit following the manufacturers protocol. Libraries were prepared using the Illumina DNA Prep, (M) Tagmentation (96 Samples, IPB) kit (Illumina, #20060059). Sequencing was performed using Illumina NovaSeq X Plus aiming for 70 million reads per sample, with mean read length of 150 base pairs. Library preparation and Sequencing was performed by Prebiomics. Fastq files were uniformly processed using the curatedMetagenomicsNextflow pipeline (https://github.com/seandavi/curatedMetagenomicsNextflow) specifying the mouse reference genome in Trimmomatic.","fastq",NA,NA,NA,NA,NA,NA,"USA","34.1374596;-118.1268377","2024",NA,NA,"ASO","5","27.56","60","17.26","3","/shares/CIBIO-Storage/CM/scratch/data/meta/CM_caltec_001_1024/CALTEC-001-ASO7_5mo_aFMT/CALTEC-001-ASO7_5mo_aFMT_R1.fastq.gz;/shares/CIBIO-Storage/CM/scratch/data/meta/CM_caltec_001_1024/CALTEC-001-ASO7_5mo_aFMT/CALTEC-001-ASO7_5mo_aFMT_R2.fastq.gz;","e37f6ae6-fe48-4eca-8159-fae2a883e83c","Mus musculus",NA,NA,"2",NA,NA,"ASO 5 months","32","35.40792","21","2",NA,NA,NA,NA,NA,NA,NA,NA,NA,NA,NA,NA,NA,NA,NA,NA,NA,NA,NA,NA,NA,NA,NA,NA
"MazmanianS_DeCastroFonsecaM_3","CALTEC-001-ASO8_5mo_aFMT","CALTEC-001-ASO8_5mo_aFMT","Parkinson Disease","NCIT:C26845","feces","UBERON:0001988","Mus musculus","NCBITaxon:10090","Case","NCIT:C49152","5",NA,NA,"Month","NCIT:C29846",NA,NA,NA,NA,"Kaelyn Long","CALTEC-001-ASO8_5mo_aFMT","CALTEC-001-ASO8_5mo_aFMT","Fecal metagenome of a mouse model overexpressing human alpha-synuclein (ASO)","QIAamp Fast DNA Stool Mini Kit","WGS","METAGENOMIC","RANDOM","paired","ILLUMINA","Illumina NovaSeq X Plus","435","3/7/25","DNA was isolated from one mouse stool sample pellet using the Qiagen FAST DNA stool mini kit following the manufacturers protocol. Libraries were prepared using the Illumina DNA Prep, (M) Tagmentation (96 Samples, IPB) kit (Illumina, #20060059). Sequencing was performed using Illumina NovaSeq X Plus aiming for 70 million reads per sample, with mean read length of 150 base pairs. Library preparation and Sequencing was performed by Prebiomics. Fastq files were uniformly processed using the curatedMetagenomicsNextflow pipeline (https://github.com/seandavi/curatedMetagenomicsNextflow) specifying the mouse reference genome in Trimmomatic.","fastq",NA,NA,NA,NA,NA,NA,"USA","34.1374596;-118.1268378","2024",NA,NA,"ASO","5","14.08","1.06","8.12","6","/shares/CIBIO-Storage/CM/scratch/data/meta/CM_caltec_001_1024/CALTEC-001-ASO8_5mo_aFMT/CALTEC-001-ASO8_5mo_aFMT_R1.fastq.gz;/shares/CIBIO-Storage/CM/scratch/data/meta/CM_caltec_001_1024/CALTEC-001-ASO8_5mo_aFMT/CALTEC-001-ASO8_5mo_aFMT_R2.fastq.gz;","e49b2aea-e2c0-4b67-8032-2315a45e369f","Mus musculus",NA,NA,"2",NA,NA,"ASO 5 months","28.6","37.81147","4","2",NA,NA,NA,NA,NA,NA,NA,NA,NA,NA,NA,NA,NA,NA,NA,NA,NA,NA,NA,NA,NA,NA,NA,NA
"MazmanianS_DeCastroFonsecaM_3","CALTEC-001-ASO9_5mo_aFMT","CALTEC-001-ASO9_5mo_aFMT","Parkinson Disease","NCIT:C26845","feces","UBERON:0001988","Mus musculus","NCBITaxon:10090","Case","NCIT:C49152","5",NA,NA,"Month","NCIT:C29846",NA,NA,NA,NA,"Kaelyn Long","CALTEC-001-ASO9_5mo_aFMT","CALTEC-001-ASO9_5mo_aFMT","Fecal metagenome of a mouse model overexpressing human alpha-synuclein (ASO)","QIAamp Fast DNA Stool Mini Kit","WGS","METAGENOMIC","RANDOM","paired","ILLUMINA","Illumina NovaSeq X Plus","435","3/7/25","DNA was isolated from one mouse stool sample pellet using the Qiagen FAST DNA stool mini kit following the manufacturers protocol. Libraries were prepared using the Illumina DNA Prep, (M) Tagmentation (96 Samples, IPB) kit (Illumina, #20060059). Sequencing was performed using Illumina NovaSeq X Plus aiming for 70 million reads per sample, with mean read length of 150 base pairs. Library preparation and Sequencing was performed by Prebiomics. Fastq files were uniformly processed using the curatedMetagenomicsNextflow pipeline (https://github.com/seandavi/curatedMetagenomicsNextflow) specifying the mouse reference genome in Trimmomatic.","fastq",NA,NA,NA,NA,NA,NA,"USA","34.1374596;-118.1268379","2024",NA,NA,"ASO","5","13.58","20.13","13","10","/shares/CIBIO-Storage/CM/scratch/data/meta/CM_caltec_001_1024/CALTEC-001-ASO9_5mo_aFMT/CALTEC-001-ASO9_5mo_aFMT_R1.fastq.gz;/shares/CIBIO-Storage/CM/scratch/data/meta/CM_caltec_001_1024/CALTEC-001-ASO9_5mo_aFMT/CALTEC-001-ASO9_5mo_aFMT_R2.fastq.gz;","2d602b36-aca6-4758-9d58-0bb8ee52cd54","Mus musculus",NA,NA,"2",NA,NA,"ASO 5 months","32.9","38.52596","6","6",NA,NA,NA,NA,NA,NA,NA,NA,NA,NA,NA,NA,NA,NA,NA,NA,NA,NA,NA,NA,NA,NA,NA,NA
"MazmanianS_DeCastroFonsecaM_3","CALTEC-001-ASO10_5mo_aFMT","CALTEC-001-ASO10_5mo_aFMT","Parkinson Disease","NCIT:C26845","feces","UBERON:0001988","Mus musculus","NCBITaxon:10090","Case","NCIT:C49152","5",NA,NA,"Month","NCIT:C29846",NA,NA,NA,NA,"Kaelyn Long","CALTEC-001-ASO10_5mo_aFMT","CALTEC-001-ASO10_5mo_aFMT","Fecal metagenome of a mouse model overexpressing human alpha-synuclein (ASO)","QIAamp Fast DNA Stool Mini Kit","WGS","METAGENOMIC","RANDOM","paired","ILLUMINA","Illumina NovaSeq X Plus","435","3/7/25","DNA was isolated from one mouse stool sample pellet using the Qiagen FAST DNA stool mini kit following the manufacturers protocol. Libraries were prepared using the Illumina DNA Prep, (M) Tagmentation (96 Samples, IPB) kit (Illumina, #20060059). Sequencing was performed using Illumina NovaSeq X Plus aiming for 70 million reads per sample, with mean read length of 150 base pairs. Library preparation and Sequencing was performed by Prebiomics. Fastq files were uniformly processed using the curatedMetagenomicsNextflow pipeline (https://github.com/seandavi/curatedMetagenomicsNextflow) specifying the mouse reference genome in Trimmomatic.","fastq",NA,NA,NA,NA,NA,NA,"USA","34.1374596;-118.1268380","2024",NA,NA,"ASO","5","48.52","26.23","28","5","/shares/CIBIO-Storage/CM/scratch/data/meta/CM_caltec_001_1024/CALTEC-001-ASO10_5mo_aFMT/CALTEC-001-ASO10_5mo_aFMT_R1.fastq.gz;/shares/CIBIO-Storage/CM/scratch/data/meta/CM_caltec_001_1024/CALTEC-001-ASO10_5mo_aFMT/CALTEC-001-ASO10_5mo_aFMT_R2.fastq.gz;","342924b3-727c-4395-ae81-b7817ec2e94d","Mus musculus",NA,NA,"2",NA,NA,"ASO 5 months","29.1","53.10306","4","3",NA,NA,NA,NA,NA,NA,NA,NA,NA,NA,NA,NA,NA,NA,NA,NA,NA,NA,NA,NA,NA,NA,NA,NA
"MazmanianS_DeCastroFonsecaM_3","CALTEC-001-ASO1_5mo_yFMT","CALTEC-001-ASO1_5mo_yFMT","Parkinson Disease","NCIT:C26845","feces","UBERON:0001988","Mus musculus","NCBITaxon:10090","Study Control","NCIT:C142703","5",NA,NA,"Month","NCIT:C29846",NA,NA,NA,NA,"Kaelyn Long","CALTEC-001-ASO1_5mo_yFMT","CALTEC-001-ASO1_5mo_yFMT","Fecal metagenome of a mouse model overexpressing human alpha-synuclein (ASO)","QIAamp Fast DNA Stool Mini Kit","WGS","METAGENOMIC","RANDOM","paired","ILLUMINA","Illumina NovaSeq X Plus","435","3/7/25","DNA was isolated from one mouse stool sample pellet using the Qiagen FAST DNA stool mini kit following the manufacturers protocol. Libraries were prepared using the Illumina DNA Prep, (M) Tagmentation (96 Samples, IPB) kit (Illumina, #20060059). Sequencing was performed using Illumina NovaSeq X Plus aiming for 70 million reads per sample, with mean read length of 150 base pairs. Library preparation and Sequencing was performed by Prebiomics. Fastq files were uniformly processed using the curatedMetagenomicsNextflow pipeline (https://github.com/seandavi/curatedMetagenomicsNextflow) specifying the mouse reference genome in Trimmomatic.","fastq",NA,NA,NA,NA,NA,NA,"USA","34.1374596;-118.1268381","2024",NA,NA,"ASO","5","10.4","17.7","7.7","3","/shares/CIBIO-Storage/CM/scratch/data/meta/CM_caltec_001_1024/CALTEC-001-ASO1_5mo_yFMT/CALTEC-001-ASO1_5mo_yFMT_R1.fastq.gz;/shares/CIBIO-Storage/CM/scratch/data/meta/CM_caltec_001_1024/CALTEC-001-ASO1_5mo_yFMT/CALTEC-001-ASO1_5mo_yFMT_R2.fastq.gz;","c787bfd7-c94f-45fc-9eca-8ca413b73487","Mus musculus",NA,NA,"3",NA,NA,"WT 2 months","30.5","27.66382","7","7",NA,NA,NA,NA,NA,NA,NA,NA,NA,NA,NA,NA,NA,NA,NA,NA,NA,NA,NA,NA,NA,NA,NA,NA
"MazmanianS_DeCastroFonsecaM_3","CALTEC-001-ASO2_5mo_yFMT","CALTEC-001-ASO2_5mo_yFMT","Parkinson Disease","NCIT:C26845","feces","UBERON:0001988","Mus musculus","NCBITaxon:10090","Study Control","NCIT:C142703","5",NA,NA,"Month","NCIT:C29846",NA,NA,NA,NA,"Kaelyn Long","CALTEC-001-ASO2_5mo_yFMT","CALTEC-001-ASO2_5mo_yFMT","Fecal metagenome of a mouse model overexpressing human alpha-synuclein (ASO)","QIAamp Fast DNA Stool Mini Kit","WGS","METAGENOMIC","RANDOM","paired","ILLUMINA","Illumina NovaSeq X Plus","435","3/7/25","DNA was isolated from one mouse stool sample pellet using the Qiagen FAST DNA stool mini kit following the manufacturers protocol. Libraries were prepared using the Illumina DNA Prep, (M) Tagmentation (96 Samples, IPB) kit (Illumina, #20060059). Sequencing was performed using Illumina NovaSeq X Plus aiming for 70 million reads per sample, with mean read length of 150 base pairs. Library preparation and Sequencing was performed by Prebiomics. Fastq files were uniformly processed using the curatedMetagenomicsNextflow pipeline (https://github.com/seandavi/curatedMetagenomicsNextflow) specifying the mouse reference genome in Trimmomatic.","fastq",NA,NA,NA,NA,NA,NA,"USA","34.1374596;-118.1268382","2024",NA,NA,"ASO","5","10","8.36","8.36","3","/shares/CIBIO-Storage/CM/scratch/data/meta/CM_caltec_001_1024/CALTEC-001-ASO2_5mo_yFMT/CALTEC-001-ASO2_5mo_yFMT_R1.fastq.gz;/shares/CIBIO-Storage/CM/scratch/data/meta/CM_caltec_001_1024/CALTEC-001-ASO2_5mo_yFMT/CALTEC-001-ASO2_5mo_yFMT_R2.fastq.gz;","500d5afa-7f3b-493e-b850-e773be28bd4b","Mus musculus",NA,NA,"3",NA,NA,"WT 2 months","39","50.94894","2","6",NA,NA,NA,NA,NA,NA,NA,NA,NA,NA,NA,NA,NA,NA,NA,NA,NA,NA,NA,NA,NA,NA,NA,NA
"MazmanianS_DeCastroFonsecaM_3","CALTEC-001-ASO3_5mo_yFMT","CALTEC-001-ASO3_5mo_yFMT","Parkinson Disease","NCIT:C26845","feces","UBERON:0001988","Mus musculus","NCBITaxon:10090","Study Control","NCIT:C142703","5",NA,NA,"Month","NCIT:C29846",NA,NA,NA,NA,"Kaelyn Long","CALTEC-001-ASO3_5mo_yFMT","CALTEC-001-ASO3_5mo_yFMT","Fecal metagenome of a mouse model overexpressing human alpha-synuclein (ASO)","QIAamp Fast DNA Stool Mini Kit","WGS","METAGENOMIC","RANDOM","paired","ILLUMINA","Illumina NovaSeq X Plus","435","3/7/25","DNA was isolated from one mouse stool sample pellet using the Qiagen FAST DNA stool mini kit following the manufacturers protocol. Libraries were prepared using the Illumina DNA Prep, (M) Tagmentation (96 Samples, IPB) kit (Illumina, #20060059). Sequencing was performed using Illumina NovaSeq X Plus aiming for 70 million reads per sample, with mean read length of 150 base pairs. Library preparation and Sequencing was performed by Prebiomics. Fastq files were uniformly processed using the curatedMetagenomicsNextflow pipeline (https://github.com/seandavi/curatedMetagenomicsNextflow) specifying the mouse reference genome in Trimmomatic.","fastq",NA,NA,NA,NA,NA,NA,"USA","34.1374596;-118.1268383","2024",NA,NA,"ASO","5","10.5","5.37","5.37","3","/shares/CIBIO-Storage/CM/scratch/data/meta/CM_caltec_001_1024/CALTEC-001-ASO3_5mo_yFMT/CALTEC-001-ASO3_5mo_yFMT_R1.fastq.gz;/shares/CIBIO-Storage/CM/scratch/data/meta/CM_caltec_001_1024/CALTEC-001-ASO3_5mo_yFMT/CALTEC-001-ASO3_5mo_yFMT_R2.fastq.gz;","79c048cd-fa17-4723-b3c4-e0c408d4de49","Mus musculus",NA,NA,"3",NA,NA,"WT 2 months","38","58.32932","1","9",NA,NA,NA,NA,NA,NA,NA,NA,NA,NA,NA,NA,NA,NA,NA,NA,NA,NA,NA,NA,NA,NA,NA,NA
"MazmanianS_DeCastroFonsecaM_3","CALTEC-001-ASO4_5mo_yFMT","CALTEC-001-ASO4_5mo_yFMT","Parkinson Disease","NCIT:C26845","feces","UBERON:0001988","Mus musculus","NCBITaxon:10090","Study Control","NCIT:C142703","5",NA,NA,"Month","NCIT:C29846",NA,NA,NA,NA,"Kaelyn Long","CALTEC-001-ASO4_5mo_yFMT","CALTEC-001-ASO4_5mo_yFMT","Fecal metagenome of a mouse model overexpressing human alpha-synuclein (ASO)","QIAamp Fast DNA Stool Mini Kit","WGS","METAGENOMIC","RANDOM","paired","ILLUMINA","Illumina NovaSeq X Plus","435","3/7/25","DNA was isolated from one mouse stool sample pellet using the Qiagen FAST DNA stool mini kit following the manufacturers protocol. Libraries were prepared using the Illumina DNA Prep, (M) Tagmentation (96 Samples, IPB) kit (Illumina, #20060059). Sequencing was performed using Illumina NovaSeq X Plus aiming for 70 million reads per sample, with mean read length of 150 base pairs. Library preparation and Sequencing was performed by Prebiomics. Fastq files were uniformly processed using the curatedMetagenomicsNextflow pipeline (https://github.com/seandavi/curatedMetagenomicsNextflow) specifying the mouse reference genome in Trimmomatic.","fastq",NA,NA,NA,NA,NA,NA,"USA","34.1374596;-118.1268384","2024",NA,NA,"ASO","5","19.5","12.32","12.32","3","/shares/CIBIO-Storage/CM/scratch/data/meta/CM_caltec_001_1024/CALTEC-001-ASO4_5mo_yFMT/CALTEC-001-ASO4_5mo_yFMT_R1.fastq.gz;/shares/CIBIO-Storage/CM/scratch/data/meta/CM_caltec_001_1024/CALTEC-001-ASO4_5mo_yFMT/CALTEC-001-ASO4_5mo_yFMT_R2.fastq.gz;","5e6a165c-021a-420a-bf30-8f7acd69070f","Mus musculus",NA,NA,"3",NA,NA,"WT 2 months","41.5","51.47729","4","6",NA,NA,NA,NA,NA,NA,NA,NA,NA,NA,NA,NA,NA,NA,NA,NA,NA,NA,NA,NA,NA,NA,NA,NA
"MazmanianS_DeCastroFonsecaM_3","CALTEC-001-ASO5_5mo_yFMT","CALTEC-001-ASO5_5mo_yFMT","Parkinson Disease","NCIT:C26845","feces","UBERON:0001988","Mus musculus","NCBITaxon:10090","Study Control","NCIT:C142703","5",NA,NA,"Month","NCIT:C29846",NA,NA,NA,NA,"Kaelyn Long","CALTEC-001-ASO5_5mo_yFMT","CALTEC-001-ASO5_5mo_yFMT","Fecal metagenome of a mouse model overexpressing human alpha-synuclein (ASO)","QIAamp Fast DNA Stool Mini Kit","WGS","METAGENOMIC","RANDOM","paired","ILLUMINA","Illumina NovaSeq X Plus","435","3/7/25","DNA was isolated from one mouse stool sample pellet using the Qiagen FAST DNA stool mini kit following the manufacturers protocol. Libraries were prepared using the Illumina DNA Prep, (M) Tagmentation (96 Samples, IPB) kit (Illumina, #20060059). Sequencing was performed using Illumina NovaSeq X Plus aiming for 70 million reads per sample, with mean read length of 150 base pairs. Library preparation and Sequencing was performed by Prebiomics. Fastq files were uniformly processed using the curatedMetagenomicsNextflow pipeline (https://github.com/seandavi/curatedMetagenomicsNextflow) specifying the mouse reference genome in Trimmomatic.","fastq",NA,NA,NA,NA,NA,NA,"USA","34.1374596;-118.1268385","2024",NA,NA,"ASO","5","9.9","8.51","8.51","2","/shares/CIBIO-Storage/CM/scratch/data/meta/CM_caltec_001_1024/CALTEC-001-ASO5_5mo_yFMT/CALTEC-001-ASO5_5mo_yFMT_R1.fastq.gz;/shares/CIBIO-Storage/CM/scratch/data/meta/CM_caltec_001_1024/CALTEC-001-ASO5_5mo_yFMT/CALTEC-001-ASO5_5mo_yFMT_R2.fastq.gz;","92a6b580-525b-4f6f-b008-93e34fa0dce8","Mus musculus",NA,NA,"3",NA,NA,"WT 2 months","40","47.46658","2","9",NA,NA,NA,NA,NA,NA,NA,NA,NA,NA,NA,NA,NA,NA,NA,NA,NA,NA,NA,NA,NA,NA,NA,NA
"MazmanianS_DeCastroFonsecaM_3","CALTEC-001-ASO6_5mo_yFMT","CALTEC-001-ASO6_5mo_yFMT","Parkinson Disease","NCIT:C26845","feces","UBERON:0001988","Mus musculus","NCBITaxon:10090","Study Control","NCIT:C142703","5",NA,NA,"Month","NCIT:C29846",NA,NA,NA,NA,"Kaelyn Long","CALTEC-001-ASO6_5mo_yFMT","CALTEC-001-ASO6_5mo_yFMT","Fecal metagenome of a mouse model overexpressing human alpha-synuclein (ASO)","QIAamp Fast DNA Stool Mini Kit","WGS","METAGENOMIC","RANDOM","paired","ILLUMINA","Illumina NovaSeq X Plus","435","3/7/25","DNA was isolated from one mouse stool sample pellet using the Qiagen FAST DNA stool mini kit following the manufacturers protocol. Libraries were prepared using the Illumina DNA Prep, (M) Tagmentation (96 Samples, IPB) kit (Illumina, #20060059). Sequencing was performed using Illumina NovaSeq X Plus aiming for 70 million reads per sample, with mean read length of 150 base pairs. Library preparation and Sequencing was performed by Prebiomics. Fastq files were uniformly processed using the curatedMetagenomicsNextflow pipeline (https://github.com/seandavi/curatedMetagenomicsNextflow) specifying the mouse reference genome in Trimmomatic.","fastq",NA,NA,NA,NA,NA,NA,"USA","34.1374596;-118.1268386","2024",NA,NA,"ASO","5","6.4","13","13","4","/shares/CIBIO-Storage/CM/scratch/data/meta/CM_caltec_001_1024/CALTEC-001-ASO6_5mo_yFMT/CALTEC-001-ASO6_5mo_yFMT_R1.fastq.gz;/shares/CIBIO-Storage/CM/scratch/data/meta/CM_caltec_001_1024/CALTEC-001-ASO6_5mo_yFMT/CALTEC-001-ASO6_5mo_yFMT_R2.fastq.gz;","4b8c6f08-afbb-4be1-be0f-a8e48169929b","Mus musculus",NA,NA,"4",NA,NA,"WT 2 months","39","54.19243","1","6",NA,NA,NA,NA,NA,NA,NA,NA,NA,NA,NA,NA,NA,NA,NA,NA,NA,NA,NA,NA,NA,NA,NA,NA
"MazmanianS_DeCastroFonsecaM_3","CALTEC-001-ASO7_5mo_yFMT","CALTEC-001-ASO7_5mo_yFMT","Parkinson Disease","NCIT:C26845","feces","UBERON:0001988","Mus musculus","NCBITaxon:10090","Study Control","NCIT:C142703","5",NA,NA,"Month","NCIT:C29846",NA,NA,NA,NA,"Kaelyn Long","CALTEC-001-ASO7_5mo_yFMT","CALTEC-001-ASO7_5mo_yFMT","Fecal metagenome of a mouse model overexpressing human alpha-synuclein (ASO)","QIAamp Fast DNA Stool Mini Kit","WGS","METAGENOMIC","RANDOM","paired","ILLUMINA","Illumina NovaSeq X Plus","435","3/7/25","DNA was isolated from one mouse stool sample pellet using the Qiagen FAST DNA stool mini kit following the manufacturers protocol. Libraries were prepared using the Illumina DNA Prep, (M) Tagmentation (96 Samples, IPB) kit (Illumina, #20060059). Sequencing was performed using Illumina NovaSeq X Plus aiming for 70 million reads per sample, with mean read length of 150 base pairs. Library preparation and Sequencing was performed by Prebiomics. Fastq files were uniformly processed using the curatedMetagenomicsNextflow pipeline (https://github.com/seandavi/curatedMetagenomicsNextflow) specifying the mouse reference genome in Trimmomatic.","fastq",NA,NA,NA,NA,NA,NA,"USA","34.1374596;-118.1268387","2024",NA,NA,"ASO","5","20","8.39","8.39","3","/shares/CIBIO-Storage/CM/scratch/data/meta/CM_caltec_001_1024/CALTEC-001-ASO7_5mo_yFMT/CALTEC-001-ASO7_5mo_yFMT_R1.fastq.gz;/shares/CIBIO-Storage/CM/scratch/data/meta/CM_caltec_001_1024/CALTEC-001-ASO7_5mo_yFMT/CALTEC-001-ASO7_5mo_yFMT_R2.fastq.gz;","eb0c44a6-e3b8-4e42-b324-370c5778a12b","Mus musculus",NA,NA,"4",NA,NA,"WT 2 months","38.5","76.5896","6","9",NA,NA,NA,NA,NA,NA,NA,NA,NA,NA,NA,NA,NA,NA,NA,NA,NA,NA,NA,NA,NA,NA,NA,NA
"MazmanianS_DeCastroFonsecaM_3","CALTEC-001-ASO8_5mo_yFMT","CALTEC-001-ASO8_5mo_yFMT","Parkinson Disease","NCIT:C26845","feces","UBERON:0001988","Mus musculus","NCBITaxon:10090","Study Control","NCIT:C142703","5",NA,NA,"Month","NCIT:C29846",NA,NA,NA,NA,"Kaelyn Long","CALTEC-001-ASO8_5mo_yFMT","CALTEC-001-ASO8_5mo_yFMT","Fecal metagenome of a mouse model overexpressing human alpha-synuclein (ASO)","QIAamp Fast DNA Stool Mini Kit","WGS","METAGENOMIC","RANDOM","paired","ILLUMINA","Illumina NovaSeq X Plus","435","3/7/25","DNA was isolated from one mouse stool sample pellet using the Qiagen FAST DNA stool mini kit following the manufacturers protocol. Libraries were prepared using the Illumina DNA Prep, (M) Tagmentation (96 Samples, IPB) kit (Illumina, #20060059). Sequencing was performed using Illumina NovaSeq X Plus aiming for 70 million reads per sample, with mean read length of 150 base pairs. Library preparation and Sequencing was performed by Prebiomics. Fastq files were uniformly processed using the curatedMetagenomicsNextflow pipeline (https://github.com/seandavi/curatedMetagenomicsNextflow) specifying the mouse reference genome in Trimmomatic.","fastq",NA,NA,NA,NA,NA,NA,"USA","34.1374596;-118.1268388","2024",NA,NA,"ASO","5","10.2","7.45","7.45","3","/shares/CIBIO-Storage/CM/scratch/data/meta/CM_caltec_001_1024/CALTEC-001-ASO8_5mo_yFMT/CALTEC-001-ASO8_5mo_yFMT_R1.fastq.gz;/shares/CIBIO-Storage/CM/scratch/data/meta/CM_caltec_001_1024/CALTEC-001-ASO8_5mo_yFMT/CALTEC-001-ASO8_5mo_yFMT_R2.fastq.gz;","2e1f8033-896a-4d58-8008-1aa2f1c2a8ef","Mus musculus",NA,NA,"4",NA,NA,"WT 2 months","34.5","22.43355","4","13",NA,NA,NA,NA,NA,NA,NA,NA,NA,NA,NA,NA,NA,NA,NA,NA,NA,NA,NA,NA,NA,NA,NA,NA
"MazmanianS_DeCastroFonsecaM_3","CALTEC-001-ASO9_5mo_yFMT","CALTEC-001-ASO9_5mo_yFMT","Parkinson Disease","NCIT:C26845","feces","UBERON:0001988","Mus musculus","NCBITaxon:10090","Study Control","NCIT:C142703","5",NA,NA,"Month","NCIT:C29846",NA,NA,NA,NA,"Kaelyn Long","CALTEC-001-ASO9_5mo_yFMT","CALTEC-001-ASO9_5mo_yFMT","Fecal metagenome of a mouse model overexpressing human alpha-synuclein (ASO)","QIAamp Fast DNA Stool Mini Kit","WGS","METAGENOMIC","RANDOM","paired","ILLUMINA","Illumina NovaSeq X Plus","439","3/18/25","DNA was isolated from one mouse stool sample pellet using the Qiagen FAST DNA stool mini kit following the manufacturers protocol. Libraries were prepared using the Illumina DNA Prep, (M) Tagmentation (96 Samples, IPB) kit (Illumina, #20060059). Sequencing was performed using Illumina NovaSeq X Plus aiming for 70 million reads per sample, with mean read length of 150 base pairs. Library preparation and Sequencing was performed by Prebiomics. Fastq files were uniformly processed using the curatedMetagenomicsNextflow pipeline (https://github.com/seandavi/curatedMetagenomicsNextflow) specifying the mouse reference genome in Trimmomatic.","fastq",NA,NA,NA,NA,NA,NA,"USA","34.1374596;-118.1268389","2024",NA,NA,"ASO","5","17.06","3.08","7.06","3","/shares/CIBIO-Storage/CM/scratch/data/meta/CM_caltec_001_1024/CALTEC-001-ASO9_5mo_yFMT/CALTEC-001-ASO9_5mo_yFMT_R1.fastq.gz;/shares/CIBIO-Storage/CM/scratch/data/meta/CM_caltec_001_1024/CALTEC-001-ASO9_5mo_yFMT/CALTEC-001-ASO9_5mo_yFMT_R2.fastq.gz;","3ec65010-9417-4208-ad81-8523f32a7af5","Mus musculus",NA,NA,"4",NA,NA,"WT 2 months","33.5","46.86347","1","12",NA,NA,NA,NA,NA,NA,NA,NA,NA,NA,NA,NA,NA,NA,NA,NA,NA,NA,NA,NA,NA,NA,NA,NA
"MazmanianS_DeCastroFonsecaM_3","CALTEC-001-ASO10_5mo_yFMT","CALTEC-001-ASO10_5mo_yFMT","Parkinson Disease","NCIT:C26845","feces","UBERON:0001988","Mus musculus","NCBITaxon:10090","Study Control","NCIT:C142703","5",NA,NA,"Month","NCIT:C29846",NA,NA,NA,NA,"Kaelyn Long","CALTEC-001-ASO10_5mo_yFMT","CALTEC-001-ASO10_5mo_yFMT","Fecal metagenome of a mouse model overexpressing human alpha-synuclein (ASO)","QIAamp Fast DNA Stool Mini Kit","WGS","METAGENOMIC","RANDOM","paired","ILLUMINA","Illumina NovaSeq X Plus","435","3/7/25","DNA was isolated from one mouse stool sample pellet using the Qiagen FAST DNA stool mini kit following the manufacturers protocol. Libraries were prepared using the Illumina DNA Prep, (M) Tagmentation (96 Samples, IPB) kit (Illumina, #20060059). Sequencing was performed using Illumina NovaSeq X Plus aiming for 70 million reads per sample, with mean read length of 150 base pairs. Library preparation and Sequencing was performed by Prebiomics. Fastq files were uniformly processed using the curatedMetagenomicsNextflow pipeline (https://github.com/seandavi/curatedMetagenomicsNextflow) specifying the mouse reference genome in Trimmomatic.","fastq",NA,NA,NA,NA,NA,NA,"USA","34.1374596;-118.1268390","2024",NA,NA,"ASO","5","6.07","1.7","6.07","3","/shares/CIBIO-Storage/CM/scratch/data/meta/CM_caltec_001_1024/CALTEC-001-ASO10_5mo_yFMT/CALTEC-001-ASO10_5mo_yFMT_R1.fastq.gz;/shares/CIBIO-Storage/CM/scratch/data/meta/CM_caltec_001_1024/CALTEC-001-ASO10_5mo_yFMT/CALTEC-001-ASO10_5mo_yFMT_R2.fastq.gz;","1d97ce99-abd4-46db-93fb-53f7b798f54e","Mus musculus",NA,NA,"4",NA,NA,"WT 2 months","37.5","60.0365","4","19",NA,NA,NA,NA,NA,NA,NA,NA,NA,NA,NA,NA,NA,NA,NA,NA,NA,NA,NA,NA,NA,NA,NA,NA
"MazmanianS_DeCastroFonsecaM_4","CALTEC-001-ASO1_Vanco","CALTEC-001-ASO1_Vanco","Parkinson Disease","NCIT:C26845","feces","UBERON:0001988","Mus musculus","NCBITaxon:10090","Case","NCIT:C49152","5",NA,NA,"Month","NCIT:C29846",NA,NA,NA,NA,"Kaelyn Long","CALTEC-001-ASO1_Vanco","CALTEC-001-ASO1_Vanco","FMT from 2-month old WT animals treated with vancomycin","QIAamp Fast DNA Stool Mini Kit","WGS","METAGENOMIC","RANDOM","paired","ILLUMINA","Illumina NovaSeq X Plus","435","45723","DNA was isolated from one mouse stool sample pellet using the Qiagen FAST DNA stool mini kit following the manufacturers protocol. Libraries were prepared using the Illumina DNA Prep, (M) Tagmentation (96 Samples, IPB) kit (Illumina, #20060059). Sequencing was performed using Illumina NovaSeq X Plus aiming for 70 million reads per sample, with mean read length of 150 base pairs. Library preparation and Sequencing was performed by Prebiomics. Fastq files were uniformly processed using the curatedMetagenomicsNextflow pipeline (https://github.com/seandavi/curatedMetagenomicsNextflow) specifying the mouse reference genome in Trimmomatic.","fastq",NA,NA,NA,NA,NA,NA,"USA","34.1374596;-118.1268371","2024",NA,NA,"ASO","5","10.02","11.56","6.72","5","/shares/CIBIO-Storage/CM/scratch/data/meta/CM_caltec_001_1024/CALTEC-001-ASO1_Vanco/CALTEC-001-ASO1_Vanco_R1.fastq.gz;/shares/CIBIO-Storage/CM/scratch/data/meta/CM_caltec_001_1024/CALTEC-001-ASO1_Vanco/CALTEC-001-ASO1_Vanco_R2.fastq.gz;","ca40cc40-c64f-42e6-aac6-e5487b6e6302","Mus musculus",NA,NA,"1",NA,NA,NA,"31",NA,"225","1","Vancomycin","WT","2",NA,NA,NA,NA,NA,NA,NA,NA,NA,NA,NA,NA,NA,NA,NA,NA,NA,NA,NA,NA,NA
"MazmanianS_DeCastroFonsecaM_4","CALTEC-001-ASO2_Vanco","CALTEC-001-ASO2_Vanco","Parkinson Disease","NCIT:C26845","feces","UBERON:0001988","Mus musculus","NCBITaxon:10090","Case","NCIT:C49152","5",NA,NA,"Month","NCIT:C29846",NA,NA,NA,NA,"Kaelyn Long","CALTEC-001-ASO2_Vanco","CALTEC-001-ASO2_Vanco","FMT from 2-month old WT animals treated with vancomycin","QIAamp Fast DNA Stool Mini Kit","WGS","METAGENOMIC","RANDOM","paired","ILLUMINA","Illumina NovaSeq X Plus","435","45723","DNA was isolated from one mouse stool sample pellet using the Qiagen FAST DNA stool mini kit following the manufacturers protocol. Libraries were prepared using the Illumina DNA Prep, (M) Tagmentation (96 Samples, IPB) kit (Illumina, #20060059). Sequencing was performed using Illumina NovaSeq X Plus aiming for 70 million reads per sample, with mean read length of 150 base pairs. Library preparation and Sequencing was performed by Prebiomics. Fastq files were uniformly processed using the curatedMetagenomicsNextflow pipeline (https://github.com/seandavi/curatedMetagenomicsNextflow) specifying the mouse reference genome in Trimmomatic.","fastq",NA,NA,NA,NA,NA,NA,"USA","34.1374596;-118.1268372","2024",NA,NA,"ASO","5","12.19","15.07","30","4","/shares/CIBIO-Storage/CM/scratch/data/meta/CM_caltec_001_1024/CALTEC-001-ASO2_Vanco/CALTEC-001-ASO2_Vanco_R1.fastq.gz;/shares/CIBIO-Storage/CM/scratch/data/meta/CM_caltec_001_1024/CALTEC-001-ASO2_Vanco/CALTEC-001-ASO2_Vanco_R2.fastq.gz;","69509782-dd59-4419-b7e3-8d1cd38b2342","Mus musculus",NA,NA,"1",NA,NA,NA,"28",NA,"232","5","Vancomycin","WT","2",NA,NA,NA,NA,NA,NA,NA,NA,NA,NA,NA,NA,NA,NA,NA,NA,NA,NA,NA,NA,NA
"MazmanianS_DeCastroFonsecaM_4","CALTEC-001-ASO3_Vanco","CALTEC-001-ASO3_Vanco","Parkinson Disease","NCIT:C26845","feces","UBERON:0001988","Mus musculus","NCBITaxon:10090","Case","NCIT:C49152","5",NA,NA,"Month","NCIT:C29846",NA,NA,NA,NA,"Kaelyn Long","CALTEC-001-ASO3_Vanco","CALTEC-001-ASO3_Vanco","FMT from 2-month old WT animals treated with vancomycin","QIAamp Fast DNA Stool Mini Kit","WGS","METAGENOMIC","RANDOM","paired","ILLUMINA","Illumina NovaSeq X Plus","435","45723","DNA was isolated from one mouse stool sample pellet using the Qiagen FAST DNA stool mini kit following the manufacturers protocol. Libraries were prepared using the Illumina DNA Prep, (M) Tagmentation (96 Samples, IPB) kit (Illumina, #20060059). Sequencing was performed using Illumina NovaSeq X Plus aiming for 70 million reads per sample, with mean read length of 150 base pairs. Library preparation and Sequencing was performed by Prebiomics. Fastq files were uniformly processed using the curatedMetagenomicsNextflow pipeline (https://github.com/seandavi/curatedMetagenomicsNextflow) specifying the mouse reference genome in Trimmomatic.","fastq",NA,NA,NA,NA,NA,NA,"USA","34.1374596;-118.1268373","2024",NA,NA,"ASO","5","10.25","13.2","14.21","4","/shares/CIBIO-Storage/CM/scratch/data/meta/CM_caltec_001_1024/CALTEC-001-ASO3_Vanco/CALTEC-001-ASO3_Vanco_R1.fastq.gz;/shares/CIBIO-Storage/CM/scratch/data/meta/CM_caltec_001_1024/CALTEC-001-ASO3_Vanco/CALTEC-001-ASO3_Vanco_R2.fastq.gz;","00f4777c-8f72-44ce-9ac7-89454c01a453","Mus musculus",NA,NA,"1",NA,NA,NA,"33.5",NA,"300","0","Vancomycin","WT","2",NA,NA,NA,NA,NA,NA,NA,NA,NA,NA,NA,NA,NA,NA,NA,NA,NA,NA,NA,NA,NA
"MazmanianS_DeCastroFonsecaM_4","CALTEC-001-ASO4_Vanco","CALTEC-001-ASO4_Vanco","Parkinson Disease","NCIT:C26845","feces","UBERON:0001988","Mus musculus","NCBITaxon:10090","Case","NCIT:C49152","5",NA,NA,"Month","NCIT:C29846",NA,NA,NA,NA,"Kaelyn Long","CALTEC-001-ASO4_Vanco","CALTEC-001-ASO4_Vanco","FMT from 2-month old WT animals treated with vancomycin","QIAamp Fast DNA Stool Mini Kit","WGS","METAGENOMIC","RANDOM","paired","ILLUMINA","Illumina NovaSeq X Plus","435","45723","DNA was isolated from one mouse stool sample pellet using the Qiagen FAST DNA stool mini kit following the manufacturers protocol. Libraries were prepared using the Illumina DNA Prep, (M) Tagmentation (96 Samples, IPB) kit (Illumina, #20060059). Sequencing was performed using Illumina NovaSeq X Plus aiming for 70 million reads per sample, with mean read length of 150 base pairs. Library preparation and Sequencing was performed by Prebiomics. Fastq files were uniformly processed using the curatedMetagenomicsNextflow pipeline (https://github.com/seandavi/curatedMetagenomicsNextflow) specifying the mouse reference genome in Trimmomatic.","fastq",NA,NA,NA,NA,NA,NA,"USA","34.1374596;-118.1268374","2024",NA,NA,"ASO","5","20.71","13.15","30","8","/shares/CIBIO-Storage/CM/scratch/data/meta/CM_caltec_001_1024/CALTEC-001-ASO4_Vanco/CALTEC-001-ASO4_Vanco_R1.fastq.gz;/shares/CIBIO-Storage/CM/scratch/data/meta/CM_caltec_001_1024/CALTEC-001-ASO4_Vanco/CALTEC-001-ASO4_Vanco_R2.fastq.gz;","67919a94-0358-43e8-98b3-88c6a33fcdf3","Mus musculus",NA,NA,"1",NA,NA,NA,"33",NA,"300","2","Vancomycin","WT","2",NA,NA,NA,NA,NA,NA,NA,NA,NA,NA,NA,NA,NA,NA,NA,NA,NA,NA,NA,NA,NA
"MazmanianS_DeCastroFonsecaM_4","CALTEC-001-ASO5_Vanco","CALTEC-001-ASO5_Vanco","Parkinson Disease","NCIT:C26845","feces","UBERON:0001988","Mus musculus","NCBITaxon:10090","Case","NCIT:C49152","5",NA,NA,"Month","NCIT:C29846",NA,NA,NA,NA,"Kaelyn Long","CALTEC-001-ASO5_Vanco","CALTEC-001-ASO5_Vanco","FMT from 2-month old WT animals treated with vancomycin","QIAamp Fast DNA Stool Mini Kit","WGS","METAGENOMIC","RANDOM","paired","ILLUMINA","Illumina NovaSeq X Plus","435","45723","DNA was isolated from one mouse stool sample pellet using the Qiagen FAST DNA stool mini kit following the manufacturers protocol. Libraries were prepared using the Illumina DNA Prep, (M) Tagmentation (96 Samples, IPB) kit (Illumina, #20060059). Sequencing was performed using Illumina NovaSeq X Plus aiming for 70 million reads per sample, with mean read length of 150 base pairs. Library preparation and Sequencing was performed by Prebiomics. Fastq files were uniformly processed using the curatedMetagenomicsNextflow pipeline (https://github.com/seandavi/curatedMetagenomicsNextflow) specifying the mouse reference genome in Trimmomatic.","fastq",NA,NA,NA,NA,NA,NA,"USA","34.1374596;-118.1268375","2024",NA,NA,"ASO","5","25.84","11.85","7.32","6","/shares/CIBIO-Storage/CM/scratch/data/meta/CM_caltec_001_1024/CALTEC-001-ASO5_Vanco/CALTEC-001-ASO5_Vanco_R1.fastq.gz;/shares/CIBIO-Storage/CM/scratch/data/meta/CM_caltec_001_1024/CALTEC-001-ASO5_Vanco/CALTEC-001-ASO5_Vanco_R2.fastq.gz;","8f5dc4b4-8185-40d9-971d-fee798b6f5b7","Mus musculus",NA,NA,"2",NA,NA,NA,"29",NA,"182","3","Vancomycin","WT","2",NA,NA,NA,NA,NA,NA,NA,NA,NA,NA,NA,NA,NA,NA,NA,NA,NA,NA,NA,NA,NA
"MazmanianS_DeCastroFonsecaM_4","CALTEC-001-ASO6_Vanco","CALTEC-001-ASO6_Vanco","Parkinson Disease","NCIT:C26845","feces","UBERON:0001988","Mus musculus","NCBITaxon:10090","Case","NCIT:C49152","5",NA,NA,"Month","NCIT:C29846",NA,NA,NA,NA,"Kaelyn Long","CALTEC-001-ASO6_Vanco","CALTEC-001-ASO6_Vanco","FMT from 2-month old WT animals treated with vancomycin","QIAamp Fast DNA Stool Mini Kit","WGS","METAGENOMIC","RANDOM","paired","ILLUMINA","Illumina NovaSeq X Plus","435","45723","DNA was isolated from one mouse stool sample pellet using the Qiagen FAST DNA stool mini kit following the manufacturers protocol. Libraries were prepared using the Illumina DNA Prep, (M) Tagmentation (96 Samples, IPB) kit (Illumina, #20060059). Sequencing was performed using Illumina NovaSeq X Plus aiming for 70 million reads per sample, with mean read length of 150 base pairs. Library preparation and Sequencing was performed by Prebiomics. Fastq files were uniformly processed using the curatedMetagenomicsNextflow pipeline (https://github.com/seandavi/curatedMetagenomicsNextflow) specifying the mouse reference genome in Trimmomatic.","fastq",NA,NA,NA,NA,NA,NA,"USA","34.1374596;-118.1268376","2024",NA,NA,"ASO","5","30","2.03","30","9","/shares/CIBIO-Storage/CM/scratch/data/meta/CM_caltec_001_1024/CALTEC-001-ASO6_Vanco/CALTEC-001-ASO6_Vanco_R1.fastq.gz;/shares/CIBIO-Storage/CM/scratch/data/meta/CM_caltec_001_1024/CALTEC-001-ASO6_Vanco/CALTEC-001-ASO6_Vanco_R2.fastq.gz;","dbe8f62a-2176-4857-9981-13a3a4762cee","Mus musculus",NA,NA,"2",NA,NA,NA,"28.5",NA,"268","7","Vancomycin","WT","2",NA,NA,NA,NA,NA,NA,NA,NA,NA,NA,NA,NA,NA,NA,NA,NA,NA,NA,NA,NA,NA
"MazmanianS_DeCastroFonsecaM_4","CALTEC-001-ASO7_Vanco","CALTEC-001-ASO7_Vanco","Parkinson Disease","NCIT:C26845","feces","UBERON:0001988","Mus musculus","NCBITaxon:10090","Case","NCIT:C49152","5",NA,NA,"Month","NCIT:C29846",NA,NA,NA,NA,"Kaelyn Long","CALTEC-001-ASO7_Vanco","CALTEC-001-ASO7_Vanco","FMT from 2-month old WT animals treated with vancomycin","QIAamp Fast DNA Stool Mini Kit","WGS","METAGENOMIC","RANDOM","paired","ILLUMINA","Illumina NovaSeq X Plus","435","45723","DNA was isolated from one mouse stool sample pellet using the Qiagen FAST DNA stool mini kit following the manufacturers protocol. Libraries were prepared using the Illumina DNA Prep, (M) Tagmentation (96 Samples, IPB) kit (Illumina, #20060059). Sequencing was performed using Illumina NovaSeq X Plus aiming for 70 million reads per sample, with mean read length of 150 base pairs. Library preparation and Sequencing was performed by Prebiomics. Fastq files were uniformly processed using the curatedMetagenomicsNextflow pipeline (https://github.com/seandavi/curatedMetagenomicsNextflow) specifying the mouse reference genome in Trimmomatic.","fastq",NA,NA,NA,NA,NA,NA,"USA","34.1374596;-118.1268377","2024",NA,NA,"ASO","5","27","15","28","11","/shares/CIBIO-Storage/CM/scratch/data/meta/CM_caltec_001_1024/CALTEC-001-ASO7_Vanco/CALTEC-001-ASO7_Vanco_R1.fastq.gz;/shares/CIBIO-Storage/CM/scratch/data/meta/CM_caltec_001_1024/CALTEC-001-ASO7_Vanco/CALTEC-001-ASO7_Vanco_R2.fastq.gz;","7560cad7-7c50-4c3d-8daa-e3f61e2129d5","Mus musculus",NA,NA,"2",NA,NA,NA,"28",NA,"265","3","Vancomycin","WT","2",NA,NA,NA,NA,NA,NA,NA,NA,NA,NA,NA,NA,NA,NA,NA,NA,NA,NA,NA,NA,NA
"MazmanianS_DeCastroFonsecaM_4","CALTEC-001-ASO8_Vanco","CALTEC-001-ASO8_Vanco","Parkinson Disease","NCIT:C26845","feces","UBERON:0001988","Mus musculus","NCBITaxon:10090","Case","NCIT:C49152","5",NA,NA,"Month","NCIT:C29846",NA,NA,NA,NA,"Kaelyn Long","CALTEC-001-ASO8_Vanco","CALTEC-001-ASO8_Vanco","FMT from 2-month old WT animals treated with vancomycin","QIAamp Fast DNA Stool Mini Kit","WGS","METAGENOMIC","RANDOM","paired","ILLUMINA","Illumina NovaSeq X Plus","435","45723","DNA was isolated from one mouse stool sample pellet using the Qiagen FAST DNA stool mini kit following the manufacturers protocol. Libraries were prepared using the Illumina DNA Prep, (M) Tagmentation (96 Samples, IPB) kit (Illumina, #20060059). Sequencing was performed using Illumina NovaSeq X Plus aiming for 70 million reads per sample, with mean read length of 150 base pairs. Library preparation and Sequencing was performed by Prebiomics. Fastq files were uniformly processed using the curatedMetagenomicsNextflow pipeline (https://github.com/seandavi/curatedMetagenomicsNextflow) specifying the mouse reference genome in Trimmomatic.","fastq",NA,NA,NA,NA,NA,NA,"USA","34.1374596;-118.1268378","2024",NA,NA,"ASO","5","26","17","24","8","/shares/CIBIO-Storage/CM/scratch/data/meta/CM_caltec_001_1024/CALTEC-001-ASO8_Vanco/CALTEC-001-ASO8_Vanco_R1.fastq.gz;/shares/CIBIO-Storage/CM/scratch/data/meta/CM_caltec_001_1024/CALTEC-001-ASO8_Vanco/CALTEC-001-ASO8_Vanco_R2.fastq.gz;","7d7ccd5b-e11d-4334-8672-74809d03e125","Mus musculus",NA,NA,"2",NA,NA,NA,"27",NA,"234","1","Vancomycin","WT","2",NA,NA,NA,NA,NA,NA,NA,NA,NA,NA,NA,NA,NA,NA,NA,NA,NA,NA,NA,NA,NA
"MazmanianS_DeCastroFonsecaM_4","CALTEC-001-201","CALTEC-001-201","Parkinson Disease","NCIT:C26845","feces","UBERON:0001988","Mus musculus","NCBITaxon:10090","Case","NCIT:C49152","5",NA,NA,"Month","NCIT:C29846",NA,NA,NA,NA,"Kaelyn Long","CALTEC-001-201","CALTEC-001-201","FMT from 2-month old WT animals treated with Gentamicin/Neomycin","QIAamp Fast DNA Stool Mini Kit","WGS","METAGENOMIC","RANDOM","paired","ILLUMINA","Illumina NovaSeq X Plus","435","45723","DNA was isolated from one mouse stool sample pellet using the Qiagen FAST DNA stool mini kit following the manufacturers protocol. Libraries were prepared using the Illumina DNA Prep, (M) Tagmentation (96 Samples, IPB) kit (Illumina, #20060059). Sequencing was performed using Illumina NovaSeq X Plus aiming for 70 million reads per sample, with mean read length of 150 base pairs. Library preparation and Sequencing was performed by Prebiomics. Fastq files were uniformly processed using the curatedMetagenomicsNextflow pipeline (https://github.com/seandavi/curatedMetagenomicsNextflow) specifying the mouse reference genome in Trimmomatic.","fastq",NA,NA,NA,NA,NA,NA,"USA","34.1374596;-118.1268379","2024",NA,NA,"ASO","5","30","2.94","30","9","/shares/CIBIO-Storage/CM/scratch/data/meta/CM_caltec_001_1024/CALTEC-001-201/CALTEC-001-201_R1.fastq.gz;/shares/CIBIO-Storage/CM/scratch/data/meta/CM_caltec_001_1024/CALTEC-001-201/CALTEC-001-201_R2.fastq.gz;","f0a6cba6-386c-434a-ba5d-4c9979f654af","Mus musculus",NA,NA,"3",NA,NA,NA,"33",NA,"231","6","Gentamicin-Neomycin","WT","2",NA,NA,NA,NA,NA,NA,NA,NA,NA,NA,NA,NA,NA,NA,NA,NA,NA,NA,NA,NA,NA
"MazmanianS_DeCastroFonsecaM_4","CALTEC-001-202","CALTEC-001-202","Parkinson Disease","NCIT:C26845","feces","UBERON:0001988","Mus musculus","NCBITaxon:10090","Case","NCIT:C49152","5",NA,NA,"Month","NCIT:C29846",NA,NA,NA,NA,"Kaelyn Long","CALTEC-001-202","CALTEC-001-202","FMT from 2-month old WT animals treated with Gentamicin/Neomycin","QIAamp Fast DNA Stool Mini Kit","WGS","METAGENOMIC","RANDOM","paired","ILLUMINA","Illumina NovaSeq X Plus","435","45723","DNA was isolated from one mouse stool sample pellet using the Qiagen FAST DNA stool mini kit following the manufacturers protocol. Libraries were prepared using the Illumina DNA Prep, (M) Tagmentation (96 Samples, IPB) kit (Illumina, #20060059). Sequencing was performed using Illumina NovaSeq X Plus aiming for 70 million reads per sample, with mean read length of 150 base pairs. Library preparation and Sequencing was performed by Prebiomics. Fastq files were uniformly processed using the curatedMetagenomicsNextflow pipeline (https://github.com/seandavi/curatedMetagenomicsNextflow) specifying the mouse reference genome in Trimmomatic.","fastq",NA,NA,NA,NA,NA,NA,"USA","34.1374596;-118.1268380","2024",NA,NA,"ASO","5","30","1.81","30","5","/shares/CIBIO-Storage/CM/scratch/data/meta/CM_caltec_001_1024/CALTEC-001-202/CALTEC-001-202_R1.fastq.gz;/shares/CIBIO-Storage/CM/scratch/data/meta/CM_caltec_001_1024/CALTEC-001-202/CALTEC-001-202_R2.fastq.gz;","9d57d773-1e2b-4d2d-ba2c-4e52eeec9dae","Mus musculus",NA,NA,"3",NA,NA,NA,"35",NA,"196","10","Gentamicin-Neomycin","WT","2",NA,NA,NA,NA,NA,NA,NA,NA,NA,NA,NA,NA,NA,NA,NA,NA,NA,NA,NA,NA,NA
"MazmanianS_DeCastroFonsecaM_4","CALTEC-001-203","CALTEC-001-203","Parkinson Disease","NCIT:C26845","feces","UBERON:0001988","Mus musculus","NCBITaxon:10090","Case","NCIT:C49152","5",NA,NA,"Month","NCIT:C29846",NA,NA,NA,NA,"Kaelyn Long","CALTEC-001-203","CALTEC-001-203","FMT from 2-month old WT animals treated with Gentamicin/Neomycin","QIAamp Fast DNA Stool Mini Kit","WGS","METAGENOMIC","RANDOM","paired","ILLUMINA","Illumina NovaSeq X Plus","435","45723","DNA was isolated from one mouse stool sample pellet using the Qiagen FAST DNA stool mini kit following the manufacturers protocol. Libraries were prepared using the Illumina DNA Prep, (M) Tagmentation (96 Samples, IPB) kit (Illumina, #20060059). Sequencing was performed using Illumina NovaSeq X Plus aiming for 70 million reads per sample, with mean read length of 150 base pairs. Library preparation and Sequencing was performed by Prebiomics. Fastq files were uniformly processed using the curatedMetagenomicsNextflow pipeline (https://github.com/seandavi/curatedMetagenomicsNextflow) specifying the mouse reference genome in Trimmomatic.","fastq",NA,NA,NA,NA,NA,NA,"USA","34.1374596;-118.1268381","2024",NA,NA,"ASO","5","9.41","1.09","5.13","1","/shares/CIBIO-Storage/CM/scratch/data/meta/CM_caltec_001_1024/CALTEC-001-203/CALTEC-001-203_R1.fastq.gz;/shares/CIBIO-Storage/CM/scratch/data/meta/CM_caltec_001_1024/CALTEC-001-203/CALTEC-001-203_R2.fastq.gz;","0497c2f4-4953-4b32-9251-72d94f4732fe","Mus musculus",NA,NA,"3",NA,NA,NA,"30.5",NA,"174","7","Gentamicin-Neomycin","WT","2",NA,NA,NA,NA,NA,NA,NA,NA,NA,NA,NA,NA,NA,NA,NA,NA,NA,NA,NA,NA,NA
"MazmanianS_DeCastroFonsecaM_4","CALTEC-001-204","CALTEC-001-204","Parkinson Disease","NCIT:C26845","feces","UBERON:0001988","Mus musculus","NCBITaxon:10090","Case","NCIT:C49152","5",NA,NA,"Month","NCIT:C29846",NA,NA,NA,NA,"Kaelyn Long","CALTEC-001-204","CALTEC-001-204","FMT from 2-month old WT animals treated with Gentamicin/Neomycin","QIAamp Fast DNA Stool Mini Kit","WGS","METAGENOMIC","RANDOM","paired","ILLUMINA","Illumina NovaSeq X Plus","435","45723","DNA was isolated from one mouse stool sample pellet using the Qiagen FAST DNA stool mini kit following the manufacturers protocol. Libraries were prepared using the Illumina DNA Prep, (M) Tagmentation (96 Samples, IPB) kit (Illumina, #20060059). Sequencing was performed using Illumina NovaSeq X Plus aiming for 70 million reads per sample, with mean read length of 150 base pairs. Library preparation and Sequencing was performed by Prebiomics. Fastq files were uniformly processed using the curatedMetagenomicsNextflow pipeline (https://github.com/seandavi/curatedMetagenomicsNextflow) specifying the mouse reference genome in Trimmomatic.","fastq",NA,NA,NA,NA,NA,NA,"USA","34.1374596;-118.1268382","2024",NA,NA,"ASO","5","19.15","1","7.44","2","/shares/CIBIO-Storage/CM/scratch/data/meta/CM_caltec_001_1024/CALTEC-001-204/CALTEC-001-204_R1.fastq.gz;/shares/CIBIO-Storage/CM/scratch/data/meta/CM_caltec_001_1024/CALTEC-001-204/CALTEC-001-204_R2.fastq.gz;","891a3f13-2d65-49bd-ae55-db139a757508","Mus musculus",NA,NA,"3",NA,NA,NA,"38",NA,"172","14","Gentamicin-Neomycin","WT","2",NA,NA,NA,NA,NA,NA,NA,NA,NA,NA,NA,NA,NA,NA,NA,NA,NA,NA,NA,NA,NA
"MazmanianS_DeCastroFonsecaM_4","CALTEC-001-205","CALTEC-001-205","Parkinson Disease","NCIT:C26845","feces","UBERON:0001988","Mus musculus","NCBITaxon:10090","Case","NCIT:C49152","5",NA,NA,"Month","NCIT:C29846",NA,NA,NA,NA,"Kaelyn Long","CALTEC-001-205","CALTEC-001-205","FMT from 2-month old WT animals treated with Gentamicin/Neomycin","QIAamp Fast DNA Stool Mini Kit","WGS","METAGENOMIC","RANDOM","paired","ILLUMINA","Illumina NovaSeq X Plus","435","45723","DNA was isolated from one mouse stool sample pellet using the Qiagen FAST DNA stool mini kit following the manufacturers protocol. Libraries were prepared using the Illumina DNA Prep, (M) Tagmentation (96 Samples, IPB) kit (Illumina, #20060059). Sequencing was performed using Illumina NovaSeq X Plus aiming for 70 million reads per sample, with mean read length of 150 base pairs. Library preparation and Sequencing was performed by Prebiomics. Fastq files were uniformly processed using the curatedMetagenomicsNextflow pipeline (https://github.com/seandavi/curatedMetagenomicsNextflow) specifying the mouse reference genome in Trimmomatic.","fastq",NA,NA,NA,NA,NA,NA,"USA","34.1374596;-118.1268383","2024",NA,NA,"ASO","5","9.89","16.34","7.84","4","/shares/CIBIO-Storage/CM/scratch/data/meta/CM_caltec_001_1024/CALTEC-001-205/CALTEC-001-205_R1.fastq.gz;/shares/CIBIO-Storage/CM/scratch/data/meta/CM_caltec_001_1024/CALTEC-001-205/CALTEC-001-205_R2.fastq.gz;","b5b3de44-390c-4d9a-b912-5aa028df9e13","Mus musculus",NA,NA,"4",NA,NA,NA,"38",NA,"201","10","Gentamicin-Neomycin","WT","2",NA,NA,NA,NA,NA,NA,NA,NA,NA,NA,NA,NA,NA,NA,NA,NA,NA,NA,NA,NA,NA
"MazmanianS_DeCastroFonsecaM_4","CALTEC-001-206","CALTEC-001-206","Parkinson Disease","NCIT:C26845","feces","UBERON:0001988","Mus musculus","NCBITaxon:10090","Case","NCIT:C49152","5",NA,NA,"Month","NCIT:C29846",NA,NA,NA,NA,"Kaelyn Long","CALTEC-001-206","CALTEC-001-206","FMT from 2-month old WT animals treated with Gentamicin/Neomycin","QIAamp Fast DNA Stool Mini Kit","WGS","METAGENOMIC","RANDOM","paired","ILLUMINA","Illumina NovaSeq X Plus","435","45723","DNA was isolated from one mouse stool sample pellet using the Qiagen FAST DNA stool mini kit following the manufacturers protocol. Libraries were prepared using the Illumina DNA Prep, (M) Tagmentation (96 Samples, IPB) kit (Illumina, #20060059). Sequencing was performed using Illumina NovaSeq X Plus aiming for 70 million reads per sample, with mean read length of 150 base pairs. Library preparation and Sequencing was performed by Prebiomics. Fastq files were uniformly processed using the curatedMetagenomicsNextflow pipeline (https://github.com/seandavi/curatedMetagenomicsNextflow) specifying the mouse reference genome in Trimmomatic.","fastq",NA,NA,NA,NA,NA,NA,"USA","34.1374596;-118.1268384","2024",NA,NA,"ASO","5","30","2.62","21.155","5","/shares/CIBIO-Storage/CM/scratch/data/meta/CM_caltec_001_1024/CALTEC-001-206/CALTEC-001-206_R1.fastq.gz;/shares/CIBIO-Storage/CM/scratch/data/meta/CM_caltec_001_1024/CALTEC-001-206/CALTEC-001-206_R2.fastq.gz;","9dc340a9-0630-4d16-bd2d-d0c7aeba9703","Mus musculus",NA,NA,"4",NA,NA,NA,"33",NA,"181","9","Gentamicin-Neomycin","WT","2",NA,NA,NA,NA,NA,NA,NA,NA,NA,NA,NA,NA,NA,NA,NA,NA,NA,NA,NA,NA,NA
"MazmanianS_DeCastroFonsecaM_4","CALTEC-001-207","CALTEC-001-207","Parkinson Disease","NCIT:C26845","feces","UBERON:0001988","Mus musculus","NCBITaxon:10090","Case","NCIT:C49152","5",NA,NA,"Month","NCIT:C29846",NA,NA,NA,NA,"Kaelyn Long","CALTEC-001-207","CALTEC-001-207","FMT from 2-month old WT animals treated with Gentamicin/Neomycin","QIAamp Fast DNA Stool Mini Kit","WGS","METAGENOMIC","RANDOM","paired","ILLUMINA","Illumina NovaSeq X Plus","435","45723","DNA was isolated from one mouse stool sample pellet using the Qiagen FAST DNA stool mini kit following the manufacturers protocol. Libraries were prepared using the Illumina DNA Prep, (M) Tagmentation (96 Samples, IPB) kit (Illumina, #20060059). Sequencing was performed using Illumina NovaSeq X Plus aiming for 70 million reads per sample, with mean read length of 150 base pairs. Library preparation and Sequencing was performed by Prebiomics. Fastq files were uniformly processed using the curatedMetagenomicsNextflow pipeline (https://github.com/seandavi/curatedMetagenomicsNextflow) specifying the mouse reference genome in Trimmomatic.","fastq",NA,NA,NA,NA,NA,NA,"USA","34.1374596;-118.1268385","2024",NA,NA,"ASO","5","7.4","11.07","30","4","/shares/CIBIO-Storage/CM/scratch/data/meta/CM_caltec_001_1024/CALTEC-001-207/CALTEC-001-207_R1.fastq.gz;/shares/CIBIO-Storage/CM/scratch/data/meta/CM_caltec_001_1024/CALTEC-001-207/CALTEC-001-207_R2.fastq.gz;","a75f2d82-c2d5-4a2b-afcf-6573d7c6b634","Mus musculus",NA,NA,"4",NA,NA,NA,"31.4",NA,"171","7","Gentamicin-Neomycin","WT","2",NA,NA,NA,NA,NA,NA,NA,NA,NA,NA,NA,NA,NA,NA,NA,NA,NA,NA,NA,NA,NA
"MazmanianS_DeCastroFonsecaM_4","CALTEC-001-208","CALTEC-001-208","Parkinson Disease","NCIT:C26845","feces","UBERON:0001988","Mus musculus","NCBITaxon:10090","Case","NCIT:C49152","5",NA,NA,"Month","NCIT:C29846",NA,NA,NA,NA,"Kaelyn Long","CALTEC-001-208","CALTEC-001-208","FMT from 2-month old WT animals treated with Gentamicin/Neomycin","QIAamp Fast DNA Stool Mini Kit","WGS","METAGENOMIC","RANDOM","paired","ILLUMINA","Illumina NovaSeq X Plus","435","45723","DNA was isolated from one mouse stool sample pellet using the Qiagen FAST DNA stool mini kit following the manufacturers protocol. Libraries were prepared using the Illumina DNA Prep, (M) Tagmentation (96 Samples, IPB) kit (Illumina, #20060059). Sequencing was performed using Illumina NovaSeq X Plus aiming for 70 million reads per sample, with mean read length of 150 base pairs. Library preparation and Sequencing was performed by Prebiomics. Fastq files were uniformly processed using the curatedMetagenomicsNextflow pipeline (https://github.com/seandavi/curatedMetagenomicsNextflow) specifying the mouse reference genome in Trimmomatic.","fastq",NA,NA,NA,NA,NA,NA,"USA","34.1374596;-118.1268386","2024",NA,NA,"ASO","5","30","2.06","30","10","/shares/CIBIO-Storage/CM/scratch/data/meta/CM_caltec_001_1024/CALTEC-001-208/CALTEC-001-208_R1.fastq.gz;/shares/CIBIO-Storage/CM/scratch/data/meta/CM_caltec_001_1024/CALTEC-001-208/CALTEC-001-208_R2.fastq.gz;","59ca6be5-1e9f-448c-9acf-541187340245","Mus musculus",NA,NA,"4",NA,NA,NA,"33.5",NA,"178","1","Gentamicin-Neomycin","WT","2",NA,NA,NA,NA,NA,NA,NA,NA,NA,NA,NA,NA,NA,NA,NA,NA,NA,NA,NA,NA,NA
"MazmanianS_DeCastroFonsecaM_4","CALTEC-001-209","CALTEC-001-209","Parkinson Disease","NCIT:C26845","feces","UBERON:0001988","Mus musculus","NCBITaxon:10090","Case","NCIT:C49152","5",NA,NA,"Month","NCIT:C29846",NA,NA,NA,NA,"Kaelyn Long","CALTEC-001-209","CALTEC-001-209","FMT from 2-month old WT animals treated with Ampicillin","QIAamp Fast DNA Stool Mini Kit","WGS","METAGENOMIC","RANDOM","paired","ILLUMINA","Illumina NovaSeq X Plus","435","45723","DNA was isolated from one mouse stool sample pellet using the Qiagen FAST DNA stool mini kit following the manufacturers protocol. Libraries were prepared using the Illumina DNA Prep, (M) Tagmentation (96 Samples, IPB) kit (Illumina, #20060059). Sequencing was performed using Illumina NovaSeq X Plus aiming for 70 million reads per sample, with mean read length of 150 base pairs. Library preparation and Sequencing was performed by Prebiomics. Fastq files were uniformly processed using the curatedMetagenomicsNextflow pipeline (https://github.com/seandavi/curatedMetagenomicsNextflow) specifying the mouse reference genome in Trimmomatic.","fastq",NA,NA,NA,NA,NA,NA,"USA","34.1374596;-118.1268387","2024",NA,NA,"ASO","5","8.34","1.34","11.32","1","/shares/CIBIO-Storage/CM/scratch/data/meta/CM_caltec_001_1024/CALTEC-001-209/CALTEC-001-209_R1.fastq.gz;/shares/CIBIO-Storage/CM/scratch/data/meta/CM_caltec_001_1024/CALTEC-001-209/CALTEC-001-209_R2.fastq.gz;","7efa1c93-7255-4688-998b-8a378c4ed759","Mus musculus",NA,NA,"5",NA,NA,NA,"33",NA,"176","7","Ampicillin","WT","2",NA,NA,NA,NA,NA,NA,NA,NA,NA,NA,NA,NA,NA,NA,NA,NA,NA,NA,NA,NA,NA
"MazmanianS_DeCastroFonsecaM_4","CALTEC-001-210","CALTEC-001-210","Parkinson Disease","NCIT:C26845","feces","UBERON:0001988","Mus musculus","NCBITaxon:10090","Case","NCIT:C49152","5",NA,NA,"Month","NCIT:C29846",NA,NA,NA,NA,"Kaelyn Long","CALTEC-001-210","CALTEC-001-210","FMT from 2-month old WT animals treated with Ampicillin","QIAamp Fast DNA Stool Mini Kit","WGS","METAGENOMIC","RANDOM","paired","ILLUMINA","Illumina NovaSeq X Plus","435","45723","DNA was isolated from one mouse stool sample pellet using the Qiagen FAST DNA stool mini kit following the manufacturers protocol. Libraries were prepared using the Illumina DNA Prep, (M) Tagmentation (96 Samples, IPB) kit (Illumina, #20060059). Sequencing was performed using Illumina NovaSeq X Plus aiming for 70 million reads per sample, with mean read length of 150 base pairs. Library preparation and Sequencing was performed by Prebiomics. Fastq files were uniformly processed using the curatedMetagenomicsNextflow pipeline (https://github.com/seandavi/curatedMetagenomicsNextflow) specifying the mouse reference genome in Trimmomatic.","fastq",NA,NA,NA,NA,NA,NA,"USA","34.1374596;-118.1268388","2024",NA,NA,"ASO","5","5.67","6.8","10.54","4","/shares/CIBIO-Storage/CM/scratch/data/meta/CM_caltec_001_1024/CALTEC-001-210/CALTEC-001-210_R1.fastq.gz;/shares/CIBIO-Storage/CM/scratch/data/meta/CM_caltec_001_1024/CALTEC-001-210/CALTEC-001-210_R2.fastq.gz;","0d7faac2-6f29-4b12-80b0-87ce1892c91b","Mus musculus",NA,NA,"5",NA,NA,NA,"32",NA,"186","11","Ampicillin","WT","2",NA,NA,NA,NA,NA,NA,NA,NA,NA,NA,NA,NA,NA,NA,NA,NA,NA,NA,NA,NA,NA
"MazmanianS_DeCastroFonsecaM_4","CALTEC-001-211","CALTEC-001-211","Parkinson Disease","NCIT:C26845","feces","UBERON:0001988","Mus musculus","NCBITaxon:10090","Case","NCIT:C49152","5",NA,NA,"Month","NCIT:C29846",NA,NA,NA,NA,"Kaelyn Long","CALTEC-001-211","CALTEC-001-211","FMT from 2-month old WT animals treated with Ampicillin","QIAamp Fast DNA Stool Mini Kit","WGS","METAGENOMIC","RANDOM","paired","ILLUMINA","Illumina NovaSeq X Plus","435","45723","DNA was isolated from one mouse stool sample pellet using the Qiagen FAST DNA stool mini kit following the manufacturers protocol. Libraries were prepared using the Illumina DNA Prep, (M) Tagmentation (96 Samples, IPB) kit (Illumina, #20060059). Sequencing was performed using Illumina NovaSeq X Plus aiming for 70 million reads per sample, with mean read length of 150 base pairs. Library preparation and Sequencing was performed by Prebiomics. Fastq files were uniformly processed using the curatedMetagenomicsNextflow pipeline (https://github.com/seandavi/curatedMetagenomicsNextflow) specifying the mouse reference genome in Trimmomatic.","fastq",NA,NA,NA,NA,NA,NA,"USA","34.1374596;-118.1268389","2024",NA,NA,"ASO","5","10.22","2","9.45","2","/shares/CIBIO-Storage/CM/scratch/data/meta/CM_caltec_001_1024/CALTEC-001-211/CALTEC-001-211_R1.fastq.gz;/shares/CIBIO-Storage/CM/scratch/data/meta/CM_caltec_001_1024/CALTEC-001-211/CALTEC-001-211_R2.fastq.gz;","7efb0d3f-fbfd-474d-abc6-37220c6349f5","Mus musculus",NA,NA,"5",NA,NA,NA,"34",NA,"199","12","Ampicillin","WT","2",NA,NA,NA,NA,NA,NA,NA,NA,NA,NA,NA,NA,NA,NA,NA,NA,NA,NA,NA,NA,NA
"MazmanianS_DeCastroFonsecaM_4","CALTEC-001-212","CALTEC-001-212","Parkinson Disease","NCIT:C26845","feces","UBERON:0001988","Mus musculus","NCBITaxon:10090","Case","NCIT:C49152","5",NA,NA,"Month","NCIT:C29846",NA,NA,NA,NA,"Kaelyn Long","CALTEC-001-212","CALTEC-001-212","FMT from 2-month old WT animals treated with Ampicillin","QIAamp Fast DNA Stool Mini Kit","WGS","METAGENOMIC","RANDOM","paired","ILLUMINA","Illumina NovaSeq X Plus","435","45723","DNA was isolated from one mouse stool sample pellet using the Qiagen FAST DNA stool mini kit following the manufacturers protocol. Libraries were prepared using the Illumina DNA Prep, (M) Tagmentation (96 Samples, IPB) kit (Illumina, #20060059). Sequencing was performed using Illumina NovaSeq X Plus aiming for 70 million reads per sample, with mean read length of 150 base pairs. Library preparation and Sequencing was performed by Prebiomics. Fastq files were uniformly processed using the curatedMetagenomicsNextflow pipeline (https://github.com/seandavi/curatedMetagenomicsNextflow) specifying the mouse reference genome in Trimmomatic.","fastq",NA,NA,NA,NA,NA,NA,"USA","34.1374596;-118.1268390","2024",NA,NA,"ASO","5","7.88","3.45","19.23","3","/shares/CIBIO-Storage/CM/scratch/data/meta/CM_caltec_001_1024/CALTEC-001-212/CALTEC-001-212_R1.fastq.gz;/shares/CIBIO-Storage/CM/scratch/data/meta/CM_caltec_001_1024/CALTEC-001-212/CALTEC-001-212_R2.fastq.gz;","ea962aff-0f1b-4fda-b8ea-badd8ca5691f","Mus musculus",NA,NA,"5",NA,NA,NA,"38",NA,"178","11","Ampicillin","WT","2",NA,NA,NA,NA,NA,NA,NA,NA,NA,NA,NA,NA,NA,NA,NA,NA,NA,NA,NA,NA,NA
"MazmanianS_DeCastroFonsecaM_4","CALTEC-001-213","CALTEC-001-213","Parkinson Disease","NCIT:C26845","feces","UBERON:0001988","Mus musculus","NCBITaxon:10090","Case","NCIT:C49152","5",NA,NA,"Month","NCIT:C29846",NA,NA,NA,NA,"Kaelyn Long","CALTEC-001-213","CALTEC-001-213","FMT from 2-month old WT animals treated with Ampicillin","QIAamp Fast DNA Stool Mini Kit","WGS","METAGENOMIC","RANDOM","paired","ILLUMINA","Illumina NovaSeq X Plus","435","45723","DNA was isolated from one mouse stool sample pellet using the Qiagen FAST DNA stool mini kit following the manufacturers protocol. Libraries were prepared using the Illumina DNA Prep, (M) Tagmentation (96 Samples, IPB) kit (Illumina, #20060059). Sequencing was performed using Illumina NovaSeq X Plus aiming for 70 million reads per sample, with mean read length of 150 base pairs. Library preparation and Sequencing was performed by Prebiomics. Fastq files were uniformly processed using the curatedMetagenomicsNextflow pipeline (https://github.com/seandavi/curatedMetagenomicsNextflow) specifying the mouse reference genome in Trimmomatic.","fastq",NA,NA,NA,NA,NA,NA,"USA","34.1374596;-118.1268391","2024",NA,NA,"ASO","5","19.34","1.76","8.98","1","/shares/CIBIO-Storage/CM/scratch/data/meta/CM_caltec_001_1024/CALTEC-001-213/CALTEC-001-213_R1.fastq.gz;/shares/CIBIO-Storage/CM/scratch/data/meta/CM_caltec_001_1024/CALTEC-001-213/CALTEC-001-213_R2.fastq.gz;","c9530a2d-c99c-44b9-8e53-64f2414095f8","Mus musculus",NA,NA,"6",NA,NA,NA,"37",NA,"180","9","Ampicillin","WT","2",NA,NA,NA,NA,NA,NA,NA,NA,NA,NA,NA,NA,NA,NA,NA,NA,NA,NA,NA,NA,NA
"MazmanianS_DeCastroFonsecaM_4","CALTEC-001-214","CALTEC-001-214","Parkinson Disease","NCIT:C26845","feces","UBERON:0001988","Mus musculus","NCBITaxon:10090","Case","NCIT:C49152","5",NA,NA,"Month","NCIT:C29846",NA,NA,NA,NA,"Kaelyn Long","CALTEC-001-214","CALTEC-001-214","FMT from 2-month old WT animals treated with Ampicillin","QIAamp Fast DNA Stool Mini Kit","WGS","METAGENOMIC","RANDOM","paired","ILLUMINA","Illumina NovaSeq X Plus","435","45723","DNA was isolated from one mouse stool sample pellet using the Qiagen FAST DNA stool mini kit following the manufacturers protocol. Libraries were prepared using the Illumina DNA Prep, (M) Tagmentation (96 Samples, IPB) kit (Illumina, #20060059). Sequencing was performed using Illumina NovaSeq X Plus aiming for 70 million reads per sample, with mean read length of 150 base pairs. Library preparation and Sequencing was performed by Prebiomics. Fastq files were uniformly processed using the curatedMetagenomicsNextflow pipeline (https://github.com/seandavi/curatedMetagenomicsNextflow) specifying the mouse reference genome in Trimmomatic.","fastq",NA,NA,NA,NA,NA,NA,"USA","34.1374596;-118.1268392","2024",NA,NA,"ASO","5","11","0.67","7.35","5","/shares/CIBIO-Storage/CM/scratch/data/meta/CM_caltec_001_1024/CALTEC-001-214/CALTEC-001-214_R1.fastq.gz;/shares/CIBIO-Storage/CM/scratch/data/meta/CM_caltec_001_1024/CALTEC-001-214/CALTEC-001-214_R2.fastq.gz;","ef35c691-a19f-4114-acdf-9a016d5843b4","Mus musculus",NA,NA,"6",NA,NA,NA,"33",NA,"196","6","Ampicillin","WT","2",NA,NA,NA,NA,NA,NA,NA,NA,NA,NA,NA,NA,NA,NA,NA,NA,NA,NA,NA,NA,NA
"MazmanianS_DeCastroFonsecaM_4","CALTEC-001-215","CALTEC-001-215","Parkinson Disease","NCIT:C26845","feces","UBERON:0001988","Mus musculus","NCBITaxon:10090","Case","NCIT:C49152","5",NA,NA,"Month","NCIT:C29846",NA,NA,NA,NA,"Kaelyn Long","CALTEC-001-215","CALTEC-001-215","FMT from 2-month old WT animals treated with Ampicillin","QIAamp Fast DNA Stool Mini Kit","WGS","METAGENOMIC","RANDOM","paired","ILLUMINA","Illumina NovaSeq X Plus","435","45723","DNA was isolated from one mouse stool sample pellet using the Qiagen FAST DNA stool mini kit following the manufacturers protocol. Libraries were prepared using the Illumina DNA Prep, (M) Tagmentation (96 Samples, IPB) kit (Illumina, #20060059). Sequencing was performed using Illumina NovaSeq X Plus aiming for 70 million reads per sample, with mean read length of 150 base pairs. Library preparation and Sequencing was performed by Prebiomics. Fastq files were uniformly processed using the curatedMetagenomicsNextflow pipeline (https://github.com/seandavi/curatedMetagenomicsNextflow) specifying the mouse reference genome in Trimmomatic.","fastq",NA,NA,NA,NA,NA,NA,"USA","34.1374596;-118.1268393","2024",NA,NA,"ASO","5","16.45","2.55","10.22","1","/shares/CIBIO-Storage/CM/scratch/data/meta/CM_caltec_001_1024/CALTEC-001-215/CALTEC-001-215_R1.fastq.gz;/shares/CIBIO-Storage/CM/scratch/data/meta/CM_caltec_001_1024/CALTEC-001-215/CALTEC-001-215_R2.fastq.gz;","8493de91-62b3-4270-94e2-691fcbacc8cb","Mus musculus",NA,NA,"6",NA,NA,NA,"34",NA,"198","12","Ampicillin","WT","2",NA,NA,NA,NA,NA,NA,NA,NA,NA,NA,NA,NA,NA,NA,NA,NA,NA,NA,NA,NA,NA
"MazmanianS_DeCastroFonsecaM_4","CALTEC-001-216","CALTEC-001-216","Parkinson Disease","NCIT:C26845","feces","UBERON:0001988","Mus musculus","NCBITaxon:10090","Case","NCIT:C49152","5",NA,NA,"Month","NCIT:C29846",NA,NA,NA,NA,"Kaelyn Long","CALTEC-001-216","CALTEC-001-216","FMT from 2-month old WT animals treated with Ampicillin","QIAamp Fast DNA Stool Mini Kit","WGS","METAGENOMIC","RANDOM","paired","ILLUMINA","Illumina NovaSeq X Plus","435","45723","DNA was isolated from one mouse stool sample pellet using the Qiagen FAST DNA stool mini kit following the manufacturers protocol. Libraries were prepared using the Illumina DNA Prep, (M) Tagmentation (96 Samples, IPB) kit (Illumina, #20060059). Sequencing was performed using Illumina NovaSeq X Plus aiming for 70 million reads per sample, with mean read length of 150 base pairs. Library preparation and Sequencing was performed by Prebiomics. Fastq files were uniformly processed using the curatedMetagenomicsNextflow pipeline (https://github.com/seandavi/curatedMetagenomicsNextflow) specifying the mouse reference genome in Trimmomatic.","fastq",NA,NA,NA,NA,NA,NA,"USA","34.1374596;-118.1268394","2024",NA,NA,"ASO","5","12.32","1.23","11.43","0","/shares/CIBIO-Storage/CM/scratch/data/meta/CM_caltec_001_1024/CALTEC-001-216/CALTEC-001-216_R1.fastq.gz;/shares/CIBIO-Storage/CM/scratch/data/meta/CM_caltec_001_1024/CALTEC-001-216/CALTEC-001-216_R2.fastq.gz;","ade41765-58b5-4061-8b20-e89d0974882b","Mus musculus",NA,NA,"6",NA,NA,NA,"36",NA,"201","11","Ampicillin","WT","2",NA,NA,NA,NA,NA,NA,NA,NA,NA,NA,NA,NA,NA,NA,NA,NA,NA,NA,NA,NA,NA
"MazmanianS_DeCastroFonsecaM_4","CALTEC-001-217","CALTEC-001-217","Parkinson Disease","NCIT:C26845","feces","UBERON:0001988","Mus musculus","NCBITaxon:10090","Case","NCIT:C49152","5",NA,NA,"Month","NCIT:C29846",NA,NA,NA,NA,"Kaelyn Long","CALTEC-001-217","CALTEC-001-217","FMT from 2-month old WT animals treated with Erythromycin","QIAamp Fast DNA Stool Mini Kit","WGS","METAGENOMIC","RANDOM","paired","ILLUMINA","Illumina NovaSeq X Plus","435","45723","DNA was isolated from one mouse stool sample pellet using the Qiagen FAST DNA stool mini kit following the manufacturers protocol. Libraries were prepared using the Illumina DNA Prep, (M) Tagmentation (96 Samples, IPB) kit (Illumina, #20060059). Sequencing was performed using Illumina NovaSeq X Plus aiming for 70 million reads per sample, with mean read length of 150 base pairs. Library preparation and Sequencing was performed by Prebiomics. Fastq files were uniformly processed using the curatedMetagenomicsNextflow pipeline (https://github.com/seandavi/curatedMetagenomicsNextflow) specifying the mouse reference genome in Trimmomatic.","fastq",NA,NA,NA,NA,NA,NA,"USA","34.1374596;-118.1268395","2024",NA,NA,"ASO","5","6.67","0.42","9.43","1","/shares/CIBIO-Storage/CM/scratch/data/meta/CM_caltec_001_1024/CALTEC-001-217/CALTEC-001-217_R1.fastq.gz;/shares/CIBIO-Storage/CM/scratch/data/meta/CM_caltec_001_1024/CALTEC-001-217/CALTEC-001-217_R2.fastq.gz;","e60cd0e0-0553-48a5-abea-e2c621583752","Mus musculus",NA,NA,"7",NA,NA,NA,"37",NA,"181","7","Erythromycin","WT","2",NA,NA,NA,NA,NA,NA,NA,NA,NA,NA,NA,NA,NA,NA,NA,NA,NA,NA,NA,NA,NA
"MazmanianS_DeCastroFonsecaM_4","CALTEC-001-218","CALTEC-001-218","Parkinson Disease","NCIT:C26845","feces","UBERON:0001988","Mus musculus","NCBITaxon:10090","Case","NCIT:C49152","5",NA,NA,"Month","NCIT:C29846",NA,NA,NA,NA,"Kaelyn Long","CALTEC-001-218","CALTEC-001-218","FMT from 2-month old WT animals treated with Erythromycin","QIAamp Fast DNA Stool Mini Kit","WGS","METAGENOMIC","RANDOM","paired","ILLUMINA","Illumina NovaSeq X Plus","435","45723","DNA was isolated from one mouse stool sample pellet using the Qiagen FAST DNA stool mini kit following the manufacturers protocol. Libraries were prepared using the Illumina DNA Prep, (M) Tagmentation (96 Samples, IPB) kit (Illumina, #20060059). Sequencing was performed using Illumina NovaSeq X Plus aiming for 70 million reads per sample, with mean read length of 150 base pairs. Library preparation and Sequencing was performed by Prebiomics. Fastq files were uniformly processed using the curatedMetagenomicsNextflow pipeline (https://github.com/seandavi/curatedMetagenomicsNextflow) specifying the mouse reference genome in Trimmomatic.","fastq",NA,NA,NA,NA,NA,NA,"USA","34.1374596;-118.1268396","2024",NA,NA,"ASO","5","18.97","5.89","11.23","1","/shares/CIBIO-Storage/CM/scratch/data/meta/CM_caltec_001_1024/CALTEC-001-218/CALTEC-001-218_R1.fastq.gz;/shares/CIBIO-Storage/CM/scratch/data/meta/CM_caltec_001_1024/CALTEC-001-218/CALTEC-001-218_R2.fastq.gz;","3a4c59d9-81bb-43dc-b9ac-f013c41e4805","Mus musculus",NA,NA,"7",NA,NA,NA,"38",NA,"171","11","Erythromycin","WT","2",NA,NA,NA,NA,NA,NA,NA,NA,NA,NA,NA,NA,NA,NA,NA,NA,NA,NA,NA,NA,NA
"MazmanianS_DeCastroFonsecaM_4","CALTEC-001-219","CALTEC-001-219","Parkinson Disease","NCIT:C26845","feces","UBERON:0001988","Mus musculus","NCBITaxon:10090","Case","NCIT:C49152","5",NA,NA,"Month","NCIT:C29846",NA,NA,NA,NA,"Kaelyn Long","CALTEC-001-219","CALTEC-001-219","FMT from 2-month old WT animals treated with Erythromycin","QIAamp Fast DNA Stool Mini Kit","WGS","METAGENOMIC","RANDOM","paired","ILLUMINA","Illumina NovaSeq X Plus","435","45723","DNA was isolated from one mouse stool sample pellet using the Qiagen FAST DNA stool mini kit following the manufacturers protocol. Libraries were prepared using the Illumina DNA Prep, (M) Tagmentation (96 Samples, IPB) kit (Illumina, #20060059). Sequencing was performed using Illumina NovaSeq X Plus aiming for 70 million reads per sample, with mean read length of 150 base pairs. Library preparation and Sequencing was performed by Prebiomics. Fastq files were uniformly processed using the curatedMetagenomicsNextflow pipeline (https://github.com/seandavi/curatedMetagenomicsNextflow) specifying the mouse reference genome in Trimmomatic.","fastq",NA,NA,NA,NA,NA,NA,"USA","34.1374596;-118.1268397","2024",NA,NA,"ASO","5","18.43","1.59","15.34","0","/shares/CIBIO-Storage/CM/scratch/data/meta/CM_caltec_001_1024/CALTEC-001-219/CALTEC-001-219_R1.fastq.gz;/shares/CIBIO-Storage/CM/scratch/data/meta/CM_caltec_001_1024/CALTEC-001-219/CALTEC-001-219_R2.fastq.gz;","2f55a562-12f8-48d5-9c07-5fcadb70b105","Mus musculus",NA,NA,"7",NA,NA,NA,"34.5",NA,"186","7","Erythromycin","WT","2",NA,NA,NA,NA,NA,NA,NA,NA,NA,NA,NA,NA,NA,NA,NA,NA,NA,NA,NA,NA,NA
"MazmanianS_DeCastroFonsecaM_4","CALTEC-001-220","CALTEC-001-220","Parkinson Disease","NCIT:C26845","feces","UBERON:0001988","Mus musculus","NCBITaxon:10090","Case","NCIT:C49152","5",NA,NA,"Month","NCIT:C29846",NA,NA,NA,NA,"Kaelyn Long","CALTEC-001-220","CALTEC-001-220","FMT from 2-month old WT animals treated with Erythromycin","QIAamp Fast DNA Stool Mini Kit","WGS","METAGENOMIC","RANDOM","paired","ILLUMINA","Illumina NovaSeq X Plus","435","45723","DNA was isolated from one mouse stool sample pellet using the Qiagen FAST DNA stool mini kit following the manufacturers protocol. Libraries were prepared using the Illumina DNA Prep, (M) Tagmentation (96 Samples, IPB) kit (Illumina, #20060059). Sequencing was performed using Illumina NovaSeq X Plus aiming for 70 million reads per sample, with mean read length of 150 base pairs. Library preparation and Sequencing was performed by Prebiomics. Fastq files were uniformly processed using the curatedMetagenomicsNextflow pipeline (https://github.com/seandavi/curatedMetagenomicsNextflow) specifying the mouse reference genome in Trimmomatic.","fastq",NA,NA,NA,NA,NA,NA,"USA","34.1374596;-118.1268398","2024",NA,NA,"ASO","5","10.34","1.56","10.23","6","/shares/CIBIO-Storage/CM/scratch/data/meta/CM_caltec_001_1024/CALTEC-001-220/CALTEC-001-220_R1.fastq.gz;/shares/CIBIO-Storage/CM/scratch/data/meta/CM_caltec_001_1024/CALTEC-001-220/CALTEC-001-220_R2.fastq.gz;","ca7500a7-e494-4054-8de6-1c91c38e9b9d","Mus musculus",NA,NA,"7",NA,NA,NA,"33.5",NA,"200","10","Erythromycin","WT","2",NA,NA,NA,NA,NA,NA,NA,NA,NA,NA,NA,NA,NA,NA,NA,NA,NA,NA,NA,NA,NA
"MazmanianS_DeCastroFonsecaM_4","CALTEC-001-221","CALTEC-001-221","Parkinson Disease","NCIT:C26845","feces","UBERON:0001988","Mus musculus","NCBITaxon:10090","Case","NCIT:C49152","5",NA,NA,"Month","NCIT:C29846",NA,NA,NA,NA,"Kaelyn Long","CALTEC-001-221","CALTEC-001-221","FMT from 2-month old WT animals treated with Erythromycin","QIAamp Fast DNA Stool Mini Kit","WGS","METAGENOMIC","RANDOM","paired","ILLUMINA","Illumina NovaSeq X Plus","435","45723","DNA was isolated from one mouse stool sample pellet using the Qiagen FAST DNA stool mini kit following the manufacturers protocol. Libraries were prepared using the Illumina DNA Prep, (M) Tagmentation (96 Samples, IPB) kit (Illumina, #20060059). Sequencing was performed using Illumina NovaSeq X Plus aiming for 70 million reads per sample, with mean read length of 150 base pairs. Library preparation and Sequencing was performed by Prebiomics. Fastq files were uniformly processed using the curatedMetagenomicsNextflow pipeline (https://github.com/seandavi/curatedMetagenomicsNextflow) specifying the mouse reference genome in Trimmomatic.","fastq",NA,NA,NA,NA,NA,NA,"USA","34.1374596;-118.1268399","2024",NA,NA,"ASO","5","9.45","8.45","8.54","2","/shares/CIBIO-Storage/CM/scratch/data/meta/CM_caltec_001_1024/CALTEC-001-221/CALTEC-001-221_R1.fastq.gz;/shares/CIBIO-Storage/CM/scratch/data/meta/CM_caltec_001_1024/CALTEC-001-221/CALTEC-001-221_R2.fastq.gz;","8f932150-2d36-4ce8-8eef-487589db3252","Mus musculus",NA,NA,"8",NA,NA,NA,"36.5",NA,"189","15","Erythromycin","WT","2",NA,NA,NA,NA,NA,NA,NA,NA,NA,NA,NA,NA,NA,NA,NA,NA,NA,NA,NA,NA,NA
"MazmanianS_DeCastroFonsecaM_4","CALTEC-001-222","CALTEC-001-222","Parkinson Disease","NCIT:C26845","feces","UBERON:0001988","Mus musculus","NCBITaxon:10090","Case","NCIT:C49152","5",NA,NA,"Month","NCIT:C29846",NA,NA,NA,NA,"Kaelyn Long","CALTEC-001-222","CALTEC-001-222","FMT from 2-month old WT animals treated with Erythromycin","QIAamp Fast DNA Stool Mini Kit","WGS","METAGENOMIC","RANDOM","paired","ILLUMINA","Illumina NovaSeq X Plus","435","45723","DNA was isolated from one mouse stool sample pellet using the Qiagen FAST DNA stool mini kit following the manufacturers protocol. Libraries were prepared using the Illumina DNA Prep, (M) Tagmentation (96 Samples, IPB) kit (Illumina, #20060059). Sequencing was performed using Illumina NovaSeq X Plus aiming for 70 million reads per sample, with mean read length of 150 base pairs. Library preparation and Sequencing was performed by Prebiomics. Fastq files were uniformly processed using the curatedMetagenomicsNextflow pipeline (https://github.com/seandavi/curatedMetagenomicsNextflow) specifying the mouse reference genome in Trimmomatic.","fastq",NA,NA,NA,NA,NA,NA,"USA","34.1374596;-118.1268400","2024",NA,NA,"ASO","5","8.44","2.31","7.9","1","/shares/CIBIO-Storage/CM/scratch/data/meta/CM_caltec_001_1024/CALTEC-001-222/CALTEC-001-222_R1.fastq.gz;/shares/CIBIO-Storage/CM/scratch/data/meta/CM_caltec_001_1024/CALTEC-001-222/CALTEC-001-222_R2.fastq.gz;","b9e17f2f-61d6-4cf3-9ba0-11501676d45d","Mus musculus",NA,NA,"8",NA,NA,NA,"39",NA,"179","13","Erythromycin","WT","2",NA,NA,NA,NA,NA,NA,NA,NA,NA,NA,NA,NA,NA,NA,NA,NA,NA,NA,NA,NA,NA
"MazmanianS_DeCastroFonsecaM_4","CALTEC-001-223","CALTEC-001-223","Parkinson Disease","NCIT:C26845","feces","UBERON:0001988","Mus musculus","NCBITaxon:10090","Case","NCIT:C49152","5",NA,NA,"Month","NCIT:C29846",NA,NA,NA,NA,"Kaelyn Long","CALTEC-001-223","CALTEC-001-223","FMT from 2-month old WT animals treated with Erythromycin","QIAamp Fast DNA Stool Mini Kit","WGS","METAGENOMIC","RANDOM","paired","ILLUMINA","Illumina NovaSeq X Plus","435","45723","DNA was isolated from one mouse stool sample pellet using the Qiagen FAST DNA stool mini kit following the manufacturers protocol. Libraries were prepared using the Illumina DNA Prep, (M) Tagmentation (96 Samples, IPB) kit (Illumina, #20060059). Sequencing was performed using Illumina NovaSeq X Plus aiming for 70 million reads per sample, with mean read length of 150 base pairs. Library preparation and Sequencing was performed by Prebiomics. Fastq files were uniformly processed using the curatedMetagenomicsNextflow pipeline (https://github.com/seandavi/curatedMetagenomicsNextflow) specifying the mouse reference genome in Trimmomatic.","fastq",NA,NA,NA,NA,NA,NA,"USA","34.1374596;-118.1268401","2024",NA,NA,"ASO","5","12.71","1.45","12.68","3","/shares/CIBIO-Storage/CM/scratch/data/meta/CM_caltec_001_1024/CALTEC-001-223/CALTEC-001-223_R1.fastq.gz;/shares/CIBIO-Storage/CM/scratch/data/meta/CM_caltec_001_1024/CALTEC-001-223/CALTEC-001-223_R2.fastq.gz;","1fd43a3c-3b6b-4232-915e-d65ab0e47a29","Mus musculus",NA,NA,"8",NA,NA,NA,"38.5",NA,"190","12","Erythromycin","WT","2",NA,NA,NA,NA,NA,NA,NA,NA,NA,NA,NA,NA,NA,NA,NA,NA,NA,NA,NA,NA,NA
"MazmanianS_DeCastroFonsecaM_4","CALTEC-001-224","CALTEC-001-224","Parkinson Disease","NCIT:C26845","feces","UBERON:0001988","Mus musculus","NCBITaxon:10090","Case","NCIT:C49152","5",NA,NA,"Month","NCIT:C29846",NA,NA,NA,NA,"Kaelyn Long","CALTEC-001-224","CALTEC-001-224","FMT from 2-month old WT animals treated with Erythromycin","QIAamp Fast DNA Stool Mini Kit","WGS","METAGENOMIC","RANDOM","paired","ILLUMINA","Illumina NovaSeq X Plus","435","45723","DNA was isolated from one mouse stool sample pellet using the Qiagen FAST DNA stool mini kit following the manufacturers protocol. Libraries were prepared using the Illumina DNA Prep, (M) Tagmentation (96 Samples, IPB) kit (Illumina, #20060059). Sequencing was performed using Illumina NovaSeq X Plus aiming for 70 million reads per sample, with mean read length of 150 base pairs. Library preparation and Sequencing was performed by Prebiomics. Fastq files were uniformly processed using the curatedMetagenomicsNextflow pipeline (https://github.com/seandavi/curatedMetagenomicsNextflow) specifying the mouse reference genome in Trimmomatic.","fastq",NA,NA,NA,NA,NA,NA,"USA","34.1374596;-118.1268402","2024",NA,NA,"ASO","5","19.23","4.32","9.45","2","/shares/CIBIO-Storage/CM/scratch/data/meta/CM_caltec_001_1024/CALTEC-001-224/CALTEC-001-224_R1.fastq.gz;/shares/CIBIO-Storage/CM/scratch/data/meta/CM_caltec_001_1024/CALTEC-001-224/CALTEC-001-224_R2.fastq.gz;","43d8a72e-4438-45ab-b40e-fe3fbc7688ec","Mus musculus",NA,NA,"8",NA,NA,NA,"35.6",NA,"202","3","Erythromycin","WT","2",NA,NA,NA,NA,NA,NA,NA,NA,NA,NA,NA,NA,NA,NA,NA,NA,NA,NA,NA,NA,NA
"MazmanianS_DeCastroFonsecaM_4","CALTEC-001-225","CALTEC-001-225","Parkinson Disease","NCIT:C26845","feces","UBERON:0001988","Mus musculus","NCBITaxon:10090","Study Control","NCIT:C142703","5",NA,NA,"Month","NCIT:C29846",NA,NA,NA,NA,"Kaelyn Long","CALTEC-001-225","CALTEC-001-225","FMT from 5-month old ASO animals without antibiotic treatment","QIAamp Fast DNA Stool Mini Kit","WGS","METAGENOMIC","RANDOM","paired","ILLUMINA","Illumina NovaSeq X Plus","435","45723","DNA was isolated from one mouse stool sample pellet using the Qiagen FAST DNA stool mini kit following the manufacturers protocol. Libraries were prepared using the Illumina DNA Prep, (M) Tagmentation (96 Samples, IPB) kit (Illumina, #20060059). Sequencing was performed using Illumina NovaSeq X Plus aiming for 70 million reads per sample, with mean read length of 150 base pairs. Library preparation and Sequencing was performed by Prebiomics. Fastq files were uniformly processed using the curatedMetagenomicsNextflow pipeline (https://github.com/seandavi/curatedMetagenomicsNextflow) specifying the mouse reference genome in Trimmomatic.","fastq",NA,NA,NA,NA,NA,NA,"USA","34.1374596;-118.1268403","2024",NA,NA,"ASO","5","30","12.7","30","12","/shares/CIBIO-Storage/CM/scratch/data/meta/CM_caltec_001_1024/CALTEC-001-225/CALTEC-001-225_R1.fastq.gz;/shares/CIBIO-Storage/CM/scratch/data/meta/CM_caltec_001_1024/CALTEC-001-225/CALTEC-001-225_R2.fastq.gz;","7a71ddbf-11db-4ff6-95ea-15e5f5485200","Mus musculus",NA,NA,"9",NA,NA,NA,"28.5",NA,"300","4","None","ASO","5",NA,NA,NA,NA,NA,NA,NA,NA,NA,NA,NA,NA,NA,NA,NA,NA,NA,NA,NA,NA,NA
"MazmanianS_DeCastroFonsecaM_4","CALTEC-001-226","CALTEC-001-226","Parkinson Disease","NCIT:C26845","feces","UBERON:0001988","Mus musculus","NCBITaxon:10090","Study Control","NCIT:C142703","5",NA,NA,"Month","NCIT:C29846",NA,NA,NA,NA,"Kaelyn Long","CALTEC-001-226","CALTEC-001-226","FMT from 5-month old ASO animals without antibiotic treatment","QIAamp Fast DNA Stool Mini Kit","WGS","METAGENOMIC","RANDOM","paired","ILLUMINA","Illumina NovaSeq X Plus","435","45723","DNA was isolated from one mouse stool sample pellet using the Qiagen FAST DNA stool mini kit following the manufacturers protocol. Libraries were prepared using the Illumina DNA Prep, (M) Tagmentation (96 Samples, IPB) kit (Illumina, #20060059). Sequencing was performed using Illumina NovaSeq X Plus aiming for 70 million reads per sample, with mean read length of 150 base pairs. Library preparation and Sequencing was performed by Prebiomics. Fastq files were uniformly processed using the curatedMetagenomicsNextflow pipeline (https://github.com/seandavi/curatedMetagenomicsNextflow) specifying the mouse reference genome in Trimmomatic.","fastq",NA,NA,NA,NA,NA,NA,"USA","34.1374596;-118.1268404","2024",NA,NA,"ASO","5","16.12","13.39","30","10","/shares/CIBIO-Storage/CM/scratch/data/meta/CM_caltec_001_1024/CALTEC-001-226/CALTEC-001-226_R1.fastq.gz;/shares/CIBIO-Storage/CM/scratch/data/meta/CM_caltec_001_1024/CALTEC-001-226/CALTEC-001-226_R2.fastq.gz;","f22c5a0c-c38f-4aa4-bc55-8d3b159dbb4b","Mus musculus",NA,NA,"9",NA,NA,NA,"32.5",NA,"300","4","None","ASO","5",NA,NA,NA,NA,NA,NA,NA,NA,NA,NA,NA,NA,NA,NA,NA,NA,NA,NA,NA,NA,NA
"MazmanianS_DeCastroFonsecaM_4","CALTEC-001-227","CALTEC-001-227","Parkinson Disease","NCIT:C26845","feces","UBERON:0001988","Mus musculus","NCBITaxon:10090","Study Control","NCIT:C142703","5",NA,NA,"Month","NCIT:C29846",NA,NA,NA,NA,"Kaelyn Long","CALTEC-001-227","CALTEC-001-227","FMT from 5-month old ASO animals without antibiotic treatment","QIAamp Fast DNA Stool Mini Kit","WGS","METAGENOMIC","RANDOM","paired","ILLUMINA","Illumina NovaSeq X Plus","435","45723","DNA was isolated from one mouse stool sample pellet using the Qiagen FAST DNA stool mini kit following the manufacturers protocol. Libraries were prepared using the Illumina DNA Prep, (M) Tagmentation (96 Samples, IPB) kit (Illumina, #20060059). Sequencing was performed using Illumina NovaSeq X Plus aiming for 70 million reads per sample, with mean read length of 150 base pairs. Library preparation and Sequencing was performed by Prebiomics. Fastq files were uniformly processed using the curatedMetagenomicsNextflow pipeline (https://github.com/seandavi/curatedMetagenomicsNextflow) specifying the mouse reference genome in Trimmomatic.","fastq",NA,NA,NA,NA,NA,NA,"USA","34.1374596;-118.1268405","2024",NA,NA,"ASO","5","28.08","7.65","30","5","/shares/CIBIO-Storage/CM/scratch/data/meta/CM_caltec_001_1024/CALTEC-001-227/CALTEC-001-227_R1.fastq.gz;/shares/CIBIO-Storage/CM/scratch/data/meta/CM_caltec_001_1024/CALTEC-001-227/CALTEC-001-227_R2.fastq.gz;","d68b9685-0edb-4d59-86b6-fbabef9472a5","Mus musculus",NA,NA,"9",NA,NA,NA,"35",NA,"275","3","None","ASO","5",NA,NA,NA,NA,NA,NA,NA,NA,NA,NA,NA,NA,NA,NA,NA,NA,NA,NA,NA,NA,NA
"MazmanianS_DeCastroFonsecaM_4","CALTEC-001-228","CALTEC-001-228","Parkinson Disease","NCIT:C26845","feces","UBERON:0001988","Mus musculus","NCBITaxon:10090","Study Control","NCIT:C142703","5",NA,NA,"Month","NCIT:C29846",NA,NA,NA,NA,"Kaelyn Long","CALTEC-001-228","CALTEC-001-228","FMT from 5-month old ASO animals without antibiotic treatment","QIAamp Fast DNA Stool Mini Kit","WGS","METAGENOMIC","RANDOM","paired","ILLUMINA","Illumina NovaSeq X Plus","435","45723","DNA was isolated from one mouse stool sample pellet using the Qiagen FAST DNA stool mini kit following the manufacturers protocol. Libraries were prepared using the Illumina DNA Prep, (M) Tagmentation (96 Samples, IPB) kit (Illumina, #20060059). Sequencing was performed using Illumina NovaSeq X Plus aiming for 70 million reads per sample, with mean read length of 150 base pairs. Library preparation and Sequencing was performed by Prebiomics. Fastq files were uniformly processed using the curatedMetagenomicsNextflow pipeline (https://github.com/seandavi/curatedMetagenomicsNextflow) specifying the mouse reference genome in Trimmomatic.","fastq",NA,NA,NA,NA,NA,NA,"USA","34.1374596;-118.1268406","2024",NA,NA,"ASO","5","30","11.14","19","10","/shares/CIBIO-Storage/CM/scratch/data/meta/CM_caltec_001_1024/CALTEC-001-228/CALTEC-001-228_R1.fastq.gz;/shares/CIBIO-Storage/CM/scratch/data/meta/CM_caltec_001_1024/CALTEC-001-228/CALTEC-001-228_R2.fastq.gz;","6281f7b3-814d-4152-973b-a5c38be881ce","Mus musculus",NA,NA,"9",NA,NA,NA,"28",NA,"282","1","None","ASO","5",NA,NA,NA,NA,NA,NA,NA,NA,NA,NA,NA,NA,NA,NA,NA,NA,NA,NA,NA,NA,NA
"MazmanianS_DeCastroFonsecaM_4","CALTEC-001-229","CALTEC-001-229","Parkinson Disease","NCIT:C26845","feces","UBERON:0001988","Mus musculus","NCBITaxon:10090","Study Control","NCIT:C142703","5",NA,NA,"Month","NCIT:C29846",NA,NA,NA,NA,"Kaelyn Long","CALTEC-001-229","CALTEC-001-229","FMT from 5-month old ASO animals without antibiotic treatment","QIAamp Fast DNA Stool Mini Kit","WGS","METAGENOMIC","RANDOM","paired","ILLUMINA","Illumina NovaSeq X Plus","435","45723","DNA was isolated from one mouse stool sample pellet using the Qiagen FAST DNA stool mini kit following the manufacturers protocol. Libraries were prepared using the Illumina DNA Prep, (M) Tagmentation (96 Samples, IPB) kit (Illumina, #20060059). Sequencing was performed using Illumina NovaSeq X Plus aiming for 70 million reads per sample, with mean read length of 150 base pairs. Library preparation and Sequencing was performed by Prebiomics. Fastq files were uniformly processed using the curatedMetagenomicsNextflow pipeline (https://github.com/seandavi/curatedMetagenomicsNextflow) specifying the mouse reference genome in Trimmomatic.","fastq",NA,NA,NA,NA,NA,NA,"USA","34.1374596;-118.1268407","2024",NA,NA,"ASO","5","23.27","11.19","30","8","/shares/CIBIO-Storage/CM/scratch/data/meta/CM_caltec_001_1024/CALTEC-001-229/CALTEC-001-229_R1.fastq.gz;/shares/CIBIO-Storage/CM/scratch/data/meta/CM_caltec_001_1024/CALTEC-001-229/CALTEC-001-229_R2.fastq.gz;","2ca2a8d6-9ace-4dfe-a467-948f58b99136","Mus musculus",NA,NA,"9",NA,NA,NA,"30",NA,"278","6","None","ASO","5",NA,NA,NA,NA,NA,NA,NA,NA,NA,NA,NA,NA,NA,NA,NA,NA,NA,NA,NA,NA,NA
"MazmanianS_DeCastroFonsecaM_4","CALTEC-001-230","CALTEC-001-230","Parkinson Disease","NCIT:C26845","feces","UBERON:0001988","Mus musculus","NCBITaxon:10090","Study Control","NCIT:C142703","5",NA,NA,"Month","NCIT:C29846",NA,NA,NA,NA,"Kaelyn Long","CALTEC-001-230","CALTEC-001-230","FMT from 5-month old ASO animals without antibiotic treatment","QIAamp Fast DNA Stool Mini Kit","WGS","METAGENOMIC","RANDOM","paired","ILLUMINA","Illumina NovaSeq X Plus","435","45723","DNA was isolated from one mouse stool sample pellet using the Qiagen FAST DNA stool mini kit following the manufacturers protocol. Libraries were prepared using the Illumina DNA Prep, (M) Tagmentation (96 Samples, IPB) kit (Illumina, #20060059). Sequencing was performed using Illumina NovaSeq X Plus aiming for 70 million reads per sample, with mean read length of 150 base pairs. Library preparation and Sequencing was performed by Prebiomics. Fastq files were uniformly processed using the curatedMetagenomicsNextflow pipeline (https://github.com/seandavi/curatedMetagenomicsNextflow) specifying the mouse reference genome in Trimmomatic.","fastq",NA,NA,NA,NA,NA,NA,"USA","34.1374596;-118.1268408","2024",NA,NA,"ASO","5","9.27","2.4","19","5","/shares/CIBIO-Storage/CM/scratch/data/meta/CM_caltec_001_1024/CALTEC-001-230/CALTEC-001-230_R1.fastq.gz;/shares/CIBIO-Storage/CM/scratch/data/meta/CM_caltec_001_1024/CALTEC-001-230/CALTEC-001-230_R2.fastq.gz;","3a3d35e7-194a-4a04-a862-b920ae4feafb","Mus musculus",NA,NA,"10",NA,NA,NA,"27",NA,"289","4","None","ASO","5",NA,NA,NA,NA,NA,NA,NA,NA,NA,NA,NA,NA,NA,NA,NA,NA,NA,NA,NA,NA,NA
"MazmanianS_DeCastroFonsecaM_4","CALTEC-001-231","CALTEC-001-231","Parkinson Disease","NCIT:C26845","feces","UBERON:0001988","Mus musculus","NCBITaxon:10090","Study Control","NCIT:C142703","5",NA,NA,"Month","NCIT:C29846",NA,NA,NA,NA,"Kaelyn Long","CALTEC-001-231","CALTEC-001-231","FMT from 5-month old ASO animals without antibiotic treatment","QIAamp Fast DNA Stool Mini Kit","WGS","METAGENOMIC","RANDOM","paired","ILLUMINA","Illumina NovaSeq X Plus","435","45723","DNA was isolated from one mouse stool sample pellet using the Qiagen FAST DNA stool mini kit following the manufacturers protocol. Libraries were prepared using the Illumina DNA Prep, (M) Tagmentation (96 Samples, IPB) kit (Illumina, #20060059). Sequencing was performed using Illumina NovaSeq X Plus aiming for 70 million reads per sample, with mean read length of 150 base pairs. Library preparation and Sequencing was performed by Prebiomics. Fastq files were uniformly processed using the curatedMetagenomicsNextflow pipeline (https://github.com/seandavi/curatedMetagenomicsNextflow) specifying the mouse reference genome in Trimmomatic.","fastq",NA,NA,NA,NA,NA,NA,"USA","34.1374596;-118.1268409","2024",NA,NA,"ASO","5","25","18","28","7","/shares/CIBIO-Storage/CM/scratch/data/meta/CM_caltec_001_1024/CALTEC-001-231/CALTEC-001-231_R1.fastq.gz;/shares/CIBIO-Storage/CM/scratch/data/meta/CM_caltec_001_1024/CALTEC-001-231/CALTEC-001-231_R2.fastq.gz;","b7af1702-b27a-4361-a441-eaa4f27dd4b1","Mus musculus",NA,NA,"10",NA,NA,NA,"27",NA,"287","6","None","ASO","5",NA,NA,NA,NA,NA,NA,NA,NA,NA,NA,NA,NA,NA,NA,NA,NA,NA,NA,NA,NA,NA
"MazmanianS_DeCastroFonsecaM_4","CALTEC-001-232","CALTEC-001-232","Parkinson Disease","NCIT:C26845","feces","UBERON:0001988","Mus musculus","NCBITaxon:10090","Study Control","NCIT:C142703","5",NA,NA,"Month","NCIT:C29846",NA,NA,NA,NA,"Kaelyn Long","CALTEC-001-232","CALTEC-001-232","FMT from 5-month old ASO animals without antibiotic treatment","QIAamp Fast DNA Stool Mini Kit","WGS","METAGENOMIC","RANDOM","paired","ILLUMINA","Illumina NovaSeq X Plus","435","45723","DNA was isolated from one mouse stool sample pellet using the Qiagen FAST DNA stool mini kit following the manufacturers protocol. Libraries were prepared using the Illumina DNA Prep, (M) Tagmentation (96 Samples, IPB) kit (Illumina, #20060059). Sequencing was performed using Illumina NovaSeq X Plus aiming for 70 million reads per sample, with mean read length of 150 base pairs. Library preparation and Sequencing was performed by Prebiomics. Fastq files were uniformly processed using the curatedMetagenomicsNextflow pipeline (https://github.com/seandavi/curatedMetagenomicsNextflow) specifying the mouse reference genome in Trimmomatic.","fastq",NA,NA,NA,NA,NA,NA,"USA","34.1374596;-118.1268410","2024",NA,NA,"ASO","5","30","19","25","9","/shares/CIBIO-Storage/CM/scratch/data/meta/CM_caltec_001_1024/CALTEC-001-232/CALTEC-001-232_R1.fastq.gz;/shares/CIBIO-Storage/CM/scratch/data/meta/CM_caltec_001_1024/CALTEC-001-232/CALTEC-001-232_R2.fastq.gz;","390b3a4b-193a-4f21-8a96-dae81ba24419","Mus musculus",NA,NA,"10",NA,NA,NA,"28",NA,"222","1","None","ASO","5",NA,NA,NA,NA,NA,NA,NA,NA,NA,NA,NA,NA,NA,NA,NA,NA,NA,NA,NA,NA,NA
"MazmanianS_DeCastroFonsecaM_4","CALTEC-001-233","CALTEC-001-233","Parkinson Disease","NCIT:C26845","feces","UBERON:0001988","Mus musculus","NCBITaxon:10090","Study Control","NCIT:C142703","5",NA,NA,"Month","NCIT:C29846",NA,NA,NA,NA,"Kaelyn Long","CALTEC-001-233","CALTEC-001-233","FMT from 5-month old ASO animals without antibiotic treatment","QIAamp Fast DNA Stool Mini Kit","WGS","METAGENOMIC","RANDOM","paired","ILLUMINA","Illumina NovaSeq X Plus","435","45723","DNA was isolated from one mouse stool sample pellet using the Qiagen FAST DNA stool mini kit following the manufacturers protocol. Libraries were prepared using the Illumina DNA Prep, (M) Tagmentation (96 Samples, IPB) kit (Illumina, #20060059). Sequencing was performed using Illumina NovaSeq X Plus aiming for 70 million reads per sample, with mean read length of 150 base pairs. Library preparation and Sequencing was performed by Prebiomics. Fastq files were uniformly processed using the curatedMetagenomicsNextflow pipeline (https://github.com/seandavi/curatedMetagenomicsNextflow) specifying the mouse reference genome in Trimmomatic.","fastq",NA,NA,NA,NA,NA,NA,"USA","34.1374596;-118.1268411","2024",NA,NA,"ASO","5","25","15","22.12","6","/shares/CIBIO-Storage/CM/scratch/data/meta/CM_caltec_001_1024/CALTEC-001-233/CALTEC-001-233_R1.fastq.gz;/shares/CIBIO-Storage/CM/scratch/data/meta/CM_caltec_001_1024/CALTEC-001-233/CALTEC-001-233_R2.fastq.gz;","08000595-8b09-4114-a9d0-1d80e6f0afd0","Mus musculus",NA,NA,"10",NA,NA,NA,"29",NA,"221","5","None","ASO","5",NA,NA,NA,NA,NA,NA,NA,NA,NA,NA,NA,NA,NA,NA,NA,NA,NA,NA,NA,NA,NA
"MazmanianS_DeCastroFonsecaM_4","CALTEC-001-234","CALTEC-001-234","Parkinson Disease","NCIT:C26845","feces","UBERON:0001988","Mus musculus","NCBITaxon:10090","Study Control","NCIT:C142703","5",NA,NA,"Month","NCIT:C29846",NA,NA,NA,NA,"Kaelyn Long","CALTEC-001-234","CALTEC-001-234","FMT from 5-month old ASO animals without antibiotic treatment","QIAamp Fast DNA Stool Mini Kit","WGS","METAGENOMIC","RANDOM","paired","ILLUMINA","Illumina NovaSeq X Plus","435","45723","DNA was isolated from one mouse stool sample pellet using the Qiagen FAST DNA stool mini kit following the manufacturers protocol. Libraries were prepared using the Illumina DNA Prep, (M) Tagmentation (96 Samples, IPB) kit (Illumina, #20060059). Sequencing was performed using Illumina NovaSeq X Plus aiming for 70 million reads per sample, with mean read length of 150 base pairs. Library preparation and Sequencing was performed by Prebiomics. Fastq files were uniformly processed using the curatedMetagenomicsNextflow pipeline (https://github.com/seandavi/curatedMetagenomicsNextflow) specifying the mouse reference genome in Trimmomatic.","fastq",NA,NA,NA,NA,NA,NA,"USA","34.1374596;-118.1268412","2024",NA,NA,"ASO","5","30","17.89","17.65","8","/shares/CIBIO-Storage/CM/scratch/data/meta/CM_caltec_001_1024/CALTEC-001-234/CALTEC-001-234_R1.fastq.gz;/shares/CIBIO-Storage/CM/scratch/data/meta/CM_caltec_001_1024/CALTEC-001-234/CALTEC-001-234_R2.fastq.gz;","1ba48b13-f071-4f90-93b9-b075b2eeb765","Mus musculus",NA,NA,"10",NA,NA,NA,"29.5",NA,"254","3","None","ASO","5",NA,NA,NA,NA,NA,NA,NA,NA,NA,NA,NA,NA,NA,NA,NA,NA,NA,NA,NA,NA,NA
"MazmanianS_DeCastroFonsecaM_5","WT_2mo_1","P237","Parkinson Disease","NCIT:C26845","feces","UBERON:0001988","Mus musculus","NCBITaxon:10090","Study Control","NCIT:C142703",NA,NA,NA,NA,NA,NA,NA,NA,NA,"Kaelyn Long",NA,NA,NA,NA,NA,NA,NA,NA,NA,NA,NA,NA,NA,NA,NA,NA,NA,NA,NA,NA,NA,NA,NA,NA,NA,NA,NA,NA,NA,NA,NA,NA,"46eb4a06-5f1e-4d2d-adb4-0706a1e55022",NA,NA,NA,NA,NA,NA,NA,NA,NA,NA,NA,NA,NA,NA,"WT_2mo_1","9.86","50","523","20","Set A; A6; UDP0041","ACTCGGCAAT","GACAACTGAA","P237","DNA Shotgun","Illumina DNA Prep","Mice stool","Samples pooled in tube labeled 20230818_NW_Sarkis_Shotgun","/shares/CIBIO-Storage/CM/scratch/data/meta/CM_Matheus_ASO/nR308-L4-G3-P237-ACTCGGCAAT-TTCAGTTGTC-READ1-Sequences.fastq.gz;/shares/CIBIO-Storage/CM/scratch/data/meta/CM_Matheus_ASO/nR308-L4-G3-P237-ACTCGGCAAT-TTCAGTTGTC-READ2-Sequences.fastq.gz",NA,NA,NA,NA,NA,NA,NA
"MazmanianS_DeCastroFonsecaM_5","WT_2mo_2","P238","Parkinson Disease","NCIT:C26845","feces","UBERON:0001988","Mus musculus","NCBITaxon:10090","Study Control","NCIT:C142703",NA,NA,NA,NA,NA,NA,NA,NA,NA,"Kaelyn Long",NA,NA,NA,NA,NA,NA,NA,NA,NA,NA,NA,NA,NA,NA,NA,NA,NA,NA,NA,NA,NA,NA,NA,NA,NA,NA,NA,NA,NA,NA,NA,NA,"bd8bae56-2727-4375-9f7a-ccae511e80c3",NA,NA,NA,NA,NA,NA,NA,NA,NA,NA,NA,NA,NA,NA,"WT_2mo_2","9.86","50","523","20","Set A; B6; UDP0042","GTCTAATGGC","AGTGGTCAGG","P238","DNA Shotgun","Illumina DNA Prep","Mice stool","Samples pooled in tube labeled 20230818_NW_Sarkis_Shotgun","/shares/CIBIO-Storage/CM/scratch/data/meta/CM_Matheus_ASO/nR308-L4-G3-P238-GTCTAATGGC-CCTGACCACT-READ1-Sequences.fastq.gz;/shares/CIBIO-Storage/CM/scratch/data/meta/CM_Matheus_ASO/nR308-L4-G3-P238-GTCTAATGGC-CCTGACCACT-READ2-Sequences.fastq.gz",NA,NA,NA,NA,NA,NA,NA
"MazmanianS_DeCastroFonsecaM_5","WT_2mo_3","P239","Parkinson Disease","NCIT:C26845","feces","UBERON:0001988","Mus musculus","NCBITaxon:10090","Study Control","NCIT:C142703",NA,NA,NA,NA,NA,NA,NA,NA,NA,"Kaelyn Long",NA,NA,NA,NA,NA,NA,NA,NA,NA,NA,NA,NA,NA,NA,NA,NA,NA,NA,NA,NA,NA,NA,NA,NA,NA,NA,NA,NA,NA,NA,NA,NA,"fba6b6f6-96c9-4311-8378-39768eb3c9df",NA,NA,NA,NA,NA,NA,NA,NA,NA,NA,NA,NA,NA,NA,"WT_2mo_3","9.86","50","523","20","Set A; C6; UDP0043","CCATCTCGCC","TTCTATGGTT","P239","DNA Shotgun","Illumina DNA Prep","Mice stool","Samples pooled in tube labeled 20230818_NW_Sarkis_Shotgun","/shares/CIBIO-Storage/CM/scratch/data/meta/CM_Matheus_ASO/nR308-L4-G3-P239-CCATCTCGCC-AACCATAGAA-READ1-Sequences.fastq.gz;/shares/CIBIO-Storage/CM/scratch/data/meta/CM_Matheus_ASO/nR308-L4-G3-P239-CCATCTCGCC-AACCATAGAA-READ2-Sequences.fastq.gz",NA,NA,NA,NA,NA,NA,NA
"MazmanianS_DeCastroFonsecaM_5","WT_2mo_4","P240","Parkinson Disease","NCIT:C26845","feces","UBERON:0001988","Mus musculus","NCBITaxon:10090","Study Control","NCIT:C142703",NA,NA,NA,NA,NA,NA,NA,NA,NA,"Kaelyn Long",NA,NA,NA,NA,NA,NA,NA,NA,NA,NA,NA,NA,NA,NA,NA,NA,NA,NA,NA,NA,NA,NA,NA,NA,NA,NA,NA,NA,NA,NA,NA,NA,"794e107b-afd1-4ac0-b783-4a9c93dcbf42",NA,NA,NA,NA,NA,NA,NA,NA,NA,NA,NA,NA,NA,NA,"WT_2mo_4","9.86","50","523","20","Set A; D6; UDP0044","CTGCGAGCCA","AATCCGGCCA","P240","DNA Shotgun","Illumina DNA Prep","Mice stool","Samples pooled in tube labeled 20230818_NW_Sarkis_Shotgun","/shares/CIBIO-Storage/CM/scratch/data/meta/CM_Matheus_ASO/nR308-L4-G3-P240-CTGCGAGCCA-TGGCCGGATT-READ1-Sequences.fastq.gz;/shares/CIBIO-Storage/CM/scratch/data/meta/CM_Matheus_ASO/nR308-L4-G3-P240-CTGCGAGCCA-TGGCCGGATT-READ2-Sequences.fastq.gz",NA,NA,NA,NA,NA,NA,NA
"MazmanianS_DeCastroFonsecaM_5","WT_2mo_5","P241","Parkinson Disease","NCIT:C26845","feces","UBERON:0001988","Mus musculus","NCBITaxon:10090","Study Control","NCIT:C142703",NA,NA,NA,NA,NA,NA,NA,NA,NA,"Kaelyn Long",NA,NA,NA,NA,NA,NA,NA,NA,NA,NA,NA,NA,NA,NA,NA,NA,NA,NA,NA,NA,NA,NA,NA,NA,NA,NA,NA,NA,NA,NA,NA,NA,"d53cd95f-5228-4a82-8d89-a4ab5492f8c7",NA,NA,NA,NA,NA,NA,NA,NA,NA,NA,NA,NA,NA,NA,"WT_2mo_5","9.86","50","523","20","Set A; E6; UDP0045","CGTTATTCTA","CCATAAGGTT","P241","DNA Shotgun","Illumina DNA Prep","Mice stool","Samples pooled in tube labeled 20230818_NW_Sarkis_Shotgun","/shares/CIBIO-Storage/CM/scratch/data/meta/CM_Matheus_ASO/nR308-L4-G3-P241-CGTTATTCTA-AACCTTATGG-READ1-Sequences.fastq.gz;/shares/CIBIO-Storage/CM/scratch/data/meta/CM_Matheus_ASO/nR308-L4-G3-P241-CGTTATTCTA-AACCTTATGG-READ2-Sequences.fastq.gz",NA,NA,NA,NA,NA,NA,NA
"MazmanianS_DeCastroFonsecaM_5","WT_2mo_6","P242","Parkinson Disease","NCIT:C26845","feces","UBERON:0001988","Mus musculus","NCBITaxon:10090","Study Control","NCIT:C142703",NA,NA,NA,NA,NA,NA,NA,NA,NA,"Kaelyn Long",NA,NA,NA,NA,NA,NA,NA,NA,NA,NA,NA,NA,NA,NA,NA,NA,NA,NA,NA,NA,NA,NA,NA,NA,NA,NA,NA,NA,NA,NA,NA,NA,"e46cb9e6-9bbd-4940-ac99-10c4c569ec4a",NA,NA,NA,NA,NA,NA,NA,NA,NA,NA,NA,NA,NA,NA,"WT_2mo_6","9.86","50","523","20","Set A; F6; UDP0046","AGATCCATTA","ATCTCTACCA","P242","DNA Shotgun","Illumina DNA Prep","Mice stool","Samples pooled in tube labeled 20230818_NW_Sarkis_Shotgun","/shares/CIBIO-Storage/CM/scratch/data/meta/CM_Matheus_ASO/nR308-L4-G3-P242-AGATCCATTA-TGGTAGAGAT-READ1-Sequences.fastq.gz;/shares/CIBIO-Storage/CM/scratch/data/meta/CM_Matheus_ASO/nR308-L4-G3-P242-AGATCCATTA-TGGTAGAGAT-READ2-Sequences.fastq.gz",NA,NA,NA,NA,NA,NA,NA
"MazmanianS_DeCastroFonsecaM_5","WT_2mo_7","P243","Parkinson Disease","NCIT:C26845","feces","UBERON:0001988","Mus musculus","NCBITaxon:10090","Study Control","NCIT:C142703",NA,NA,NA,NA,NA,NA,NA,NA,NA,"Kaelyn Long",NA,NA,NA,NA,NA,NA,NA,NA,NA,NA,NA,NA,NA,NA,NA,NA,NA,NA,NA,NA,NA,NA,NA,NA,NA,NA,NA,NA,NA,NA,NA,NA,"152da9a0-aa87-4ff1-b949-809049b4d9a8",NA,NA,NA,NA,NA,NA,NA,NA,NA,NA,NA,NA,NA,NA,"WT_2mo_7","9.86","50","523","20","Set A; G6; UDP0047","GTCCTGGATA","CGGTGGCGAA","P243","DNA Shotgun","Illumina DNA Prep","Mice stool","Samples pooled in tube labeled 20230818_NW_Sarkis_Shotgun","/shares/CIBIO-Storage/CM/scratch/data/meta/CM_Matheus_ASO/nR308-L4-G3-P243-GTCCTGGATA-TTCGCCACCG-READ1-Sequences.fastq.gz;/shares/CIBIO-Storage/CM/scratch/data/meta/CM_Matheus_ASO/nR308-L4-G3-P243-GTCCTGGATA-TTCGCCACCG-READ2-Sequences.fastq.gz",NA,NA,NA,NA,NA,NA,NA
"MazmanianS_DeCastroFonsecaM_5","WT_2mo_8","P244","Parkinson Disease","NCIT:C26845","feces","UBERON:0001988","Mus musculus","NCBITaxon:10090","Study Control","NCIT:C142703",NA,NA,NA,NA,NA,NA,NA,NA,NA,"Kaelyn Long",NA,NA,NA,NA,NA,NA,NA,NA,NA,NA,NA,NA,NA,NA,NA,NA,NA,NA,NA,NA,NA,NA,NA,NA,NA,NA,NA,NA,NA,NA,NA,NA,"ad039b54-b0f6-4c32-a05b-1602376f225b",NA,NA,NA,NA,NA,NA,NA,NA,NA,NA,NA,NA,NA,NA,"WT_2mo_8","9.86","50","523","20","Set A; H6; UDP0048","CAGTGGCACT","TAACAATAGG","P244","DNA Shotgun","Illumina DNA Prep","Mice stool","Samples pooled in tube labeled 20230818_NW_Sarkis_Shotgun","/shares/CIBIO-Storage/CM/scratch/data/meta/CM_Matheus_ASO/nR308-L4-G3-P244-CAGTGGCACT-CCTATTGTTA-READ1-Sequences.fastq.gz;/shares/CIBIO-Storage/CM/scratch/data/meta/CM_Matheus_ASO/nR308-L4-G3-P244-CAGTGGCACT-CCTATTGTTA-READ2-Sequences.fastq.gz",NA,NA,NA,NA,NA,NA,NA
"MazmanianS_DeCastroFonsecaM_5","WT_2mo_9","P245","Parkinson Disease","NCIT:C26845","feces","UBERON:0001988","Mus musculus","NCBITaxon:10090","Study Control","NCIT:C142703",NA,NA,NA,NA,NA,NA,NA,NA,NA,"Kaelyn Long",NA,NA,NA,NA,NA,NA,NA,NA,NA,NA,NA,NA,NA,NA,NA,NA,NA,NA,NA,NA,NA,NA,NA,NA,NA,NA,NA,NA,NA,NA,NA,NA,"ec3569ff-f48f-43e5-8296-3bfa7de98fe4",NA,NA,NA,NA,NA,NA,NA,NA,NA,NA,NA,NA,NA,NA,"WT_2mo_9","9.86","50","523","20","Set A; A7; UDP0049","AGTGTTGCAC","CTGGTACACG","P245","DNA Shotgun","Illumina DNA Prep","Mice stool","Samples pooled in tube labeled 20230818_NW_Sarkis_Shotgun","/shares/CIBIO-Storage/CM/scratch/data/meta/CM_Matheus_ASO/nR308-L4-G3-P245-AGTGTTGCAC-CGTGTACCAG-READ1-Sequences.fastq.gz;/shares/CIBIO-Storage/CM/scratch/data/meta/CM_Matheus_ASO/nR308-L4-G3-P245-AGTGTTGCAC-CGTGTACCAG-READ2-Sequences.fastq.gz",NA,NA,NA,NA,NA,NA,NA
"MazmanianS_DeCastroFonsecaM_5","WT_2mo_10","P246","Parkinson Disease","NCIT:C26845","feces","UBERON:0001988","Mus musculus","NCBITaxon:10090","Study Control","NCIT:C142703",NA,NA,NA,NA,NA,NA,NA,NA,NA,"Kaelyn Long",NA,NA,NA,NA,NA,NA,NA,NA,NA,NA,NA,NA,NA,NA,NA,NA,NA,NA,NA,NA,NA,NA,NA,NA,NA,NA,NA,NA,NA,NA,NA,NA,"77b0f00d-7bab-4ad9-a1db-da90c94d2e03",NA,NA,NA,NA,NA,NA,NA,NA,NA,NA,NA,NA,NA,NA,"WT_2mo_10","9.86","50","523","20","Set A; B7; UDP0050","GACACCATGT","TCAACGTGTA","P246","DNA Shotgun","Illumina DNA Prep","Mice stool","Samples pooled in tube labeled 20230818_NW_Sarkis_Shotgun","/shares/CIBIO-Storage/CM/scratch/data/meta/CM_Matheus_ASO/nR308-L4-G3-P246-GACACCATGT-TACACGTTGA-READ1-Sequences.fastq.gz;/shares/CIBIO-Storage/CM/scratch/data/meta/CM_Matheus_ASO/nR308-L4-G3-P246-GACACCATGT-TACACGTTGA-READ2-Sequences.fastq.gz",NA,NA,NA,NA,NA,NA,NA
"MazmanianS_DeCastroFonsecaM_5","WT_5mo_1","P247","Parkinson Disease","NCIT:C26845","feces","UBERON:0001988","Mus musculus","NCBITaxon:10090","Study Control","NCIT:C142703",NA,NA,NA,NA,NA,NA,NA,NA,NA,"Kaelyn Long",NA,NA,NA,NA,NA,NA,NA,NA,NA,NA,NA,NA,NA,NA,NA,NA,NA,NA,NA,NA,NA,NA,NA,NA,NA,NA,NA,NA,NA,NA,NA,NA,"93683ce9-7ab3-4e3e-9567-784a56e5e470",NA,NA,NA,NA,NA,NA,NA,NA,NA,NA,NA,NA,NA,NA,"WT_5mo_1","9.86","50","523","20","Set A; C7; UDP0051","CCTGTCTGTC","ACTGTTGTGA","P247","DNA Shotgun","Illumina DNA Prep","Mice stool","Samples pooled in tube labeled 20230818_NW_Sarkis_Shotgun","/shares/CIBIO-Storage/CM/scratch/data/meta/CM_Matheus_ASO/nR308-L4-G3-P247-CCTGTCTGTC-TCACAACAGT-READ1-Sequences.fastq.gz;/shares/CIBIO-Storage/CM/scratch/data/meta/CM_Matheus_ASO/nR308-L4-G3-P247-CCTGTCTGTC-TCACAACAGT-READ2-Sequences.fastq.gz",NA,NA,NA,NA,NA,NA,NA
"MazmanianS_DeCastroFonsecaM_5","WT_5mo_2","P248","Parkinson Disease","NCIT:C26845","feces","UBERON:0001988","Mus musculus","NCBITaxon:10090","Study Control","NCIT:C142703",NA,NA,NA,NA,NA,NA,NA,NA,NA,"Kaelyn Long",NA,NA,NA,NA,NA,NA,NA,NA,NA,NA,NA,NA,NA,NA,NA,NA,NA,NA,NA,NA,NA,NA,NA,NA,NA,NA,NA,NA,NA,NA,NA,NA,"805afc59-0812-4c0d-9707-ca6b2b5cf297",NA,NA,NA,NA,NA,NA,NA,NA,NA,NA,NA,NA,NA,NA,"WT_5mo_2","9.86","50","523","20","Set A; D7; UDP0052","TGATGTAAGA","GTGCGTCCTT","P248","DNA Shotgun","Illumina DNA Prep","Mice stool","Samples pooled in tube labeled 20230818_NW_Sarkis_Shotgun","/shares/CIBIO-Storage/CM/scratch/data/meta/CM_Matheus_ASO/nR308-L4-G3-P248-TGATGTAAGA-AAGGACGCAC-READ1-Sequences.fastq.gz;/shares/CIBIO-Storage/CM/scratch/data/meta/CM_Matheus_ASO/nR308-L4-G3-P248-TGATGTAAGA-AAGGACGCAC-READ2-Sequences.fastq.gz",NA,NA,NA,NA,NA,NA,NA
"MazmanianS_DeCastroFonsecaM_5","WT_5mo_3","P249","Parkinson Disease","NCIT:C26845","feces","UBERON:0001988","Mus musculus","NCBITaxon:10090","Study Control","NCIT:C142703",NA,NA,NA,NA,NA,NA,NA,NA,NA,"Kaelyn Long",NA,NA,NA,NA,NA,NA,NA,NA,NA,NA,NA,NA,NA,NA,NA,NA,NA,NA,NA,NA,NA,NA,NA,NA,NA,NA,NA,NA,NA,NA,NA,NA,"a4afb74d-e5e0-44c2-9d35-017c73cc520c",NA,NA,NA,NA,NA,NA,NA,NA,NA,NA,NA,NA,NA,NA,"WT_5mo_3","9.86","50","523","20","Set A; E7; UDP0053","GGAATTGTAA","AGCACATCCT","P249","DNA Shotgun","Illumina DNA Prep","Mice stool","Samples pooled in tube labeled 20230818_NW_Sarkis_Shotgun","/shares/CIBIO-Storage/CM/scratch/data/meta/CM_Matheus_ASO/nR308-L4-G3-P249-GGAATTGTAA-AGGATGTGCT-READ1-Sequences.fastq.gz;/shares/CIBIO-Storage/CM/scratch/data/meta/CM_Matheus_ASO/nR308-L4-G3-P249-GGAATTGTAA-AGGATGTGCT-READ2-Sequences.fastq.gz",NA,NA,NA,NA,NA,NA,NA
"MazmanianS_DeCastroFonsecaM_5","WT_5mo_4","P250","Parkinson Disease","NCIT:C26845","feces","UBERON:0001988","Mus musculus","NCBITaxon:10090","Study Control","NCIT:C142703",NA,NA,NA,NA,NA,NA,NA,NA,NA,"Kaelyn Long",NA,NA,NA,NA,NA,NA,NA,NA,NA,NA,NA,NA,NA,NA,NA,NA,NA,NA,NA,NA,NA,NA,NA,NA,NA,NA,NA,NA,NA,NA,NA,NA,"d4bd721d-7493-4988-a2c4-c8cfbb2ae2dc",NA,NA,NA,NA,NA,NA,NA,NA,NA,NA,NA,NA,NA,NA,"WT_5mo_4","9.86","50","523","20","Set A; F7; UDP0054","GCATAAGCTT","TTCCGTCGCA","P250","DNA Shotgun","Illumina DNA Prep","Mice stool","Samples pooled in tube labeled 20230818_NW_Sarkis_Shotgun","/shares/CIBIO-Storage/CM/scratch/data/meta/CM_Matheus_ASO/nR308-L4-G3-P250-GCATAAGCTT-TGCGACGGAA-READ1-Sequences.fastq.gz;/shares/CIBIO-Storage/CM/scratch/data/meta/CM_Matheus_ASO/nR308-L4-G3-P250-GCATAAGCTT-TGCGACGGAA-READ2-Sequences.fastq.gz",NA,NA,NA,NA,NA,NA,NA
"MazmanianS_DeCastroFonsecaM_5","WT_5mo_5","P251","Parkinson Disease","NCIT:C26845","feces","UBERON:0001988","Mus musculus","NCBITaxon:10090","Study Control","NCIT:C142703",NA,NA,NA,NA,NA,NA,NA,NA,NA,"Kaelyn Long",NA,NA,NA,NA,NA,NA,NA,NA,NA,NA,NA,NA,NA,NA,NA,NA,NA,NA,NA,NA,NA,NA,NA,NA,NA,NA,NA,NA,NA,NA,NA,NA,"fbbee3c6-6c3e-4433-909a-3023267c7a86",NA,NA,NA,NA,NA,NA,NA,NA,NA,NA,NA,NA,NA,NA,"WT_5mo_5","9.86","50","523","20","Set A; G7; UDP0055","CTGAGGAATA","CTTAACCACT","P251","DNA Shotgun","Illumina DNA Prep","Mice stool","Samples pooled in tube labeled 20230818_NW_Sarkis_Shotgun","/shares/CIBIO-Storage/CM/scratch/data/meta/CM_Matheus_ASO/nR308-L4-G3-P251-CTGAGGAATA-AGTGGTTAAG-READ1-Sequences.fastq.gz;/shares/CIBIO-Storage/CM/scratch/data/meta/CM_Matheus_ASO/nR308-L4-G3-P251-CTGAGGAATA-AGTGGTTAAG-READ2-Sequences.fastq.gz",NA,NA,NA,NA,NA,NA,NA
"MazmanianS_DeCastroFonsecaM_5","WT_5mo_6","P252","Parkinson Disease","NCIT:C26845","feces","UBERON:0001988","Mus musculus","NCBITaxon:10090","Study Control","NCIT:C142703",NA,NA,NA,NA,NA,NA,NA,NA,NA,"Kaelyn Long",NA,NA,NA,NA,NA,NA,NA,NA,NA,NA,NA,NA,NA,NA,NA,NA,NA,NA,NA,NA,NA,NA,NA,NA,NA,NA,NA,NA,NA,NA,NA,NA,"2fd57a92-7998-41bc-8719-7cea2c98593d",NA,NA,NA,NA,NA,NA,NA,NA,NA,NA,NA,NA,NA,NA,"WT_5mo_6","9.86","50","523","20","Set A; H7; UDP0056","AACGCACGAG","GCCTCGGATA","P252","DNA Shotgun","Illumina DNA Prep","Mice stool","Samples pooled in tube labeled 20230818_NW_Sarkis_Shotgun","/shares/CIBIO-Storage/CM/scratch/data/meta/CM_Matheus_ASO/nR308-L4-G3-P252-AACGCACGAG-TATCCGAGGC-READ1-Sequences.fastq.gz;/shares/CIBIO-Storage/CM/scratch/data/meta/CM_Matheus_ASO/nR308-L4-G3-P252-AACGCACGAG-TATCCGAGGC-READ2-Sequences.fastq.gz",NA,NA,NA,NA,NA,NA,NA
"MazmanianS_DeCastroFonsecaM_5","WT_5mo_7","P253","Parkinson Disease","NCIT:C26845","feces","UBERON:0001988","Mus musculus","NCBITaxon:10090","Study Control","NCIT:C142703",NA,NA,NA,NA,NA,NA,NA,NA,NA,"Kaelyn Long",NA,NA,NA,NA,NA,NA,NA,NA,NA,NA,NA,NA,NA,NA,NA,NA,NA,NA,NA,NA,NA,NA,NA,NA,NA,NA,NA,NA,NA,NA,NA,NA,"97be28ae-1528-4d96-89ed-fbe1194930b2",NA,NA,NA,NA,NA,NA,NA,NA,NA,NA,NA,NA,NA,NA,"WT_5mo_7","9.86","50","523","20","Set A; A8; UDP0057","TCTATCCTAA","CGTCGACTGG","P253","DNA Shotgun","Illumina DNA Prep","Mice stool","Samples pooled in tube labeled 20230818_NW_Sarkis_Shotgun","/shares/CIBIO-Storage/CM/scratch/data/meta/CM_Matheus_ASO/nR308-L4-G3-P253-TCTATCCTAA-CCAGTCGACG-READ1-Sequences.fastq.gz;/shares/CIBIO-Storage/CM/scratch/data/meta/CM_Matheus_ASO/nR308-L4-G3-P253-TCTATCCTAA-CCAGTCGACG-READ2-Sequences.fastq.gz",NA,NA,NA,NA,NA,NA,NA
"MazmanianS_DeCastroFonsecaM_5","WT_5mo_8","P254","Parkinson Disease","NCIT:C26845","feces","UBERON:0001988","Mus musculus","NCBITaxon:10090","Study Control","NCIT:C142703",NA,NA,NA,NA,NA,NA,NA,NA,NA,"Kaelyn Long",NA,NA,NA,NA,NA,NA,NA,NA,NA,NA,NA,NA,NA,NA,NA,NA,NA,NA,NA,NA,NA,NA,NA,NA,NA,NA,NA,NA,NA,NA,NA,NA,"253ca89a-7674-4535-b32e-ef636a917d53",NA,NA,NA,NA,NA,NA,NA,NA,NA,NA,NA,NA,NA,NA,"WT_5mo_8","9.86","50","523","20","Set A; B8; UDP0058","CTCGCTTCGG","TACTAGTCAA","P254","DNA Shotgun","Illumina DNA Prep","Mice stool","Samples pooled in tube labeled 20230818_NW_Sarkis_Shotgun","/shares/CIBIO-Storage/CM/scratch/data/meta/CM_Matheus_ASO/nR308-L4-G3-P254-CTCGCTTCGG-TTGACTAGTA-READ1-Sequences.fastq.gz;/shares/CIBIO-Storage/CM/scratch/data/meta/CM_Matheus_ASO/nR308-L4-G3-P254-CTCGCTTCGG-TTGACTAGTA-READ2-Sequences.fastq.gz",NA,NA,NA,NA,NA,NA,NA
"MazmanianS_DeCastroFonsecaM_5","WT_5mo_9","P255","Parkinson Disease","NCIT:C26845","feces","UBERON:0001988","Mus musculus","NCBITaxon:10090","Study Control","NCIT:C142703",NA,NA,NA,NA,NA,NA,NA,NA,NA,"Kaelyn Long",NA,NA,NA,NA,NA,NA,NA,NA,NA,NA,NA,NA,NA,NA,NA,NA,NA,NA,NA,NA,NA,NA,NA,NA,NA,NA,NA,NA,NA,NA,NA,NA,"0499f376-ecd2-430b-90a9-4b7a430056b8",NA,NA,NA,NA,NA,NA,NA,NA,NA,NA,NA,NA,NA,NA,"WT_5mo_9","9.86","50","523","20","Set A; C8; UDP0059","CTGTTGGTCC","ATAGACCGTT","P255","DNA Shotgun","Illumina DNA Prep","Mice stool","Samples pooled in tube labeled 20230818_NW_Sarkis_Shotgun","/shares/CIBIO-Storage/CM/scratch/data/meta/CM_Matheus_ASO/nR308-L4-G3-P255-CTGTTGGTCC-AACGGTCTAT-READ1-Sequences.fastq.gz;/shares/CIBIO-Storage/CM/scratch/data/meta/CM_Matheus_ASO/nR308-L4-G3-P255-CTGTTGGTCC-AACGGTCTAT-READ2-Sequences.fastq.gz",NA,NA,NA,NA,NA,NA,NA
"MazmanianS_DeCastroFonsecaM_5","WT_5mo_10","P256","Parkinson Disease","NCIT:C26845","feces","UBERON:0001988","Mus musculus","NCBITaxon:10090","Study Control","NCIT:C142703",NA,NA,NA,NA,NA,NA,NA,NA,NA,"Kaelyn Long",NA,NA,NA,NA,NA,NA,NA,NA,NA,NA,NA,NA,NA,NA,NA,NA,NA,NA,NA,NA,NA,NA,NA,NA,NA,NA,NA,NA,NA,NA,NA,NA,"591d4f4a-e797-457c-ba1b-957addf98e6f",NA,NA,NA,NA,NA,NA,NA,NA,NA,NA,NA,NA,NA,NA,"WT_5mo_10","9.86","50","523","20","Set A; A3; UDP0017","GAGAATGGTT","TCGGCAGCAA","P256","DNA Shotgun","Illumina DNA Prep","Mice stool","Samples pooled in tube labeled 20230818_NW_Sarkis_Shotgun","/shares/CIBIO-Storage/CM/scratch/data/meta/CM_Matheus_ASO/nR308-L4-G3-P256-GAGAATGGTT-TTGCTGCCGA-READ1-Sequences.fastq.gz;/shares/CIBIO-Storage/CM/scratch/data/meta/CM_Matheus_ASO/nR308-L4-G3-P256-GAGAATGGTT-TTGCTGCCGA-READ2-Sequences.fastq.gz",NA,NA,NA,NA,NA,NA,NA
"MazmanianS_DeCastroFonsecaM_5","ASO_2mo_1","P257","Parkinson Disease","NCIT:C26845","feces","UBERON:0001988","Mus musculus","NCBITaxon:10090","Case","NCIT:C49152",NA,NA,NA,NA,NA,NA,NA,NA,NA,"Kaelyn Long",NA,NA,NA,NA,NA,NA,NA,NA,NA,NA,NA,NA,NA,NA,NA,NA,NA,NA,NA,NA,NA,NA,NA,NA,NA,NA,NA,NA,NA,NA,NA,NA,"e9ab3dd5-9445-43dd-afe0-dfa287b05c89",NA,NA,NA,NA,NA,NA,NA,NA,NA,NA,NA,NA,NA,NA,"ASO_2mo_1","9.86","50","523","20","Set A; A5; UDP0033","TGATTATACG","GTCGATTACA","P257","DNA Shotgun","Illumina DNA Prep","Mice stool","Samples pooled in tube labeled 20230818_NW_Sarkis_Shotgun","/shares/CIBIO-Storage/CM/scratch/data/meta/CM_Matheus_ASO/nR308-L4-G3-P257-TGATTATACG-TGTAATCGAC-READ1-Sequences.fastq.gz;/shares/CIBIO-Storage/CM/scratch/data/meta/CM_Matheus_ASO/nR308-L4-G3-P257-TGATTATACG-TGTAATCGAC-READ2-Sequences.fastq.gz",NA,NA,NA,NA,NA,NA,NA
"MazmanianS_DeCastroFonsecaM_5","ASO_2mo_2","P258","Parkinson Disease","NCIT:C26845","feces","UBERON:0001988","Mus musculus","NCBITaxon:10090","Case","NCIT:C49152",NA,NA,NA,NA,NA,NA,NA,NA,NA,"Kaelyn Long",NA,NA,NA,NA,NA,NA,NA,NA,NA,NA,NA,NA,NA,NA,NA,NA,NA,NA,NA,NA,NA,NA,NA,NA,NA,NA,NA,NA,NA,NA,NA,NA,"8e896d35-988d-414f-bf3d-ff876f98bfe4",NA,NA,NA,NA,NA,NA,NA,NA,NA,NA,NA,NA,NA,NA,"ASO_2mo_2","9.86","50","523","20","Set A; B5; UDP0034","CAGCCGCGTA","ACTAGCCGTG","P258","DNA Shotgun","Illumina DNA Prep","Mice stool","Samples pooled in tube labeled 20230818_NW_Sarkis_Shotgun","/shares/CIBIO-Storage/CM/scratch/data/meta/CM_Matheus_ASO/nR308-L4-G3-P258-CAGCCGCGTA-CACGGCTAGT-READ1-Sequences.fastq.gz;/shares/CIBIO-Storage/CM/scratch/data/meta/CM_Matheus_ASO/nR308-L4-G3-P258-CAGCCGCGTA-CACGGCTAGT-READ2-Sequences.fastq.gz",NA,NA,NA,NA,NA,NA,NA
"MazmanianS_DeCastroFonsecaM_5","ASO_2mo_3","P259","Parkinson Disease","NCIT:C26845","feces","UBERON:0001988","Mus musculus","NCBITaxon:10090","Case","NCIT:C49152",NA,NA,NA,NA,NA,NA,NA,NA,NA,"Kaelyn Long",NA,NA,NA,NA,NA,NA,NA,NA,NA,NA,NA,NA,NA,NA,NA,NA,NA,NA,NA,NA,NA,NA,NA,NA,NA,NA,NA,NA,NA,NA,NA,NA,"9ee92513-af3a-40ee-b807-2f4f38dd7ccd",NA,NA,NA,NA,NA,NA,NA,NA,NA,NA,NA,NA,NA,NA,"ASO_2mo_3","9.86","50","523","20","Set A; C5; UDP0035","GGTAACTCGC","AAGTTGGTGA","P259","DNA Shotgun","Illumina DNA Prep","Mice stool","Samples pooled in tube labeled 20230818_NW_Sarkis_Shotgun","/shares/CIBIO-Storage/CM/scratch/data/meta/CM_Matheus_ASO/nR308-L4-G3-P259-GGTAACTCGC-TCACCAACTT-READ1-Sequences.fastq.gz;/shares/CIBIO-Storage/CM/scratch/data/meta/CM_Matheus_ASO/nR308-L4-G3-P259-GGTAACTCGC-TCACCAACTT-READ2-Sequences.fastq.gz",NA,NA,NA,NA,NA,NA,NA
"MazmanianS_DeCastroFonsecaM_5","ASO_2mo_4","P260","Parkinson Disease","NCIT:C26845","feces","UBERON:0001988","Mus musculus","NCBITaxon:10090","Case","NCIT:C49152",NA,NA,NA,NA,NA,NA,NA,NA,NA,"Kaelyn Long",NA,NA,NA,NA,NA,NA,NA,NA,NA,NA,NA,NA,NA,NA,NA,NA,NA,NA,NA,NA,NA,NA,NA,NA,NA,NA,NA,NA,NA,NA,NA,NA,"7af2c0a1-701b-49f9-b971-c4d5d0be4dd2",NA,NA,NA,NA,NA,NA,NA,NA,NA,NA,NA,NA,NA,NA,"ASO_2mo_4","9.86","50","523","20","Set A; D5; UDP0036","ACCGGCCGTA","TGGCAATATT","P260","DNA Shotgun","Illumina DNA Prep","Mice stool","Samples pooled in tube labeled 20230818_NW_Sarkis_Shotgun","/shares/CIBIO-Storage/CM/scratch/data/meta/CM_Matheus_ASO/nR308-L4-G3-P260-ACCGGCCGTA-AATATTGCCA-READ1-Sequences.fastq.gz;/shares/CIBIO-Storage/CM/scratch/data/meta/CM_Matheus_ASO/nR308-L4-G3-P260-ACCGGCCGTA-AATATTGCCA-READ2-Sequences.fastq.gz",NA,NA,NA,NA,NA,NA,NA
"MazmanianS_DeCastroFonsecaM_5","ASO_2mo_5","P261","Parkinson Disease","NCIT:C26845","feces","UBERON:0001988","Mus musculus","NCBITaxon:10090","Case","NCIT:C49152",NA,NA,NA,NA,NA,NA,NA,NA,NA,"Kaelyn Long",NA,NA,NA,NA,NA,NA,NA,NA,NA,NA,NA,NA,NA,NA,NA,NA,NA,NA,NA,NA,NA,NA,NA,NA,NA,NA,NA,NA,NA,NA,NA,NA,"e72a025f-c920-4f24-bdef-eace6f900078",NA,NA,NA,NA,NA,NA,NA,NA,NA,NA,NA,NA,NA,NA,"ASO_2mo_5","9.86","50","523","20","Set A; E5; UDP0037","TGTAATCGAC","GATCACCGCG","P261","DNA Shotgun","Illumina DNA Prep","Mice stool","Samples pooled in tube labeled 20230818_NW_Sarkis_Shotgun","/shares/CIBIO-Storage/CM/scratch/data/meta/CM_Matheus_ASO/nR308-L4-G3-P261-TGTAATCGAC-CGCGGTGATC-READ1-Sequences.fastq.gz;/shares/CIBIO-Storage/CM/scratch/data/meta/CM_Matheus_ASO/nR308-L4-G3-P261-TGTAATCGAC-CGCGGTGATC-READ2-Sequences.fastq.gz",NA,NA,NA,NA,NA,NA,NA
"MazmanianS_DeCastroFonsecaM_5","ASO_2mo_6","P262","Parkinson Disease","NCIT:C26845","feces","UBERON:0001988","Mus musculus","NCBITaxon:10090","Case","NCIT:C49152",NA,NA,NA,NA,NA,NA,NA,NA,NA,"Kaelyn Long",NA,NA,NA,NA,NA,NA,NA,NA,NA,NA,NA,NA,NA,NA,NA,NA,NA,NA,NA,NA,NA,NA,NA,NA,NA,NA,NA,NA,NA,NA,NA,NA,"bd49ae7c-c646-4faa-a333-a248b9df31f8",NA,NA,NA,NA,NA,NA,NA,NA,NA,NA,NA,NA,NA,NA,"ASO_2mo_6","9.86","50","523","20","Set A; F5; UDP0038","GTGCAGACAG","TACCATCCGT","P262","DNA Shotgun","Illumina DNA Prep","Mice stool","Samples pooled in tube labeled 20230818_NW_Sarkis_Shotgun","/shares/CIBIO-Storage/CM/scratch/data/meta/CM_Matheus_ASO/nR308-L4-G3-P262-GTGCAGACAG-ACGGATGGTA-READ1-Sequences.fastq.gz;/shares/CIBIO-Storage/CM/scratch/data/meta/CM_Matheus_ASO/nR308-L4-G3-P262-GTGCAGACAG-ACGGATGGTA-READ2-Sequences.fastq.gz",NA,NA,NA,NA,NA,NA,NA
"MazmanianS_DeCastroFonsecaM_5","ASO_2mo_7","P263","Parkinson Disease","NCIT:C26845","feces","UBERON:0001988","Mus musculus","NCBITaxon:10090","Case","NCIT:C49152",NA,NA,NA,NA,NA,NA,NA,NA,NA,"Kaelyn Long",NA,NA,NA,NA,NA,NA,NA,NA,NA,NA,NA,NA,NA,NA,NA,NA,NA,NA,NA,NA,NA,NA,NA,NA,NA,NA,NA,NA,NA,NA,NA,NA,"6f17aaf0-6da8-4421-a903-30c4ecbfafd3",NA,NA,NA,NA,NA,NA,NA,NA,NA,NA,NA,NA,NA,NA,"ASO_2mo_7","9.86","50","523","20","Set A; G5; UDP0039","CAATCGGCTG","GCTGTAGGAA","P263","DNA Shotgun","Illumina DNA Prep","Mice stool","Samples pooled in tube labeled 20230818_NW_Sarkis_Shotgun","/shares/CIBIO-Storage/CM/scratch/data/meta/CM_Matheus_ASO/nR308-L4-G3-P263-CAATCGGCTG-TTCCTACAGC-READ1-Sequences.fastq.gz;/shares/CIBIO-Storage/CM/scratch/data/meta/CM_Matheus_ASO/nR308-L4-G3-P263-CAATCGGCTG-TTCCTACAGC-READ2-Sequences.fastq.gz",NA,NA,NA,NA,NA,NA,NA
"MazmanianS_DeCastroFonsecaM_5","ASO_2mo_8","P264","Parkinson Disease","NCIT:C26845","feces","UBERON:0001988","Mus musculus","NCBITaxon:10090","Case","NCIT:C49152",NA,NA,NA,NA,NA,NA,NA,NA,NA,"Kaelyn Long",NA,NA,NA,NA,NA,NA,NA,NA,NA,NA,NA,NA,NA,NA,NA,NA,NA,NA,NA,NA,NA,NA,NA,NA,NA,NA,NA,NA,NA,NA,NA,NA,"99703085-9be7-4dda-9d14-61543909482b",NA,NA,NA,NA,NA,NA,NA,NA,NA,NA,NA,NA,NA,NA,"ASO_2mo_8","9.86","50","523","20","Set A; H5; UDP0040","TATGTAGTCA","CGCACTAATG","P264","DNA Shotgun","Illumina DNA Prep","Mice stool","Samples pooled in tube labeled 20230818_NW_Sarkis_Shotgun","/shares/CIBIO-Storage/CM/scratch/data/meta/CM_Matheus_ASO/nR308-L4-G3-P264-TATGTAGTCA-CATTAGTGCG-READ1-Sequences.fastq.gz;/shares/CIBIO-Storage/CM/scratch/data/meta/CM_Matheus_ASO/nR308-L4-G3-P264-TATGTAGTCA-CATTAGTGCG-READ2-Sequences.fastq.gz",NA,NA,NA,NA,NA,NA,NA
"MazmanianS_DeCastroFonsecaM_5","ASO_2mo_9","P265","Parkinson Disease","NCIT:C26845","feces","UBERON:0001988","Mus musculus","NCBITaxon:10090","Case","NCIT:C49152",NA,NA,NA,NA,NA,NA,NA,NA,NA,"Kaelyn Long",NA,NA,NA,NA,NA,NA,NA,NA,NA,NA,NA,NA,NA,NA,NA,NA,NA,NA,NA,NA,NA,NA,NA,NA,NA,NA,NA,NA,NA,NA,NA,NA,"0eb77d2e-036e-4e3f-a9d0-ffb23d97be01",NA,NA,NA,NA,NA,NA,NA,NA,NA,NA,NA,NA,NA,NA,"ASO_2mo_9","9.86","50","523","20","Set A; C9; UDP0067","AGGATGTGCT","TTACAATTCC","P265","DNA Shotgun","Illumina DNA Prep","Mice stool","Samples pooled in tube labeled 20230818_NW_Sarkis_Shotgun","/shares/CIBIO-Storage/CM/scratch/data/meta/CM_Matheus_ASO/nR308-L4-G3-P265-AGGATGTGCT-GGAATTGTAA-READ1-Sequences.fastq.gz;/shares/CIBIO-Storage/CM/scratch/data/meta/CM_Matheus_ASO/nR308-L4-G3-P265-AGGATGTGCT-GGAATTGTAA-READ2-Sequences.fastq.gz",NA,NA,NA,NA,NA,NA,NA
"MazmanianS_DeCastroFonsecaM_5","ASO_2mo_10","P266","Parkinson Disease","NCIT:C26845","feces","UBERON:0001988","Mus musculus","NCBITaxon:10090","Case","NCIT:C49152",NA,NA,NA,NA,NA,NA,NA,NA,NA,"Kaelyn Long",NA,NA,NA,NA,NA,NA,NA,NA,NA,NA,NA,NA,NA,NA,NA,NA,NA,NA,NA,NA,NA,NA,NA,NA,NA,NA,NA,NA,NA,NA,NA,NA,"8904f901-e376-4008-84fc-539c0f3dcf0a",NA,NA,NA,NA,NA,NA,NA,NA,NA,NA,NA,NA,NA,NA,"ASO_2mo_10","9.86","50","523","20","Set A; B9; UDP0066","ATACCAACGC","AATTGCTGCG","P266","DNA Shotgun","Illumina DNA Prep","Mice stool","Samples pooled in tube labeled 20230818_NW_Sarkis_Shotgun","/shares/CIBIO-Storage/CM/scratch/data/meta/CM_Matheus_ASO/nR308-L4-G3-P266-ATACCAACGC-CGCAGCAATT-READ1-Sequences.fastq.gz;/shares/CIBIO-Storage/CM/scratch/data/meta/CM_Matheus_ASO/nR308-L4-G3-P266-ATACCAACGC-CGCAGCAATT-READ2-Sequences.fastq.gz",NA,NA,NA,NA,NA,NA,NA
"MazmanianS_DeCastroFonsecaM_5","ASO_5mo_1","P267","Parkinson Disease","NCIT:C26845","feces","UBERON:0001988","Mus musculus","NCBITaxon:10090","Case","NCIT:C49152",NA,NA,NA,NA,NA,NA,NA,NA,NA,"Kaelyn Long",NA,NA,NA,NA,NA,NA,NA,NA,NA,NA,NA,NA,NA,NA,NA,NA,NA,NA,NA,NA,NA,NA,NA,NA,NA,NA,NA,NA,NA,NA,NA,NA,"19acccb1-2116-402b-8b07-0ffa198771e7",NA,NA,NA,NA,NA,NA,NA,NA,NA,NA,NA,NA,NA,NA,"ASO_5mo_1","9.86","50","523","20","Set A; A1; UDP0001","GAACTGAGCG","TCGTGGAGCG","P267","DNA Shotgun","Illumina DNA Prep","Mice stool","Samples pooled in tube labeled 20230818_NW_Sarkis_Shotgun","/shares/CIBIO-Storage/CM/scratch/data/meta/CM_Matheus_ASO/nR308-L4-G3-P267-GAACTGAGCG-CGCTCCACGA-READ1-Sequences.fastq.gz;/shares/CIBIO-Storage/CM/scratch/data/meta/CM_Matheus_ASO/nR308-L4-G3-P267-GAACTGAGCG-CGCTCCACGA-READ2-Sequences.fastq.gz",NA,NA,NA,NA,NA,NA,NA
"MazmanianS_DeCastroFonsecaM_5","ASO_5mo_2","P268","Parkinson Disease","NCIT:C26845","feces","UBERON:0001988","Mus musculus","NCBITaxon:10090","Case","NCIT:C49152",NA,NA,NA,NA,NA,NA,NA,NA,NA,"Kaelyn Long",NA,NA,NA,NA,NA,NA,NA,NA,NA,NA,NA,NA,NA,NA,NA,NA,NA,NA,NA,NA,NA,NA,NA,NA,NA,NA,NA,NA,NA,NA,NA,NA,"3ab22da4-eafe-4eb4-ab16-f072fdf432e3",NA,NA,NA,NA,NA,NA,NA,NA,NA,NA,NA,NA,NA,NA,"ASO_5mo_2","9.86","50","523","20","Set A; B1; UDP0002","AGGTCAGATA","CTACAAGATA","P268","DNA Shotgun","Illumina DNA Prep","Mice stool","Samples pooled in tube labeled 20230818_NW_Sarkis_Shotgun","/shares/CIBIO-Storage/CM/scratch/data/meta/CM_Matheus_ASO/nR308-L4-G3-P268-AGGTCAGATA-TATCTTGTAG-READ1-Sequences.fastq.gz;/shares/CIBIO-Storage/CM/scratch/data/meta/CM_Matheus_ASO/nR308-L4-G3-P268-AGGTCAGATA-TATCTTGTAG-READ2-Sequences.fastq.gz",NA,NA,NA,NA,NA,NA,NA
"MazmanianS_DeCastroFonsecaM_5","ASO_5mo_3","P269","Parkinson Disease","NCIT:C26845","feces","UBERON:0001988","Mus musculus","NCBITaxon:10090","Case","NCIT:C49152",NA,NA,NA,NA,NA,NA,NA,NA,NA,"Kaelyn Long",NA,NA,NA,NA,NA,NA,NA,NA,NA,NA,NA,NA,NA,NA,NA,NA,NA,NA,NA,NA,NA,NA,NA,NA,NA,NA,NA,NA,NA,NA,NA,NA,"4eb25aec-1d81-4740-842c-313f98582ebb",NA,NA,NA,NA,NA,NA,NA,NA,NA,NA,NA,NA,NA,NA,"ASO_5mo_3","9.86","50","523","20","Set A; C1; UDP0003","CGTCTCATAT","TATAGTAGCT","P269","DNA Shotgun","Illumina DNA Prep","Mice stool","Samples pooled in tube labeled 20230818_NW_Sarkis_Shotgun","/shares/CIBIO-Storage/CM/scratch/data/meta/CM_Matheus_ASO/nR308-L4-G3-P269-CGTCTCATAT-AGCTACTATA-READ1-Sequences.fastq.gz;/shares/CIBIO-Storage/CM/scratch/data/meta/CM_Matheus_ASO/nR308-L4-G3-P269-CGTCTCATAT-AGCTACTATA-READ2-Sequences.fastq.gz",NA,NA,NA,NA,NA,NA,NA
"MazmanianS_DeCastroFonsecaM_5","ASO_5mo_4","P270","Parkinson Disease","NCIT:C26845","feces","UBERON:0001988","Mus musculus","NCBITaxon:10090","Case","NCIT:C49152",NA,NA,NA,NA,NA,NA,NA,NA,NA,"Kaelyn Long",NA,NA,NA,NA,NA,NA,NA,NA,NA,NA,NA,NA,NA,NA,NA,NA,NA,NA,NA,NA,NA,NA,NA,NA,NA,NA,NA,NA,NA,NA,NA,NA,"45ba615c-7e2d-483f-9d56-322c9820c6d9",NA,NA,NA,NA,NA,NA,NA,NA,NA,NA,NA,NA,NA,NA,"ASO_5mo_4","9.86","50","523","20","Set A; D1; UDP0004","ATTCCATAAG","TGCCTGGTGG","P270","DNA Shotgun","Illumina DNA Prep","Mice stool","Samples pooled in tube labeled 20230818_NW_Sarkis_Shotgun","/shares/CIBIO-Storage/CM/scratch/data/meta/CM_Matheus_ASO/nR308-L4-G3-P270-ATTCCATAAG-CCACCAGGCA-READ1-Sequences.fastq.gz;/shares/CIBIO-Storage/CM/scratch/data/meta/CM_Matheus_ASO/nR308-L4-G3-P270-ATTCCATAAG-CCACCAGGCA-READ2-Sequences.fastq.gz",NA,NA,NA,NA,NA,NA,NA
"MazmanianS_DeCastroFonsecaM_5","ASO_5mo_5","P271","Parkinson Disease","NCIT:C26845","feces","UBERON:0001988","Mus musculus","NCBITaxon:10090","Case","NCIT:C49152",NA,NA,NA,NA,NA,NA,NA,NA,NA,"Kaelyn Long",NA,NA,NA,NA,NA,NA,NA,NA,NA,NA,NA,NA,NA,NA,NA,NA,NA,NA,NA,NA,NA,NA,NA,NA,NA,NA,NA,NA,NA,NA,NA,NA,"58296f8f-cc59-4703-bccd-f57afff7f0ad",NA,NA,NA,NA,NA,NA,NA,NA,NA,NA,NA,NA,NA,NA,"ASO_5mo_5","9.86","50","523","20","Set A; E1; UDP0005","GACGAGATTA","ACATTATCCT","P271","DNA Shotgun","Illumina DNA Prep","Mice stool","Samples pooled in tube labeled 20230818_NW_Sarkis_Shotgun","/shares/CIBIO-Storage/CM/scratch/data/meta/CM_Matheus_ASO/nR308-L4-G3-P271-GACGAGATTA-AGGATAATGT-READ1-Sequences.fastq.gz;/shares/CIBIO-Storage/CM/scratch/data/meta/CM_Matheus_ASO/nR308-L4-G3-P271-GACGAGATTA-AGGATAATGT-READ2-Sequences.fastq.gz",NA,NA,NA,NA,NA,NA,NA
"MazmanianS_DeCastroFonsecaM_5","ASO_5mo_6","P272","Parkinson Disease","NCIT:C26845","feces","UBERON:0001988","Mus musculus","NCBITaxon:10090","Case","NCIT:C49152",NA,NA,NA,NA,NA,NA,NA,NA,NA,"Kaelyn Long",NA,NA,NA,NA,NA,NA,NA,NA,NA,NA,NA,NA,NA,NA,NA,NA,NA,NA,NA,NA,NA,NA,NA,NA,NA,NA,NA,NA,NA,NA,NA,NA,"56e89e3f-7a54-4cb6-9efa-1a3e45e6221d",NA,NA,NA,NA,NA,NA,NA,NA,NA,NA,NA,NA,NA,NA,"ASO_5mo_6","9.86","50","523","20","Set A; F1; UDP0006","AACATCGCGC","GTCCACTTGT","P272","DNA Shotgun","Illumina DNA Prep","Mice stool","Samples pooled in tube labeled 20230818_NW_Sarkis_Shotgun","/shares/CIBIO-Storage/CM/scratch/data/meta/CM_Matheus_ASO/nR308-L4-G3-P272-AACATCGCGC-ACAAGTGGAC-READ1-Sequences.fastq.gz;/shares/CIBIO-Storage/CM/scratch/data/meta/CM_Matheus_ASO/nR308-L4-G3-P272-AACATCGCGC-ACAAGTGGAC-READ2-Sequences.fastq.gz",NA,NA,NA,NA,NA,NA,NA
"MazmanianS_DeCastroFonsecaM_5","ASO_5mo_7","P273","Parkinson Disease","NCIT:C26845","feces","UBERON:0001988","Mus musculus","NCBITaxon:10090","Case","NCIT:C49152",NA,NA,NA,NA,NA,NA,NA,NA,NA,"Kaelyn Long",NA,NA,NA,NA,NA,NA,NA,NA,NA,NA,NA,NA,NA,NA,NA,NA,NA,NA,NA,NA,NA,NA,NA,NA,NA,NA,NA,NA,NA,NA,NA,NA,"28f0142a-0434-4a3b-8a01-9199672ad601",NA,NA,NA,NA,NA,NA,NA,NA,NA,NA,NA,NA,NA,NA,"ASO_5mo_7","9.86","50","523","20","Set A; G1; UDP0007","CTAGTGCTCT","TGGAACAGTA","P273","DNA Shotgun","Illumina DNA Prep","Mice stool","Samples pooled in tube labeled 20230818_NW_Sarkis_Shotgun","/shares/CIBIO-Storage/CM/scratch/data/meta/CM_Matheus_ASO/nR308-L4-G3-P273-CTAGTGCTCT-TACTGTTCCA-READ1-Sequences.fastq.gz;/shares/CIBIO-Storage/CM/scratch/data/meta/CM_Matheus_ASO/nR308-L4-G3-P273-CTAGTGCTCT-TACTGTTCCA-READ2-Sequences.fastq.gz",NA,NA,NA,NA,NA,NA,NA
"MazmanianS_DeCastroFonsecaM_5","ASO_5mo_8","P274","Parkinson Disease","NCIT:C26845","feces","UBERON:0001988","Mus musculus","NCBITaxon:10090","Case","NCIT:C49152",NA,NA,NA,NA,NA,NA,NA,NA,NA,"Kaelyn Long",NA,NA,NA,NA,NA,NA,NA,NA,NA,NA,NA,NA,NA,NA,NA,NA,NA,NA,NA,NA,NA,NA,NA,NA,NA,NA,NA,NA,NA,NA,NA,NA,"528eb812-5899-45b0-ab47-c40efa22c7b7",NA,NA,NA,NA,NA,NA,NA,NA,NA,NA,NA,NA,NA,NA,"ASO_5mo_8","9.86","50","523","20","Set A; H1; UDP0008","GATCAAGGCA","CCTTGTTAAT","P274","DNA Shotgun","Illumina DNA Prep","Mice stool","Samples pooled in tube labeled 20230818_NW_Sarkis_Shotgun","/shares/CIBIO-Storage/CM/scratch/data/meta/CM_Matheus_ASO/nR308-L4-G3-P274-GATCAAGGCA-ATTAACAAGG-READ1-Sequences.fastq.gz;/shares/CIBIO-Storage/CM/scratch/data/meta/CM_Matheus_ASO/nR308-L4-G3-P274-GATCAAGGCA-ATTAACAAGG-READ2-Sequences.fastq.gz",NA,NA,NA,NA,NA,NA,NA
"MazmanianS_DeCastroFonsecaM_5","ASO_5mo_9","P275","Parkinson Disease","NCIT:C26845","feces","UBERON:0001988","Mus musculus","NCBITaxon:10090","Case","NCIT:C49152",NA,NA,NA,NA,NA,NA,NA,NA,NA,"Kaelyn Long",NA,NA,NA,NA,NA,NA,NA,NA,NA,NA,NA,NA,NA,NA,NA,NA,NA,NA,NA,NA,NA,NA,NA,NA,NA,NA,NA,NA,NA,NA,NA,NA,"b38488f3-ad61-43a3-99d5-980815464046",NA,NA,NA,NA,NA,NA,NA,NA,NA,NA,NA,NA,NA,NA,"ASO_5mo_9","9.86","50","523","20","Set A; A2; UDP0009","GACTGAGTAG","GTTGATAGTG","P275","DNA Shotgun","Illumina DNA Prep","Mice stool","Samples pooled in tube labeled 20230818_NW_Sarkis_Shotgun","/shares/CIBIO-Storage/CM/scratch/data/meta/CM_Matheus_ASO/nR308-L4-G3-P275-GACTGAGTAG-CACTATCAAC-READ1-Sequences.fastq.gz;/shares/CIBIO-Storage/CM/scratch/data/meta/CM_Matheus_ASO/nR308-L4-G3-P275-GACTGAGTAG-CACTATCAAC-READ2-Sequences.fastq.gz",NA,NA,NA,NA,NA,NA,NA
"MazmanianS_DeCastroFonsecaM_5","ASO_5mo_10","P276","Parkinson Disease","NCIT:C26845","feces","UBERON:0001988","Mus musculus","NCBITaxon:10090","Case","NCIT:C49152",NA,NA,NA,NA,NA,NA,NA,NA,NA,"Kaelyn Long",NA,NA,NA,NA,NA,NA,NA,NA,NA,NA,NA,NA,NA,NA,NA,NA,NA,NA,NA,NA,NA,NA,NA,NA,NA,NA,NA,NA,NA,NA,NA,NA,"38b30301-744e-4dc8-af45-f381a3fda6a2",NA,NA,NA,NA,NA,NA,NA,NA,NA,NA,NA,NA,NA,NA,"ASO_5mo_10","9.86","50","523","20","Set A; B2; UDP0010","AGTCAGACGA","ACCAGCGACA","P276","DNA Shotgun","Illumina DNA Prep","Mice stool","Samples pooled in tube labeled 20230818_NW_Sarkis_Shotgun","/shares/CIBIO-Storage/CM/scratch/data/meta/CM_Matheus_ASO/nR308-L4-G3-P276-AGTCAGACGA-TGTCGCTGGT-READ1-Sequences.fastq.gz;/shares/CIBIO-Storage/CM/scratch/data/meta/CM_Matheus_ASO/nR308-L4-G3-P276-AGTCAGACGA-TGTCGCTGGT-READ2-Sequences.fastq.gz",NA,NA,NA,NA,NA,NA,NA
"MazmanianS_DeCastroFonsecaM_5","WT_12mo_1","P277","Parkinson Disease","NCIT:C26845","feces","UBERON:0001988","Mus musculus","NCBITaxon:10090","Study Control","NCIT:C142703",NA,NA,NA,NA,NA,NA,NA,NA,NA,"Kaelyn Long",NA,NA,NA,NA,NA,NA,NA,NA,NA,NA,NA,NA,NA,NA,NA,NA,NA,NA,NA,NA,NA,NA,NA,NA,NA,NA,NA,NA,NA,NA,NA,NA,"78550dee-6b6c-4fd2-bf73-3f435cb913f8",NA,NA,NA,NA,NA,NA,NA,NA,NA,NA,NA,NA,NA,NA,"WT_12mo_1","9.86","50","523","20","Set A; C2; UDP0011","CCGTATGTTC","CATACACTGT","P277","DNA Shotgun","Illumina DNA Prep","Mice stool","Samples pooled in tube labeled 20230818_NW_Sarkis_Shotgun","/shares/CIBIO-Storage/CM/scratch/data/meta/CM_Matheus_ASO/nR308-L4-G3-P277-CCGTATGTTC-ACAGTGTATG-READ1-Sequences.fastq.gz;/shares/CIBIO-Storage/CM/scratch/data/meta/CM_Matheus_ASO/nR308-L4-G3-P277-CCGTATGTTC-ACAGTGTATG-READ2-Sequences.fastq.gz",NA,NA,NA,NA,NA,NA,NA
"MazmanianS_DeCastroFonsecaM_5","WT_12mo_2","P278","Parkinson Disease","NCIT:C26845","feces","UBERON:0001988","Mus musculus","NCBITaxon:10090","Study Control","NCIT:C142703",NA,NA,NA,NA,NA,NA,NA,NA,NA,"Kaelyn Long",NA,NA,NA,NA,NA,NA,NA,NA,NA,NA,NA,NA,NA,NA,NA,NA,NA,NA,NA,NA,NA,NA,NA,NA,NA,NA,NA,NA,NA,NA,NA,NA,"87095a40-28c5-4d20-a764-490e4a6f4fa0",NA,NA,NA,NA,NA,NA,NA,NA,NA,NA,NA,NA,NA,NA,"WT_12mo_2","9.86","50","523","20","Set A; D2; UDP0012","GAGTCATAGG","GTGTGGCGCT","P278","DNA Shotgun","Illumina DNA Prep","Mice stool","Samples pooled in tube labeled 20230818_NW_Sarkis_Shotgun","/shares/CIBIO-Storage/CM/scratch/data/meta/CM_Matheus_ASO/nR308-L4-G3-P278-GAGTCATAGG-AGCGCCACAC-READ1-Sequences.fastq.gz;/shares/CIBIO-Storage/CM/scratch/data/meta/CM_Matheus_ASO/nR308-L4-G3-P278-GAGTCATAGG-AGCGCCACAC-READ2-Sequences.fastq.gz",NA,NA,NA,NA,NA,NA,NA
"MazmanianS_DeCastroFonsecaM_5","WT_12mo_3","P279","Parkinson Disease","NCIT:C26845","feces","UBERON:0001988","Mus musculus","NCBITaxon:10090","Study Control","NCIT:C142703",NA,NA,NA,NA,NA,NA,NA,NA,NA,"Kaelyn Long",NA,NA,NA,NA,NA,NA,NA,NA,NA,NA,NA,NA,NA,NA,NA,NA,NA,NA,NA,NA,NA,NA,NA,NA,NA,NA,NA,NA,NA,NA,NA,NA,"6d0fcec4-a829-49f3-9704-85a1aaab7d49",NA,NA,NA,NA,NA,NA,NA,NA,NA,NA,NA,NA,NA,NA,"WT_12mo_3","9.86","50","523","20","Set A; E2; UDP0013","CTTGCCATTA","ATCACGAAGG","P279","DNA Shotgun","Illumina DNA Prep","Mice stool","Samples pooled in tube labeled 20230818_NW_Sarkis_Shotgun","/shares/CIBIO-Storage/CM/scratch/data/meta/CM_Matheus_ASO/nR308-L4-G3-P279-CTTGCCATTA-CCTTCGTGAT-READ1-Sequences.fastq.gz;/shares/CIBIO-Storage/CM/scratch/data/meta/CM_Matheus_ASO/nR308-L4-G3-P279-CTTGCCATTA-CCTTCGTGAT-READ2-Sequences.fastq.gz",NA,NA,NA,NA,NA,NA,NA
"MazmanianS_DeCastroFonsecaM_5","WT_12mo_4","P280","Parkinson Disease","NCIT:C26845","feces","UBERON:0001988","Mus musculus","NCBITaxon:10090","Study Control","NCIT:C142703",NA,NA,NA,NA,NA,NA,NA,NA,NA,"Kaelyn Long",NA,NA,NA,NA,NA,NA,NA,NA,NA,NA,NA,NA,NA,NA,NA,NA,NA,NA,NA,NA,NA,NA,NA,NA,NA,NA,NA,NA,NA,NA,NA,NA,"3af7a5a2-40ce-4dbc-81f5-56746c891392",NA,NA,NA,NA,NA,NA,NA,NA,NA,NA,NA,NA,NA,NA,"WT_12mo_4","9.86","50","523","20","Set A; F2; UDP0014","GAAGCGGCAC","CGGCTCTACT","P280","DNA Shotgun","Illumina DNA Prep","Mice stool","Samples pooled in tube labeled 20230818_NW_Sarkis_Shotgun","/shares/CIBIO-Storage/CM/scratch/data/meta/CM_Matheus_ASO/nR308-L4-G3-P280-GAAGCGGCAC-AGTAGAGCCG-READ1-Sequences.fastq.gz;/shares/CIBIO-Storage/CM/scratch/data/meta/CM_Matheus_ASO/nR308-L4-G3-P280-GAAGCGGCAC-AGTAGAGCCG-READ2-Sequences.fastq.gz",NA,NA,NA,NA,NA,NA,NA
"MazmanianS_DeCastroFonsecaM_5","WT_12mo_5","P281","Parkinson Disease","NCIT:C26845","feces","UBERON:0001988","Mus musculus","NCBITaxon:10090","Study Control","NCIT:C142703",NA,NA,NA,NA,NA,NA,NA,NA,NA,"Kaelyn Long",NA,NA,NA,NA,NA,NA,NA,NA,NA,NA,NA,NA,NA,NA,NA,NA,NA,NA,NA,NA,NA,NA,NA,NA,NA,NA,NA,NA,NA,NA,NA,NA,"ebe2a1e7-eb6f-4c1e-bfac-b2cd72730bd5",NA,NA,NA,NA,NA,NA,NA,NA,NA,NA,NA,NA,NA,NA,"WT_12mo_5","9.86","50","523","20","Set A; G2; UDP0015","TCCATTGCCG","GAATGCACGA","P281","DNA Shotgun","Illumina DNA Prep","Mice stool","Samples pooled in tube labeled 20230818_NW_Sarkis_Shotgun","/shares/CIBIO-Storage/CM/scratch/data/meta/CM_Matheus_ASO/nR308-L4-G3-P281-TCCATTGCCG-TCGTGCATTC-READ1-Sequences.fastq.gz;/shares/CIBIO-Storage/CM/scratch/data/meta/CM_Matheus_ASO/nR308-L4-G3-P281-TCCATTGCCG-TCGTGCATTC-READ2-Sequences.fastq.gz",NA,NA,NA,NA,NA,NA,NA
"MazmanianS_DeCastroFonsecaM_5","WT_12mo_6","P282","Parkinson Disease","NCIT:C26845","feces","UBERON:0001988","Mus musculus","NCBITaxon:10090","Study Control","NCIT:C142703",NA,NA,NA,NA,NA,NA,NA,NA,NA,"Kaelyn Long",NA,NA,NA,NA,NA,NA,NA,NA,NA,NA,NA,NA,NA,NA,NA,NA,NA,NA,NA,NA,NA,NA,NA,NA,NA,NA,NA,NA,NA,NA,NA,NA,"ab9622fa-f701-4fb0-9704-ec46c071d8a7",NA,NA,NA,NA,NA,NA,NA,NA,NA,NA,NA,NA,NA,NA,"WT_12mo_6","9.86","50","523","20","Set A; H2; UDP0016","CGGTTACGGC","AAGACTATAG","P282","DNA Shotgun","Illumina DNA Prep","Mice stool","Samples pooled in tube labeled 20230818_NW_Sarkis_Shotgun","/shares/CIBIO-Storage/CM/scratch/data/meta/CM_Matheus_ASO/nR308-L4-G3-P282-CGGTTACGGC-CTATAGTCTT-READ1-Sequences.fastq.gz;/shares/CIBIO-Storage/CM/scratch/data/meta/CM_Matheus_ASO/nR308-L4-G3-P282-CGGTTACGGC-CTATAGTCTT-READ2-Sequences.fastq.gz",NA,NA,NA,NA,NA,NA,NA
"MazmanianS_DeCastroFonsecaM_5","WT_12mo_7","P283","Parkinson Disease","NCIT:C26845","feces","UBERON:0001988","Mus musculus","NCBITaxon:10090","Study Control","NCIT:C142703",NA,NA,NA,NA,NA,NA,NA,NA,NA,"Kaelyn Long",NA,NA,NA,NA,NA,NA,NA,NA,NA,NA,NA,NA,NA,NA,NA,NA,NA,NA,NA,NA,NA,NA,NA,NA,NA,NA,NA,NA,NA,NA,NA,NA,"86057d76-c775-4500-89ea-aef25f7c4372",NA,NA,NA,NA,NA,NA,NA,NA,NA,NA,NA,NA,NA,NA,"WT_12mo_7","9.86","50","523","20","Set A; B3; UDP0018","AGAGGCAACC","CTAATGATGG","P283","DNA Shotgun","Illumina DNA Prep","Mice stool","Samples pooled in tube labeled 20230818_NW_Sarkis_Shotgun","/shares/CIBIO-Storage/CM/scratch/data/meta/CM_Matheus_ASO/nR308-L4-G3-P283-AGAGGCAACC-CCATCATTAG-READ1-Sequences.fastq.gz;/shares/CIBIO-Storage/CM/scratch/data/meta/CM_Matheus_ASO/nR308-L4-G3-P283-AGAGGCAACC-CCATCATTAG-READ2-Sequences.fastq.gz",NA,NA,NA,NA,NA,NA,NA
"MazmanianS_DeCastroFonsecaM_5","WT_12mo_8","P284","Parkinson Disease","NCIT:C26845","feces","UBERON:0001988","Mus musculus","NCBITaxon:10090","Study Control","NCIT:C142703",NA,NA,NA,NA,NA,NA,NA,NA,NA,"Kaelyn Long",NA,NA,NA,NA,NA,NA,NA,NA,NA,NA,NA,NA,NA,NA,NA,NA,NA,NA,NA,NA,NA,NA,NA,NA,NA,NA,NA,NA,NA,NA,NA,NA,"4a82e087-a8bd-4d6f-aee7-b54cdb9011f6",NA,NA,NA,NA,NA,NA,NA,NA,NA,NA,NA,NA,NA,NA,"WT_12mo_8","9.86","50","523","20","Set A; C3; UDP0019","CCATCATTAG","GGTTGCCTCT","P284","DNA Shotgun","Illumina DNA Prep","Mice stool","Samples pooled in tube labeled 20230818_NW_Sarkis_Shotgun","/shares/CIBIO-Storage/CM/scratch/data/meta/CM_Matheus_ASO/nR308-L4-G3-P284-CCATCATTAG-AGAGGCAACC-READ1-Sequences.fastq.gz;/shares/CIBIO-Storage/CM/scratch/data/meta/CM_Matheus_ASO/nR308-L4-G3-P284-CCATCATTAG-AGAGGCAACC-READ2-Sequences.fastq.gz",NA,NA,NA,NA,NA,NA,NA
"MazmanianS_DeCastroFonsecaM_5","WT_12mo_9","P285","Parkinson Disease","NCIT:C26845","feces","UBERON:0001988","Mus musculus","NCBITaxon:10090","Study Control","NCIT:C142703",NA,NA,NA,NA,NA,NA,NA,NA,NA,"Kaelyn Long",NA,NA,NA,NA,NA,NA,NA,NA,NA,NA,NA,NA,NA,NA,NA,NA,NA,NA,NA,NA,NA,NA,NA,NA,NA,NA,NA,NA,NA,NA,NA,NA,"70f83e64-3fe2-4880-8a36-d19b634ee6ab",NA,NA,NA,NA,NA,NA,NA,NA,NA,NA,NA,NA,NA,NA,"WT_12mo_9","9.86","50","523","20","Set A; D3; UDP0020","GATAGGCCGA","CGCACATGGC","P285","DNA Shotgun","Illumina DNA Prep","Mice stool","Samples pooled in tube labeled 20230818_NW_Sarkis_Shotgun","/shares/CIBIO-Storage/CM/scratch/data/meta/CM_Matheus_ASO/nR308-L4-G3-P285-GATAGGCCGA-GCCATGTGCG-READ1-Sequences.fastq.gz;/shares/CIBIO-Storage/CM/scratch/data/meta/CM_Matheus_ASO/nR308-L4-G3-P285-GATAGGCCGA-GCCATGTGCG-READ2-Sequences.fastq.gz",NA,NA,NA,NA,NA,NA,NA
"MazmanianS_DeCastroFonsecaM_5","WT_12mo_10","P286","Parkinson Disease","NCIT:C26845","feces","UBERON:0001988","Mus musculus","NCBITaxon:10090","Study Control","NCIT:C142703",NA,NA,NA,NA,NA,NA,NA,NA,NA,"Kaelyn Long",NA,NA,NA,NA,NA,NA,NA,NA,NA,NA,NA,NA,NA,NA,NA,NA,NA,NA,NA,NA,NA,NA,NA,NA,NA,NA,NA,NA,NA,NA,NA,NA,"3f3b14ee-348e-4ce4-bfce-9033564e2cc7",NA,NA,NA,NA,NA,NA,NA,NA,NA,NA,NA,NA,NA,NA,"WT_12mo_10","9.86","50","523","20","Set A; E3; UDP0021","ATGGTTGACT","GGCCTGTCCT","P286","DNA Shotgun","Illumina DNA Prep","Mice stool","Samples pooled in tube labeled 20230818_NW_Sarkis_Shotgun","/shares/CIBIO-Storage/CM/scratch/data/meta/CM_Matheus_ASO/nR308-L4-G3-P286-ATGGTTGACT-AGGACAGGCC-READ1-Sequences.fastq.gz;/shares/CIBIO-Storage/CM/scratch/data/meta/CM_Matheus_ASO/nR308-L4-G3-P286-ATGGTTGACT-AGGACAGGCC-READ2-Sequences.fastq.gz",NA,NA,NA,NA,NA,NA,NA
"MazmanianS_DeCastroFonsecaM_5","ASOaFMT_1","Caltech_0084","Parkinson Disease","NCIT:C26845","feces","UBERON:0001988","Mus musculus","NCBITaxon:10090",NA,NA,NA,NA,NA,NA,NA,NA,NA,NA,NA,"Kaelyn Long",NA,NA,NA,NA,NA,NA,NA,NA,NA,NA,NA,NA,NA,NA,NA,NA,NA,NA,NA,NA,NA,NA,NA,NA,NA,NA,NA,NA,NA,NA,NA,NA,"fe578ef4-d87b-4e3a-b295-eaf5478f07be",NA,NA,NA,NA,NA,NA,NA,NA,NA,NA,NA,NA,NA,NA,NA,NA,NA,NA,NA,NA,NA,NA,NA,NA,NA,NA,NA,"/shares/CIBIO-Storage/CM/scratch/data/meta/CM_Matheus_ASO/Caltech_0084_1_UN_Whole_C1_NFWGS_A37847_22WCLFLT4_CACACAGTAT_L008_R1_001.fastq.gz;/shares/CIBIO-Storage/CM/scratch/data/meta/CM_Matheus_ASO/Caltech_0084_1_UN_Whole_C1_NFWGS_A37847_22WCLFLT4_CACACAGTAT_L008_R2_001.fastq.gz","Caltech_0084","A37847","ASOaFMT_1","ASOaFMT_1","CACACAGTAT","TTAGGCTCAA","22WCLFLT4"
"MazmanianS_DeCastroFonsecaM_5","ASOaFMT_2","Caltech_0085","Parkinson Disease","NCIT:C26845","feces","UBERON:0001988","Mus musculus","NCBITaxon:10090",NA,NA,NA,NA,NA,NA,NA,NA,NA,NA,NA,"Kaelyn Long",NA,NA,NA,NA,NA,NA,NA,NA,NA,NA,NA,NA,NA,NA,NA,NA,NA,NA,NA,NA,NA,NA,NA,NA,NA,NA,NA,NA,NA,NA,NA,NA,"07248d77-a19a-4e38-a478-7f5444256553",NA,NA,NA,NA,NA,NA,NA,NA,NA,NA,NA,NA,NA,NA,NA,NA,NA,NA,NA,NA,NA,NA,NA,NA,NA,NA,NA,"/shares/CIBIO-Storage/CM/scratch/data/meta/CM_Matheus_ASO/Caltech_0085_1_UN_Whole_C1_NFWGS_A37848_22WCLFLT4_TCTTGTCGGC_L008_R1_001.fastq.gz;/shares/CIBIO-Storage/CM/scratch/data/meta/CM_Matheus_ASO/Caltech_0085_1_UN_Whole_C1_NFWGS_A37848_22WCLFLT4_TCTTGTCGGC_L008_R2_001.fastq.gz","Caltech_0085","A37848","ASOaFMT_2","ASOaFMT_2","TCTTGTCGGC","ACACAGGTGG","22WCLFLT4"
"MazmanianS_DeCastroFonsecaM_5","ASOaFMT_3","Caltech_0086","Parkinson Disease","NCIT:C26845","feces","UBERON:0001988","Mus musculus","NCBITaxon:10090",NA,NA,NA,NA,NA,NA,NA,NA,NA,NA,NA,"Kaelyn Long",NA,NA,NA,NA,NA,NA,NA,NA,NA,NA,NA,NA,NA,NA,NA,NA,NA,NA,NA,NA,NA,NA,NA,NA,NA,NA,NA,NA,NA,NA,NA,NA,"1e0d35f8-fc71-47ff-ad54-5ff6010af23e",NA,NA,NA,NA,NA,NA,NA,NA,NA,NA,NA,NA,NA,NA,NA,NA,NA,NA,NA,NA,NA,NA,NA,NA,NA,NA,NA,"/shares/CIBIO-Storage/CM/scratch/data/meta/CM_Matheus_ASO/Caltech_0086_1_UN_Whole_C1_NFWGS_A37849_22WCLFLT4_TACCGCCTCG_L008_R1_001.fastq.gz;/shares/CIBIO-Storage/CM/scratch/data/meta/CM_Matheus_ASO/Caltech_0086_1_UN_Whole_C1_NFWGS_A37849_22WCLFLT4_TACCGCCTCG_L008_R2_001.fastq.gz","Caltech_0086","A37849","ASOaFMT_3","ASOaFMT_3","TACCGCCTCG","GGTTGCGAGG","22WCLFLT4"
"MazmanianS_DeCastroFonsecaM_5","ASOaFMT_4","Caltech_0087","Parkinson Disease","NCIT:C26845","feces","UBERON:0001988","Mus musculus","NCBITaxon:10090",NA,NA,NA,NA,NA,NA,NA,NA,NA,NA,NA,"Kaelyn Long",NA,NA,NA,NA,NA,NA,NA,NA,NA,NA,NA,NA,NA,NA,NA,NA,NA,NA,NA,NA,NA,NA,NA,NA,NA,NA,NA,NA,NA,NA,NA,NA,"764ffcf0-256d-4d4d-816e-9dec39deb392",NA,NA,NA,NA,NA,NA,NA,NA,NA,NA,NA,NA,NA,NA,NA,NA,NA,NA,NA,NA,NA,NA,NA,NA,NA,NA,NA,"/shares/CIBIO-Storage/CM/scratch/data/meta/CM_Matheus_ASO/Caltech_0087_1_UN_Whole_C1_NFWGS_A37850_22WCLFLT4_CTGTTATATC_L008_R1_001.fastq.gz;/shares/CIBIO-Storage/CM/scratch/data/meta/CM_Matheus_ASO/Caltech_0087_1_UN_Whole_C1_NFWGS_A37850_22WCLFLT4_CTGTTATATC_L008_R2_001.fastq.gz","Caltech_0087","A37850","ASOaFMT_4","ASOaFMT_4","CTGTTATATC","ACAGCTATAC","22WCLFLT4"
"MazmanianS_DeCastroFonsecaM_5","ASOaFMT_5","Caltech_0088","Parkinson Disease","NCIT:C26845","feces","UBERON:0001988","Mus musculus","NCBITaxon:10090",NA,NA,NA,NA,NA,NA,NA,NA,NA,NA,NA,"Kaelyn Long",NA,NA,NA,NA,NA,NA,NA,NA,NA,NA,NA,NA,NA,NA,NA,NA,NA,NA,NA,NA,NA,NA,NA,NA,NA,NA,NA,NA,NA,NA,NA,NA,"dec1dd17-0e3b-41c8-afcb-ef76034d0ede",NA,NA,NA,NA,NA,NA,NA,NA,NA,NA,NA,NA,NA,NA,NA,NA,NA,NA,NA,NA,NA,NA,NA,NA,NA,NA,NA,"/shares/CIBIO-Storage/CM/scratch/data/meta/CM_Matheus_ASO/Caltech_0088_1_UN_Whole_C1_NFWGS_A37851_22WCLFLT4_TAACCGGCGA_L008_R1_001.fastq.gz;/shares/CIBIO-Storage/CM/scratch/data/meta/CM_Matheus_ASO/Caltech_0088_1_UN_Whole_C1_NFWGS_A37851_22WCLFLT4_TAACCGGCGA_L008_R2_001.fastq.gz","Caltech_0088","A37851","ASOaFMT_5","ASOaFMT_5","TAACCGGCGA","CTAATGTAGC","22WCLFLT4"
"MazmanianS_DeCastroFonsecaM_5","ASOaFMT_6","Caltech_0089","Parkinson Disease","NCIT:C26845","feces","UBERON:0001988","Mus musculus","NCBITaxon:10090",NA,NA,NA,NA,NA,NA,NA,NA,NA,NA,NA,"Kaelyn Long",NA,NA,NA,NA,NA,NA,NA,NA,NA,NA,NA,NA,NA,NA,NA,NA,NA,NA,NA,NA,NA,NA,NA,NA,NA,NA,NA,NA,NA,NA,NA,NA,"31c39f82-edc3-4d50-a3ff-fffb4501a787",NA,NA,NA,NA,NA,NA,NA,NA,NA,NA,NA,NA,NA,NA,NA,NA,NA,NA,NA,NA,NA,NA,NA,NA,NA,NA,NA,"/shares/CIBIO-Storage/CM/scratch/data/meta/CM_Matheus_ASO/Caltech_0089_1_UN_Whole_C1_NFWGS_A37852_22WCLFLT4_AAGAGAGTCT_L008_R1_001.fastq.gz;/shares/CIBIO-Storage/CM/scratch/data/meta/CM_Matheus_ASO/Caltech_0089_1_UN_Whole_C1_NFWGS_A37852_22WCLFLT4_AAGAGAGTCT_L008_R2_001.fastq.gz","Caltech_0089","A37852","ASOaFMT_6","ASOaFMT_6","AAGAGAGTCT","AAGATTCGTA","22WCLFLT4"
"MazmanianS_DeCastroFonsecaM_5","ASOaFMT_7","Caltech_0090","Parkinson Disease","NCIT:C26845","feces","UBERON:0001988","Mus musculus","NCBITaxon:10090",NA,NA,NA,NA,NA,NA,NA,NA,NA,NA,NA,"Kaelyn Long",NA,NA,NA,NA,NA,NA,NA,NA,NA,NA,NA,NA,NA,NA,NA,NA,NA,NA,NA,NA,NA,NA,NA,NA,NA,NA,NA,NA,NA,NA,NA,NA,"3d4ff822-01ac-468a-8909-0852029b9b55",NA,NA,NA,NA,NA,NA,NA,NA,NA,NA,NA,NA,NA,NA,NA,NA,NA,NA,NA,NA,NA,NA,NA,NA,NA,NA,NA,"/shares/CIBIO-Storage/CM/scratch/data/meta/CM_Matheus_ASO/Caltech_0090_1_UN_Whole_C1_NFWGS_A37853_22WCLFLT4_GTAGGCGAGC_L008_R1_001.fastq.gz;/shares/CIBIO-Storage/CM/scratch/data/meta/CM_Matheus_ASO/Caltech_0090_1_UN_Whole_C1_NFWGS_A37853_22WCLFLT4_GTAGGCGAGC_L008_R2_001.fastq.gz","Caltech_0090","A37853","ASOaFMT_7","ASOaFMT_7","GTAGGCGAGC","TGCGCTCCTA","22WCLFLT4"
"MazmanianS_DeCastroFonsecaM_5","ASOaFMT_8","Caltech_0091","Parkinson Disease","NCIT:C26845","feces","UBERON:0001988","Mus musculus","NCBITaxon:10090",NA,NA,NA,NA,NA,NA,NA,NA,NA,NA,NA,"Kaelyn Long",NA,NA,NA,NA,NA,NA,NA,NA,NA,NA,NA,NA,NA,NA,NA,NA,NA,NA,NA,NA,NA,NA,NA,NA,NA,NA,NA,NA,NA,NA,NA,NA,"4afb402e-c54c-4c29-9d9e-d5e3c660ae7b",NA,NA,NA,NA,NA,NA,NA,NA,NA,NA,NA,NA,NA,NA,NA,NA,NA,NA,NA,NA,NA,NA,NA,NA,NA,NA,NA,"/shares/CIBIO-Storage/CM/scratch/data/meta/CM_Matheus_ASO/Caltech_0091_1_UN_Whole_C1_NFWGS_A37854_22WCLFLT4_AACTTATCCT_L008_R1_001.fastq.gz;/shares/CIBIO-Storage/CM/scratch/data/meta/CM_Matheus_ASO/Caltech_0091_1_UN_Whole_C1_NFWGS_A37854_22WCLFLT4_AACTTATCCT_L008_R2_001.fastq.gz","Caltech_0091","A37854","ASOaFMT_8","ASOaFMT_8","AACTTATCCT","ACGCCAGTAC","22WCLFLT4"
"MazmanianS_DeCastroFonsecaM_5","ASOaFMT_9","Caltech_0092","Parkinson Disease","NCIT:C26845","feces","UBERON:0001988","Mus musculus","NCBITaxon:10090",NA,NA,NA,NA,NA,NA,NA,NA,NA,NA,NA,"Kaelyn Long",NA,NA,NA,NA,NA,NA,NA,NA,NA,NA,NA,NA,NA,NA,NA,NA,NA,NA,NA,NA,NA,NA,NA,NA,NA,NA,NA,NA,NA,NA,NA,NA,"bfb24662-4fbb-426a-a6dc-83cc83ff27ac",NA,NA,NA,NA,NA,NA,NA,NA,NA,NA,NA,NA,NA,NA,NA,NA,NA,NA,NA,NA,NA,NA,NA,NA,NA,NA,NA,"/shares/CIBIO-Storage/CM/scratch/data/meta/CM_Matheus_ASO/Caltech_0092_1_UN_Whole_C1_NFWGS_A37855_22WCLFLT4_ATTATGTCTC_L008_R1_001.fastq.gz;/shares/CIBIO-Storage/CM/scratch/data/meta/CM_Matheus_ASO/Caltech_0092_1_UN_Whole_C1_NFWGS_A37855_22WCLFLT4_ATTATGTCTC_L008_R2_001.fastq.gz","Caltech_0092","A37855","ASOaFMT_9","ASOaFMT_9","ATTATGTCTC","GCTCTTAACT","22WCLFLT4"
"MazmanianS_DeCastroFonsecaM_5","ASOaFMT_10","Caltech_0093","Parkinson Disease","NCIT:C26845","feces","UBERON:0001988","Mus musculus","NCBITaxon:10090",NA,NA,NA,NA,NA,NA,NA,NA,NA,NA,NA,"Kaelyn Long",NA,NA,NA,NA,NA,NA,NA,NA,NA,NA,NA,NA,NA,NA,NA,NA,NA,NA,NA,NA,NA,NA,NA,NA,NA,NA,NA,NA,NA,NA,NA,NA,"0ae04ca1-09ab-414c-91b3-a9d8d2fe7d23",NA,NA,NA,NA,NA,NA,NA,NA,NA,NA,NA,NA,NA,NA,NA,NA,NA,NA,NA,NA,NA,NA,NA,NA,NA,NA,NA,"/shares/CIBIO-Storage/CM/scratch/data/meta/CM_Matheus_ASO/Caltech_0093_1_UN_Whole_C1_NFWGS_A37856_22WCLFLT4_TATAACAGCT_L008_R1_001.fastq.gz;/shares/CIBIO-Storage/CM/scratch/data/meta/CM_Matheus_ASO/Caltech_0093_1_UN_Whole_C1_NFWGS_A37856_22WCLFLT4_TATAACAGCT_L008_R2_001.fastq.gz","Caltech_0093","A37856","ASOaFMT_10","ASOaFMT_10","TATAACAGCT","TTATACGCGA","22WCLFLT4"
